cidade;datetime;n_alertas;risco;regras;acao
Lisboa;05/09/25 01:00;0;NORMAL;;Sem ação necessária.
Lisboa;05/09/25 02:00;0;NORMAL;;Sem ação necessária.
Lisboa;05/09/25 03:00;0;NORMAL;;Sem ação necessária.
Lisboa;05/09/25 04:00;0;NORMAL;;Sem ação necessária.
Lisboa;05/09/25 05:00;0;NORMAL;;Sem ação necessária.
Lisboa;05/09/25 06:00;0;NORMAL;;Sem ação necessária.
Lisboa;05/09/25 07:00;0;NORMAL;;Sem ação necessária.
Lisboa;05/09/25 08:00;0;NORMAL;;Sem ação necessária.
Lisboa;05/09/25 09:00;0;NORMAL;;Sem ação necessária.
Lisboa;05/09/25 10:00;0;NORMAL;;Sem ação necessária.
Lisboa;05/09/25 11:00;0;NORMAL;;Sem ação necessária.
Lisboa;05/09/25 12:00;0;NORMAL;;Sem ação necessária.
Lisboa;05/09/25 13:00;0;NORMAL;;Sem ação necessária.
Lisboa;05/09/25 14:00;0;NORMAL;;Sem ação necessária.
Lisboa;05/09/25 15:00;0;NORMAL;;Sem ação necessária.
Lisboa;05/09/25 16:00;0;NORMAL;;Sem ação necessária.
Lisboa;05/09/25 17:00;0;NORMAL;;Sem ação necessária.
Lisboa;05/09/25 18:00;0;NORMAL;;Sem ação necessária.
Lisboa;05/09/25 19:00;0;NORMAL;;Sem ação necessária.
Lisboa;05/09/25 20:00;0;NORMAL;;Sem ação necessária.
Lisboa;05/09/25 21:00;0;NORMAL;;Sem ação necessária.
Lisboa;05/09/25 22:00;0;NORMAL;;Sem ação necessária.
Lisboa;05/09/25 23:00;0;NORMAL;;Sem ação necessária.
Lisboa;06/09/25 00:00;0;NORMAL;;Sem ação necessária.
Lisboa;06/09/25 01:00;0;NORMAL;;Sem ação necessária.
Lisboa;06/09/25 02:00;0;NORMAL;;Sem ação necessária.
Lisboa;06/09/25 03:00;0;NORMAL;;Sem ação necessária.
Lisboa;06/09/25 04:00;0;NORMAL;;Sem ação necessária.
Lisboa;06/09/25 05:00;0;NORMAL;;Sem ação necessária.
Lisboa;06/09/25 06:00;0;NORMAL;;Sem ação necessária.
Lisboa;06/09/25 07:00;0;NORMAL;;Sem ação necessária.
Lisboa;06/09/25 08:00;0;NORMAL;;Sem ação necessária.
Lisboa;06/09/25 09:00;0;NORMAL;;Sem ação necessária.
Lisboa;06/09/25 10:00;0;NORMAL;;Sem ação necessária.
Lisboa;06/09/25 11:00;0;NORMAL;;Sem ação necessária.
Lisboa;06/09/25 12:00;0;NORMAL;;Sem ação necessária.
Lisboa;06/09/25 13:00;0;NORMAL;;Sem ação necessária.
Lisboa;06/09/25 14:00;0;NORMAL;;Sem ação necessária.
Lisboa;06/09/25 15:00;0;NORMAL;;Sem ação necessária.
Lisboa;06/09/25 16:00;0;NORMAL;;Sem ação necessária.
Lisboa;06/09/25 17:00;0;NORMAL;;Sem ação necessária.
Lisboa;06/09/25 18:00;0;NORMAL;;Sem ação necessária.
Lisboa;06/09/25 19:00;0;NORMAL;;Sem ação necessária.
Lisboa;06/09/25 20:00;0;NORMAL;;Sem ação necessária.
Lisboa;06/09/25 21:00;0;NORMAL;;Sem ação necessária.
Lisboa;06/09/25 22:00;0;NORMAL;;Sem ação necessária.
Lisboa;06/09/25 23:00;0;NORMAL;;Sem ação necessária.
Lisboa;07/09/25 00:00;0;NORMAL;;Sem ação necessária.
Lisboa;07/09/25 01:00;0;NORMAL;;Sem ação necessária.
Lisboa;07/09/25 02:00;0;NORMAL;;Sem ação necessária.
Lisboa;07/09/25 03:00;0;NORMAL;;Sem ação necessária.
Lisboa;07/09/25 04:00;0;NORMAL;;Sem ação necessária.
Lisboa;07/09/25 05:00;0;NORMAL;;Sem ação necessária.
Lisboa;07/09/25 06:00;0;NORMAL;;Sem ação necessária.
Lisboa;07/09/25 07:00;0;NORMAL;;Sem ação necessária.
Lisboa;07/09/25 08:00;0;NORMAL;;Sem ação necessária.
Lisboa;07/09/25 09:00;0;NORMAL;;Sem ação necessária.
Lisboa;07/09/25 10:00;0;NORMAL;;Sem ação necessária.
Lisboa;07/09/25 11:00;0;NORMAL;;Sem ação necessária.
Lisboa;07/09/25 12:00;0;NORMAL;;Sem ação necessária.
Lisboa;07/09/25 13:00;0;NORMAL;;Sem ação necessária.
Lisboa;07/09/25 14:00;0;NORMAL;;Sem ação necessária.
Lisboa;07/09/25 15:00;0;NORMAL;;Sem ação necessária.
Lisboa;07/09/25 16:00;0;NORMAL;;Sem ação necessária.
Lisboa;07/09/25 17:00;0;NORMAL;;Sem ação necessária.
Lisboa;07/09/25 18:00;0;NORMAL;;Sem ação necessária.
Lisboa;07/09/25 19:00;0;NORMAL;;Sem ação necessária.
Lisboa;07/09/25 20:00;0;NORMAL;;Sem ação necessária.
Lisboa;07/09/25 21:00;0;NORMAL;;Sem ação necessária.
Lisboa;07/09/25 22:00;0;NORMAL;;Sem ação necessária.
Lisboa;07/09/25 23:00;0;NORMAL;;Sem ação necessária.
Lisboa;08/09/25 00:00;0;NORMAL;;Sem ação necessária.
Lisboa;08/09/25 01:00;0;NORMAL;;Sem ação necessária.
Lisboa;08/09/25 02:00;0;NORMAL;;Sem ação necessária.
Lisboa;08/09/25 03:00;0;NORMAL;;Sem ação necessária.
Lisboa;08/09/25 04:00;0;NORMAL;;Sem ação necessária.
Lisboa;08/09/25 05:00;0;NORMAL;;Sem ação necessária.
Lisboa;08/09/25 06:00;0;NORMAL;;Sem ação necessária.
Lisboa;08/09/25 07:00;0;NORMAL;;Sem ação necessária.
Lisboa;08/09/25 08:00;0;NORMAL;;Sem ação necessária.
Lisboa;08/09/25 09:00;0;NORMAL;;Sem ação necessária.
Lisboa;08/09/25 10:00;0;NORMAL;;Sem ação necessária.
Lisboa;08/09/25 11:00;0;NORMAL;;Sem ação necessária.
Lisboa;08/09/25 12:00;0;NORMAL;;Sem ação necessária.
Lisboa;08/09/25 13:00;0;NORMAL;;Sem ação necessária.
Lisboa;08/09/25 14:00;0;NORMAL;;Sem ação necessária.
Lisboa;08/09/25 15:00;0;NORMAL;;Sem ação necessária.
Lisboa;08/09/25 16:00;0;NORMAL;;Sem ação necessária.
Lisboa;08/09/25 17:00;0;NORMAL;;Sem ação necessária.
Lisboa;08/09/25 18:00;0;NORMAL;;Sem ação necessária.
Lisboa;08/09/25 19:00;0;NORMAL;;Sem ação necessária.
Lisboa;08/09/25 20:00;0;NORMAL;;Sem ação necessária.
Lisboa;08/09/25 21:00;0;NORMAL;;Sem ação necessária.
Lisboa;08/09/25 22:00;0;NORMAL;;Sem ação necessária.
Lisboa;08/09/25 23:00;0;NORMAL;;Sem ação necessária.
Lisboa;09/09/25 00:00;0;NORMAL;;Sem ação necessária.
Lisboa;09/09/25 01:00;0;NORMAL;;Sem ação necessária.
Lisboa;09/09/25 02:00;0;NORMAL;;Sem ação necessária.
Lisboa;09/09/25 03:00;0;NORMAL;;Sem ação necessária.
Lisboa;09/09/25 04:00;0;NORMAL;;Sem ação necessária.
Lisboa;09/09/25 05:00;0;NORMAL;;Sem ação necessária.
Lisboa;09/09/25 06:00;0;NORMAL;;Sem ação necessária.
Lisboa;09/09/25 07:00;0;NORMAL;;Sem ação necessária.
Lisboa;09/09/25 08:00;0;NORMAL;;Sem ação necessária.
Lisboa;09/09/25 09:00;0;NORMAL;;Sem ação necessária.
Lisboa;09/09/25 10:00;0;NORMAL;;Sem ação necessária.
Lisboa;09/09/25 11:00;0;NORMAL;;Sem ação necessária.
Lisboa;09/09/25 12:00;0;NORMAL;;Sem ação necessária.
Lisboa;09/09/25 13:00;0;NORMAL;;Sem ação necessária.
Lisboa;09/09/25 14:00;0;NORMAL;;Sem ação necessária.
Lisboa;09/09/25 15:00;0;NORMAL;;Sem ação necessária.
Lisboa;09/09/25 16:00;0;NORMAL;;Sem ação necessária.
Lisboa;09/09/25 17:00;0;NORMAL;;Sem ação necessária.
Lisboa;09/09/25 18:00;0;NORMAL;;Sem ação necessária.
Lisboa;09/09/25 19:00;0;NORMAL;;Sem ação necessária.
Lisboa;09/09/25 20:00;0;NORMAL;;Sem ação necessária.
Lisboa;09/09/25 21:00;0;NORMAL;;Sem ação necessária.
Lisboa;09/09/25 22:00;0;NORMAL;;Sem ação necessária.
Lisboa;09/09/25 23:00;0;NORMAL;;Sem ação necessária.
Lisboa;10/09/25 00:00;0;NORMAL;;Sem ação necessária.
Lisboa;10/09/25 01:00;0;NORMAL;;Sem ação necessária.
Lisboa;10/09/25 02:00;0;NORMAL;;Sem ação necessária.
Lisboa;10/09/25 03:00;0;NORMAL;;Sem ação necessária.
Lisboa;10/09/25 04:00;0;NORMAL;;Sem ação necessária.
Lisboa;10/09/25 05:00;0;NORMAL;;Sem ação necessária.
Lisboa;10/09/25 06:00;0;NORMAL;;Sem ação necessária.
Lisboa;10/09/25 07:00;0;NORMAL;;Sem ação necessária.
Lisboa;10/09/25 08:00;0;NORMAL;;Sem ação necessária.
Lisboa;10/09/25 09:00;0;NORMAL;;Sem ação necessária.
Lisboa;10/09/25 10:00;0;NORMAL;;Sem ação necessária.
Lisboa;10/09/25 11:00;0;NORMAL;;Sem ação necessária.
Lisboa;10/09/25 12:00;0;NORMAL;;Sem ação necessária.
Lisboa;10/09/25 13:00;0;NORMAL;;Sem ação necessária.
Lisboa;10/09/25 14:00;0;NORMAL;;Sem ação necessária.
Lisboa;10/09/25 15:00;0;NORMAL;;Sem ação necessária.
Lisboa;10/09/25 16:00;0;NORMAL;;Sem ação necessária.
Lisboa;10/09/25 17:00;0;NORMAL;;Sem ação necessária.
Lisboa;10/09/25 18:00;0;NORMAL;;Sem ação necessária.
Lisboa;10/09/25 19:00;0;NORMAL;;Sem ação necessária.
Lisboa;10/09/25 20:00;0;NORMAL;;Sem ação necessária.
Lisboa;10/09/25 21:00;0;NORMAL;;Sem ação necessária.
Lisboa;10/09/25 22:00;0;NORMAL;;Sem ação necessária.
Lisboa;10/09/25 23:00;0;NORMAL;;Sem ação necessária.
Lisboa;11/09/25 00:00;0;NORMAL;;Sem ação necessária.
Lisboa;11/09/25 01:00;0;NORMAL;;Sem ação necessária.
Lisboa;11/09/25 02:00;0;NORMAL;;Sem ação necessária.
Lisboa;11/09/25 03:00;0;NORMAL;;Sem ação necessária.
Lisboa;11/09/25 04:00;0;NORMAL;;Sem ação necessária.
Lisboa;11/09/25 05:00;0;NORMAL;;Sem ação necessária.
Lisboa;11/09/25 06:00;0;NORMAL;;Sem ação necessária.
Lisboa;11/09/25 07:00;0;NORMAL;;Sem ação necessária.
Lisboa;11/09/25 08:00;0;NORMAL;;Sem ação necessária.
Lisboa;11/09/25 09:00;0;NORMAL;;Sem ação necessária.
Lisboa;11/09/25 10:00;0;NORMAL;;Sem ação necessária.
Lisboa;11/09/25 11:00;0;NORMAL;;Sem ação necessária.
Lisboa;11/09/25 12:00;0;NORMAL;;Sem ação necessária.
Lisboa;11/09/25 13:00;0;NORMAL;;Sem ação necessária.
Lisboa;11/09/25 14:00;0;NORMAL;;Sem ação necessária.
Lisboa;11/09/25 15:00;0;NORMAL;;Sem ação necessária.
Lisboa;11/09/25 16:00;0;NORMAL;;Sem ação necessária.
Lisboa;11/09/25 17:00;0;NORMAL;;Sem ação necessária.
Lisboa;11/09/25 18:00;0;NORMAL;;Sem ação necessária.
Lisboa;11/09/25 19:00;0;NORMAL;;Sem ação necessária.
Lisboa;11/09/25 20:00;0;NORMAL;;Sem ação necessária.
Lisboa;11/09/25 21:00;0;NORMAL;;Sem ação necessária.
Lisboa;11/09/25 22:00;0;NORMAL;;Sem ação necessária.
Lisboa;11/09/25 23:00;0;NORMAL;;Sem ação necessária.
Lisboa;12/09/25 00:00;0;NORMAL;;Sem ação necessária.
Lisboa;12/09/25 01:00;0;NORMAL;;Sem ação necessária.
Lisboa;12/09/25 02:00;0;NORMAL;;Sem ação necessária.
Lisboa;12/09/25 03:00;0;NORMAL;;Sem ação necessária.
Lisboa;12/09/25 04:00;0;NORMAL;;Sem ação necessária.
Lisboa;12/09/25 05:00;0;NORMAL;;Sem ação necessária.
Lisboa;12/09/25 06:00;0;NORMAL;;Sem ação necessária.
Lisboa;12/09/25 07:00;1;ALTO;R12_QUALIDADE_AR_PESSIMA;Qualidade do ar muito degradada agravada por humidade alta. Grupos de risco evitem saídas.
Lisboa;12/09/25 08:00;1;ALTO;R12_QUALIDADE_AR_PESSIMA;Qualidade do ar muito degradada agravada por humidade alta. Grupos de risco evitem saídas.
Lisboa;12/09/25 09:00;0;NORMAL;;Sem ação necessária.
Lisboa;12/09/25 10:00;0;NORMAL;;Sem ação necessária.
Lisboa;12/09/25 11:00;0;NORMAL;;Sem ação necessária.
Lisboa;12/09/25 12:00;0;NORMAL;;Sem ação necessária.
Lisboa;12/09/25 13:00;0;NORMAL;;Sem ação necessária.
Lisboa;12/09/25 14:00;0;NORMAL;;Sem ação necessária.
Lisboa;12/09/25 15:00;0;NORMAL;;Sem ação necessária.
Lisboa;12/09/25 16:00;0;NORMAL;;Sem ação necessária.
Lisboa;12/09/25 17:00;0;NORMAL;;Sem ação necessária.
Lisboa;12/09/25 18:00;0;NORMAL;;Sem ação necessária.
Lisboa;12/09/25 19:00;0;NORMAL;;Sem ação necessária.
Lisboa;12/09/25 20:00;0;NORMAL;;Sem ação necessária.
Lisboa;12/09/25 21:00;0;NORMAL;;Sem ação necessária.
Lisboa;12/09/25 22:00;0;NORMAL;;Sem ação necessária.
Lisboa;12/09/25 23:00;0;NORMAL;;Sem ação necessária.
Lisboa;13/09/25 00:00;0;NORMAL;;Sem ação necessária.
Lisboa;13/09/25 01:00;0;NORMAL;;Sem ação necessária.
Lisboa;13/09/25 02:00;0;NORMAL;;Sem ação necessária.
Lisboa;13/09/25 03:00;0;NORMAL;;Sem ação necessária.
Lisboa;13/09/25 04:00;0;NORMAL;;Sem ação necessária.
Lisboa;13/09/25 05:00;0;NORMAL;;Sem ação necessária.
Lisboa;13/09/25 06:00;0;NORMAL;;Sem ação necessária.
Lisboa;13/09/25 07:00;0;NORMAL;;Sem ação necessária.
Lisboa;13/09/25 08:00;0;NORMAL;;Sem ação necessária.
Lisboa;13/09/25 09:00;0;NORMAL;;Sem ação necessária.
Lisboa;13/09/25 10:00;0;NORMAL;;Sem ação necessária.
Lisboa;13/09/25 11:00;0;NORMAL;;Sem ação necessária.
Lisboa;13/09/25 12:00;0;NORMAL;;Sem ação necessária.
Lisboa;13/09/25 13:00;0;NORMAL;;Sem ação necessária.
Lisboa;13/09/25 14:00;0;NORMAL;;Sem ação necessária.
Lisboa;13/09/25 15:00;0;NORMAL;;Sem ação necessária.
Lisboa;13/09/25 16:00;0;NORMAL;;Sem ação necessária.
Lisboa;13/09/25 17:00;0;NORMAL;;Sem ação necessária.
Lisboa;13/09/25 18:00;0;NORMAL;;Sem ação necessária.
Lisboa;13/09/25 19:00;0;NORMAL;;Sem ação necessária.
Lisboa;13/09/25 20:00;0;NORMAL;;Sem ação necessária.
Lisboa;13/09/25 21:00;0;NORMAL;;Sem ação necessária.
Lisboa;13/09/25 22:00;0;NORMAL;;Sem ação necessária.
Lisboa;13/09/25 23:00;0;NORMAL;;Sem ação necessária.
Lisboa;14/09/25 00:00;0;NORMAL;;Sem ação necessária.
Lisboa;14/09/25 01:00;0;NORMAL;;Sem ação necessária.
Lisboa;14/09/25 02:00;0;NORMAL;;Sem ação necessária.
Lisboa;14/09/25 03:00;0;NORMAL;;Sem ação necessária.
Lisboa;14/09/25 04:00;0;NORMAL;;Sem ação necessária.
Lisboa;14/09/25 05:00;0;NORMAL;;Sem ação necessária.
Lisboa;14/09/25 06:00;0;NORMAL;;Sem ação necessária.
Lisboa;14/09/25 07:00;0;NORMAL;;Sem ação necessária.
Lisboa;14/09/25 08:00;0;NORMAL;;Sem ação necessária.
Lisboa;14/09/25 09:00;0;NORMAL;;Sem ação necessária.
Lisboa;14/09/25 10:00;0;NORMAL;;Sem ação necessária.
Lisboa;14/09/25 11:00;0;NORMAL;;Sem ação necessária.
Lisboa;14/09/25 12:00;0;NORMAL;;Sem ação necessária.
Lisboa;14/09/25 13:00;0;NORMAL;;Sem ação necessária.
Lisboa;14/09/25 14:00;0;NORMAL;;Sem ação necessária.
Lisboa;14/09/25 15:00;0;NORMAL;;Sem ação necessária.
Lisboa;14/09/25 16:00;0;NORMAL;;Sem ação necessária.
Lisboa;14/09/25 17:00;0;NORMAL;;Sem ação necessária.
Lisboa;14/09/25 18:00;0;NORMAL;;Sem ação necessária.
Lisboa;14/09/25 19:00;0;NORMAL;;Sem ação necessária.
Lisboa;14/09/25 20:00;0;NORMAL;;Sem ação necessária.
Lisboa;14/09/25 21:00;0;NORMAL;;Sem ação necessária.
Lisboa;14/09/25 22:00;0;NORMAL;;Sem ação necessária.
Lisboa;14/09/25 23:00;0;NORMAL;;Sem ação necessária.
Lisboa;15/09/25 00:00;0;NORMAL;;Sem ação necessária.
Lisboa;15/09/25 01:00;0;NORMAL;;Sem ação necessária.
Lisboa;15/09/25 02:00;0;NORMAL;;Sem ação necessária.
Lisboa;15/09/25 03:00;0;NORMAL;;Sem ação necessária.
Lisboa;15/09/25 04:00;0;NORMAL;;Sem ação necessária.
Lisboa;15/09/25 05:00;0;NORMAL;;Sem ação necessária.
Lisboa;15/09/25 06:00;0;NORMAL;;Sem ação necessária.
Lisboa;15/09/25 07:00;0;NORMAL;;Sem ação necessária.
Lisboa;15/09/25 08:00;1;ALTO;R12_QUALIDADE_AR_PESSIMA;Qualidade do ar muito degradada agravada por humidade alta. Grupos de risco evitem saídas.
Lisboa;15/09/25 09:00;0;NORMAL;;Sem ação necessária.
Lisboa;15/09/25 10:00;0;NORMAL;;Sem ação necessária.
Lisboa;15/09/25 11:00;0;NORMAL;;Sem ação necessária.
Lisboa;15/09/25 12:00;0;NORMAL;;Sem ação necessária.
Lisboa;15/09/25 13:00;0;NORMAL;;Sem ação necessária.
Lisboa;15/09/25 14:00;0;NORMAL;;Sem ação necessária.
Lisboa;15/09/25 15:00;0;NORMAL;;Sem ação necessária.
Lisboa;15/09/25 16:00;0;NORMAL;;Sem ação necessária.
Lisboa;15/09/25 17:00;0;NORMAL;;Sem ação necessária.
Lisboa;15/09/25 18:00;0;NORMAL;;Sem ação necessária.
Lisboa;15/09/25 19:00;0;NORMAL;;Sem ação necessária.
Lisboa;15/09/25 20:00;0;NORMAL;;Sem ação necessária.
Lisboa;15/09/25 21:00;0;NORMAL;;Sem ação necessária.
Lisboa;15/09/25 22:00;0;NORMAL;;Sem ação necessária.
Lisboa;15/09/25 23:00;0;NORMAL;;Sem ação necessária.
Lisboa;16/09/25 00:00;0;NORMAL;;Sem ação necessária.
Lisboa;16/09/25 01:00;0;NORMAL;;Sem ação necessária.
Lisboa;16/09/25 02:00;0;NORMAL;;Sem ação necessária.
Lisboa;16/09/25 03:00;0;NORMAL;;Sem ação necessária.
Lisboa;16/09/25 04:00;0;NORMAL;;Sem ação necessária.
Lisboa;16/09/25 05:00;0;NORMAL;;Sem ação necessária.
Lisboa;16/09/25 06:00;0;NORMAL;;Sem ação necessária.
Lisboa;16/09/25 07:00;1;ALTO;R12_QUALIDADE_AR_PESSIMA;Qualidade do ar muito degradada agravada por humidade alta. Grupos de risco evitem saídas.
Lisboa;16/09/25 08:00;0;NORMAL;;Sem ação necessária.
Lisboa;16/09/25 09:00;2;ALTO;R03_PM10_ALTO, R12_QUALIDADE_AR_PESSIMA;Evitar exercicio ao ar livre. Fechar janelas em ambientes internos.
Lisboa;16/09/25 10:00;0;NORMAL;;Sem ação necessária.
Lisboa;16/09/25 11:00;0;NORMAL;;Sem ação necessária.
Lisboa;16/09/25 12:00;0;NORMAL;;Sem ação necessária.
Lisboa;16/09/25 13:00;0;NORMAL;;Sem ação necessária.
Lisboa;16/09/25 14:00;0;NORMAL;;Sem ação necessária.
Lisboa;16/09/25 15:00;0;NORMAL;;Sem ação necessária.
Lisboa;16/09/25 16:00;0;NORMAL;;Sem ação necessária.
Lisboa;16/09/25 17:00;0;NORMAL;;Sem ação necessária.
Lisboa;16/09/25 18:00;0;NORMAL;;Sem ação necessária.
Lisboa;16/09/25 19:00;0;NORMAL;;Sem ação necessária.
Lisboa;16/09/25 20:00;0;NORMAL;;Sem ação necessária.
Lisboa;16/09/25 21:00;0;NORMAL;;Sem ação necessária.
Lisboa;16/09/25 22:00;0;NORMAL;;Sem ação necessária.
Lisboa;16/09/25 23:00;0;NORMAL;;Sem ação necessária.
Lisboa;17/09/25 00:00;0;NORMAL;;Sem ação necessária.
Lisboa;17/09/25 01:00;0;NORMAL;;Sem ação necessária.
Lisboa;17/09/25 02:00;0;NORMAL;;Sem ação necessária.
Lisboa;17/09/25 03:00;0;NORMAL;;Sem ação necessária.
Lisboa;17/09/25 04:00;0;NORMAL;;Sem ação necessária.
Lisboa;17/09/25 05:00;0;NORMAL;;Sem ação necessária.
Lisboa;17/09/25 06:00;0;NORMAL;;Sem ação necessária.
Lisboa;17/09/25 07:00;0;NORMAL;;Sem ação necessária.
Lisboa;17/09/25 08:00;0;NORMAL;;Sem ação necessária.
Lisboa;17/09/25 09:00;0;NORMAL;;Sem ação necessária.
Lisboa;17/09/25 10:00;0;NORMAL;;Sem ação necessária.
Lisboa;17/09/25 11:00;0;NORMAL;;Sem ação necessária.
Lisboa;17/09/25 12:00;0;NORMAL;;Sem ação necessária.
Lisboa;17/09/25 13:00;0;NORMAL;;Sem ação necessária.
Lisboa;17/09/25 14:00;0;NORMAL;;Sem ação necessária.
Lisboa;17/09/25 15:00;0;NORMAL;;Sem ação necessária.
Lisboa;17/09/25 16:00;0;NORMAL;;Sem ação necessária.
Lisboa;17/09/25 17:00;0;NORMAL;;Sem ação necessária.
Lisboa;17/09/25 18:00;1;ALTO;R03_PM10_ALTO;Evitar exercicio ao ar livre. Fechar janelas em ambientes internos.
Lisboa;17/09/25 19:00;0;NORMAL;;Sem ação necessária.
Lisboa;17/09/25 20:00;0;NORMAL;;Sem ação necessária.
Lisboa;17/09/25 21:00;0;NORMAL;;Sem ação necessária.
Lisboa;17/09/25 22:00;0;NORMAL;;Sem ação necessária.
Lisboa;17/09/25 23:00;0;NORMAL;;Sem ação necessária.
Lisboa;18/09/25 00:00;0;NORMAL;;Sem ação necessária.
Lisboa;18/09/25 01:00;0;NORMAL;;Sem ação necessária.
Lisboa;18/09/25 02:00;0;NORMAL;;Sem ação necessária.
Lisboa;18/09/25 03:00;0;NORMAL;;Sem ação necessária.
Lisboa;18/09/25 04:00;0;NORMAL;;Sem ação necessária.
Lisboa;18/09/25 05:00;0;NORMAL;;Sem ação necessária.
Lisboa;18/09/25 06:00;0;NORMAL;;Sem ação necessária.
Lisboa;18/09/25 07:00;0;NORMAL;;Sem ação necessária.
Lisboa;18/09/25 08:00;0;NORMAL;;Sem ação necessária.
Lisboa;18/09/25 09:00;0;NORMAL;;Sem ação necessária.
Lisboa;18/09/25 10:00;0;NORMAL;;Sem ação necessária.
Lisboa;18/09/25 11:00;0;NORMAL;;Sem ação necessária.
Lisboa;18/09/25 12:00;0;NORMAL;;Sem ação necessária.
Lisboa;18/09/25 13:00;0;NORMAL;;Sem ação necessária.
Lisboa;18/09/25 14:00;0;NORMAL;;Sem ação necessária.
Lisboa;18/09/25 15:00;0;NORMAL;;Sem ação necessária.
Lisboa;18/09/25 16:00;0;NORMAL;;Sem ação necessária.
Lisboa;18/09/25 17:00;0;NORMAL;;Sem ação necessária.
Lisboa;18/09/25 18:00;0;NORMAL;;Sem ação necessária.
Lisboa;18/09/25 19:00;0;NORMAL;;Sem ação necessária.
Lisboa;18/09/25 20:00;0;NORMAL;;Sem ação necessária.
Lisboa;18/09/25 21:00;0;NORMAL;;Sem ação necessária.
Lisboa;18/09/25 22:00;0;NORMAL;;Sem ação necessária.
Lisboa;18/09/25 23:00;0;NORMAL;;Sem ação necessária.
Lisboa;19/09/25 00:00;0;NORMAL;;Sem ação necessária.
Lisboa;19/09/25 01:00;0;NORMAL;;Sem ação necessária.
Lisboa;19/09/25 02:00;0;NORMAL;;Sem ação necessária.
Lisboa;19/09/25 03:00;0;NORMAL;;Sem ação necessária.
Lisboa;19/09/25 04:00;0;NORMAL;;Sem ação necessária.
Lisboa;19/09/25 05:00;0;NORMAL;;Sem ação necessária.
Lisboa;19/09/25 06:00;0;NORMAL;;Sem ação necessária.
Lisboa;19/09/25 07:00;0;NORMAL;;Sem ação necessária.
Lisboa;19/09/25 08:00;0;NORMAL;;Sem ação necessária.
Lisboa;19/09/25 09:00;0;NORMAL;;Sem ação necessária.
Lisboa;19/09/25 10:00;0;NORMAL;;Sem ação necessária.
Lisboa;19/09/25 11:00;0;NORMAL;;Sem ação necessária.
Lisboa;19/09/25 12:00;0;NORMAL;;Sem ação necessária.
Lisboa;19/09/25 13:00;0;NORMAL;;Sem ação necessária.
Lisboa;19/09/25 14:00;0;NORMAL;;Sem ação necessária.
Lisboa;19/09/25 15:00;0;NORMAL;;Sem ação necessária.
Lisboa;19/09/25 16:00;0;NORMAL;;Sem ação necessária.
Lisboa;19/09/25 17:00;0;NORMAL;;Sem ação necessária.
Lisboa;19/09/25 18:00;0;NORMAL;;Sem ação necessária.
Lisboa;19/09/25 19:00;0;NORMAL;;Sem ação necessária.
Lisboa;19/09/25 20:00;0;NORMAL;;Sem ação necessária.
Lisboa;19/09/25 21:00;0;NORMAL;;Sem ação necessária.
Lisboa;19/09/25 22:00;0;NORMAL;;Sem ação necessária.
Lisboa;19/09/25 23:00;0;NORMAL;;Sem ação necessária.
Lisboa;20/09/25 00:00;0;NORMAL;;Sem ação necessária.
Lisboa;20/09/25 01:00;0;NORMAL;;Sem ação necessária.
Lisboa;20/09/25 02:00;0;NORMAL;;Sem ação necessária.
Lisboa;20/09/25 03:00;0;NORMAL;;Sem ação necessária.
Lisboa;20/09/25 04:00;0;NORMAL;;Sem ação necessária.
Lisboa;20/09/25 05:00;0;NORMAL;;Sem ação necessária.
Lisboa;20/09/25 06:00;0;NORMAL;;Sem ação necessária.
Lisboa;20/09/25 07:00;0;NORMAL;;Sem ação necessária.
Lisboa;20/09/25 08:00;0;NORMAL;;Sem ação necessária.
Lisboa;20/09/25 09:00;0;NORMAL;;Sem ação necessária.
Lisboa;20/09/25 10:00;0;NORMAL;;Sem ação necessária.
Lisboa;20/09/25 11:00;0;NORMAL;;Sem ação necessária.
Lisboa;20/09/25 12:00;0;NORMAL;;Sem ação necessária.
Lisboa;20/09/25 13:00;0;NORMAL;;Sem ação necessária.
Lisboa;20/09/25 14:00;0;NORMAL;;Sem ação necessária.
Lisboa;20/09/25 15:00;0;NORMAL;;Sem ação necessária.
Lisboa;20/09/25 16:00;0;NORMAL;;Sem ação necessária.
Lisboa;20/09/25 17:00;0;NORMAL;;Sem ação necessária.
Lisboa;20/09/25 18:00;0;NORMAL;;Sem ação necessária.
Lisboa;20/09/25 19:00;0;NORMAL;;Sem ação necessária.
Lisboa;20/09/25 20:00;0;NORMAL;;Sem ação necessária.
Lisboa;20/09/25 21:00;0;NORMAL;;Sem ação necessária.
Lisboa;20/09/25 22:00;0;NORMAL;;Sem ação necessária.
Lisboa;20/09/25 23:00;0;NORMAL;;Sem ação necessária.
Lisboa;21/09/25 00:00;0;NORMAL;;Sem ação necessária.
Lisboa;21/09/25 01:00;0;NORMAL;;Sem ação necessária.
Lisboa;21/09/25 02:00;0;NORMAL;;Sem ação necessária.
Lisboa;21/09/25 03:00;0;NORMAL;;Sem ação necessária.
Lisboa;21/09/25 04:00;0;NORMAL;;Sem ação necessária.
Lisboa;21/09/25 05:00;0;NORMAL;;Sem ação necessária.
Lisboa;21/09/25 06:00;0;NORMAL;;Sem ação necessária.
Lisboa;21/09/25 07:00;0;NORMAL;;Sem ação necessária.
Lisboa;21/09/25 08:00;0;NORMAL;;Sem ação necessária.
Lisboa;21/09/25 09:00;0;NORMAL;;Sem ação necessária.
Lisboa;21/09/25 10:00;0;NORMAL;;Sem ação necessária.
Lisboa;21/09/25 11:00;0;NORMAL;;Sem ação necessária.
Lisboa;21/09/25 12:00;0;NORMAL;;Sem ação necessária.
Lisboa;21/09/25 13:00;0;NORMAL;;Sem ação necessária.
Lisboa;21/09/25 14:00;0;NORMAL;;Sem ação necessária.
Lisboa;21/09/25 15:00;0;NORMAL;;Sem ação necessária.
Lisboa;21/09/25 16:00;0;NORMAL;;Sem ação necessária.
Lisboa;21/09/25 17:00;0;NORMAL;;Sem ação necessária.
Lisboa;21/09/25 18:00;0;NORMAL;;Sem ação necessária.
Lisboa;21/09/25 19:00;0;NORMAL;;Sem ação necessária.
Lisboa;21/09/25 20:00;0;NORMAL;;Sem ação necessária.
Lisboa;21/09/25 21:00;0;NORMAL;;Sem ação necessária.
Lisboa;21/09/25 22:00;0;NORMAL;;Sem ação necessária.
Lisboa;21/09/25 23:00;0;NORMAL;;Sem ação necessária.
Lisboa;22/09/25 00:00;0;NORMAL;;Sem ação necessária.
Lisboa;22/09/25 01:00;0;NORMAL;;Sem ação necessária.
Lisboa;22/09/25 02:00;0;NORMAL;;Sem ação necessária.
Lisboa;22/09/25 03:00;0;NORMAL;;Sem ação necessária.
Lisboa;22/09/25 04:00;0;NORMAL;;Sem ação necessária.
Lisboa;22/09/25 05:00;0;NORMAL;;Sem ação necessária.
Lisboa;22/09/25 06:00;0;NORMAL;;Sem ação necessária.
Lisboa;22/09/25 07:00;0;NORMAL;;Sem ação necessária.
Lisboa;22/09/25 08:00;0;NORMAL;;Sem ação necessária.
Lisboa;22/09/25 09:00;0;NORMAL;;Sem ação necessária.
Lisboa;22/09/25 10:00;0;NORMAL;;Sem ação necessária.
Lisboa;22/09/25 11:00;0;NORMAL;;Sem ação necessária.
Lisboa;22/09/25 12:00;0;NORMAL;;Sem ação necessária.
Lisboa;22/09/25 13:00;0;NORMAL;;Sem ação necessária.
Lisboa;22/09/25 14:00;0;NORMAL;;Sem ação necessária.
Lisboa;22/09/25 15:00;0;NORMAL;;Sem ação necessária.
Lisboa;22/09/25 16:00;0;NORMAL;;Sem ação necessária.
Lisboa;22/09/25 17:00;0;NORMAL;;Sem ação necessária.
Lisboa;22/09/25 18:00;0;NORMAL;;Sem ação necessária.
Lisboa;22/09/25 19:00;0;NORMAL;;Sem ação necessária.
Lisboa;22/09/25 20:00;0;NORMAL;;Sem ação necessária.
Lisboa;22/09/25 21:00;0;NORMAL;;Sem ação necessária.
Lisboa;22/09/25 22:00;0;NORMAL;;Sem ação necessária.
Lisboa;22/09/25 23:00;0;NORMAL;;Sem ação necessária.
Lisboa;23/09/25 00:00;0;NORMAL;;Sem ação necessária.
Lisboa;23/09/25 01:00;0;NORMAL;;Sem ação necessária.
Lisboa;23/09/25 02:00;0;NORMAL;;Sem ação necessária.
Lisboa;23/09/25 03:00;0;NORMAL;;Sem ação necessária.
Lisboa;23/09/25 04:00;0;NORMAL;;Sem ação necessária.
Lisboa;23/09/25 05:00;0;NORMAL;;Sem ação necessária.
Lisboa;23/09/25 06:00;0;NORMAL;;Sem ação necessária.
Lisboa;23/09/25 07:00;0;NORMAL;;Sem ação necessária.
Lisboa;23/09/25 08:00;0;NORMAL;;Sem ação necessária.
Lisboa;23/09/25 09:00;0;NORMAL;;Sem ação necessária.
Lisboa;23/09/25 10:00;0;NORMAL;;Sem ação necessária.
Lisboa;23/09/25 11:00;0;NORMAL;;Sem ação necessária.
Lisboa;23/09/25 12:00;0;NORMAL;;Sem ação necessária.
Lisboa;23/09/25 13:00;0;NORMAL;;Sem ação necessária.
Lisboa;23/09/25 14:00;0;NORMAL;;Sem ação necessária.
Lisboa;23/09/25 15:00;0;NORMAL;;Sem ação necessária.
Lisboa;23/09/25 16:00;0;NORMAL;;Sem ação necessária.
Lisboa;23/09/25 17:00;1;ALTO;R03_PM10_ALTO;Evitar exercicio ao ar livre. Fechar janelas em ambientes internos.
Lisboa;23/09/25 18:00;0;NORMAL;;Sem ação necessária.
Lisboa;23/09/25 19:00;0;NORMAL;;Sem ação necessária.
Lisboa;23/09/25 20:00;0;NORMAL;;Sem ação necessária.
Lisboa;23/09/25 21:00;0;NORMAL;;Sem ação necessária.
Lisboa;23/09/25 22:00;0;NORMAL;;Sem ação necessária.
Lisboa;23/09/25 23:00;0;NORMAL;;Sem ação necessária.
Lisboa;24/09/25 00:00;0;NORMAL;;Sem ação necessária.
Lisboa;24/09/25 01:00;0;NORMAL;;Sem ação necessária.
Lisboa;24/09/25 02:00;0;NORMAL;;Sem ação necessária.
Lisboa;24/09/25 03:00;0;NORMAL;;Sem ação necessária.
Lisboa;24/09/25 04:00;0;NORMAL;;Sem ação necessária.
Lisboa;24/09/25 05:00;0;NORMAL;;Sem ação necessária.
Lisboa;24/09/25 06:00;0;NORMAL;;Sem ação necessária.
Lisboa;24/09/25 07:00;0;NORMAL;;Sem ação necessária.
Lisboa;24/09/25 08:00;0;NORMAL;;Sem ação necessária.
Lisboa;24/09/25 09:00;0;NORMAL;;Sem ação necessária.
Lisboa;24/09/25 10:00;0;NORMAL;;Sem ação necessária.
Lisboa;24/09/25 11:00;0;NORMAL;;Sem ação necessária.
Lisboa;24/09/25 12:00;0;NORMAL;;Sem ação necessária.
Lisboa;24/09/25 13:00;0;NORMAL;;Sem ação necessária.
Lisboa;24/09/25 14:00;0;NORMAL;;Sem ação necessária.
Lisboa;24/09/25 15:00;0;NORMAL;;Sem ação necessária.
Lisboa;24/09/25 16:00;0;NORMAL;;Sem ação necessária.
Lisboa;24/09/25 17:00;0;NORMAL;;Sem ação necessária.
Lisboa;24/09/25 18:00;0;NORMAL;;Sem ação necessária.
Lisboa;24/09/25 19:00;0;NORMAL;;Sem ação necessária.
Lisboa;24/09/25 20:00;0;NORMAL;;Sem ação necessária.
Lisboa;24/09/25 21:00;0;NORMAL;;Sem ação necessária.
Lisboa;24/09/25 22:00;0;NORMAL;;Sem ação necessária.
Lisboa;24/09/25 23:00;0;NORMAL;;Sem ação necessária.
Lisboa;25/09/25 00:00;0;NORMAL;;Sem ação necessária.
Lisboa;25/09/25 01:00;0;NORMAL;;Sem ação necessária.
Lisboa;25/09/25 02:00;0;NORMAL;;Sem ação necessária.
Lisboa;25/09/25 03:00;0;NORMAL;;Sem ação necessária.
Lisboa;25/09/25 04:00;0;NORMAL;;Sem ação necessária.
Lisboa;25/09/25 05:00;0;NORMAL;;Sem ação necessária.
Lisboa;25/09/25 06:00;0;NORMAL;;Sem ação necessária.
Lisboa;25/09/25 07:00;0;NORMAL;;Sem ação necessária.
Lisboa;25/09/25 08:00;0;NORMAL;;Sem ação necessária.
Lisboa;25/09/25 09:00;0;NORMAL;;Sem ação necessária.
Lisboa;25/09/25 10:00;0;NORMAL;;Sem ação necessária.
Lisboa;25/09/25 11:00;0;NORMAL;;Sem ação necessária.
Lisboa;25/09/25 12:00;0;NORMAL;;Sem ação necessária.
Lisboa;25/09/25 13:00;0;NORMAL;;Sem ação necessária.
Lisboa;25/09/25 14:00;0;NORMAL;;Sem ação necessária.
Lisboa;25/09/25 15:00;0;NORMAL;;Sem ação necessária.
Lisboa;25/09/25 16:00;0;NORMAL;;Sem ação necessária.
Lisboa;25/09/25 17:00;1;ALTO;R03_PM10_ALTO;Evitar exercicio ao ar livre. Fechar janelas em ambientes internos.
Lisboa;25/09/25 18:00;0;NORMAL;;Sem ação necessária.
Lisboa;25/09/25 19:00;0;NORMAL;;Sem ação necessária.
Lisboa;25/09/25 20:00;0;NORMAL;;Sem ação necessária.
Lisboa;25/09/25 21:00;0;NORMAL;;Sem ação necessária.
Lisboa;25/09/25 22:00;0;NORMAL;;Sem ação necessária.
Lisboa;25/09/25 23:00;0;NORMAL;;Sem ação necessária.
Lisboa;26/09/25 00:00;0;NORMAL;;Sem ação necessária.
Lisboa;26/09/25 01:00;0;NORMAL;;Sem ação necessária.
Lisboa;26/09/25 02:00;0;NORMAL;;Sem ação necessária.
Lisboa;26/09/25 03:00;0;NORMAL;;Sem ação necessária.
Lisboa;26/09/25 04:00;0;NORMAL;;Sem ação necessária.
Lisboa;26/09/25 05:00;0;NORMAL;;Sem ação necessária.
Lisboa;26/09/25 06:00;0;NORMAL;;Sem ação necessária.
Lisboa;26/09/25 07:00;0;NORMAL;;Sem ação necessária.
Lisboa;26/09/25 08:00;0;NORMAL;;Sem ação necessária.
Lisboa;26/09/25 09:00;0;NORMAL;;Sem ação necessária.
Lisboa;26/09/25 10:00;0;NORMAL;;Sem ação necessária.
Lisboa;26/09/25 11:00;0;NORMAL;;Sem ação necessária.
Lisboa;26/09/25 12:00;0;NORMAL;;Sem ação necessária.
Lisboa;26/09/25 13:00;0;NORMAL;;Sem ação necessária.
Lisboa;26/09/25 14:00;0;NORMAL;;Sem ação necessária.
Lisboa;26/09/25 15:00;0;NORMAL;;Sem ação necessária.
Lisboa;26/09/25 16:00;0;NORMAL;;Sem ação necessária.
Lisboa;26/09/25 17:00;0;NORMAL;;Sem ação necessária.
Lisboa;26/09/25 18:00;0;NORMAL;;Sem ação necessária.
Lisboa;26/09/25 19:00;0;NORMAL;;Sem ação necessária.
Lisboa;26/09/25 20:00;0;NORMAL;;Sem ação necessária.
Lisboa;26/09/25 21:00;0;NORMAL;;Sem ação necessária.
Lisboa;26/09/25 22:00;0;NORMAL;;Sem ação necessária.
Lisboa;26/09/25 23:00;0;NORMAL;;Sem ação necessária.
Lisboa;27/09/25 00:00;0;NORMAL;;Sem ação necessária.
Lisboa;27/09/25 01:00;0;NORMAL;;Sem ação necessária.
Lisboa;27/09/25 02:00;0;NORMAL;;Sem ação necessária.
Lisboa;27/09/25 03:00;0;NORMAL;;Sem ação necessária.
Lisboa;27/09/25 04:00;0;NORMAL;;Sem ação necessária.
Lisboa;27/09/25 05:00;0;NORMAL;;Sem ação necessária.
Lisboa;27/09/25 06:00;0;NORMAL;;Sem ação necessária.
Lisboa;27/09/25 07:00;0;NORMAL;;Sem ação necessária.
Lisboa;27/09/25 08:00;0;NORMAL;;Sem ação necessária.
Lisboa;27/09/25 09:00;0;NORMAL;;Sem ação necessária.
Lisboa;27/09/25 10:00;0;NORMAL;;Sem ação necessária.
Lisboa;27/09/25 11:00;0;NORMAL;;Sem ação necessária.
Lisboa;27/09/25 12:00;0;NORMAL;;Sem ação necessária.
Lisboa;27/09/25 13:00;0;NORMAL;;Sem ação necessária.
Lisboa;27/09/25 14:00;0;NORMAL;;Sem ação necessária.
Lisboa;27/09/25 15:00;0;NORMAL;;Sem ação necessária.
Lisboa;27/09/25 16:00;0;NORMAL;;Sem ação necessária.
Lisboa;27/09/25 17:00;0;NORMAL;;Sem ação necessária.
Lisboa;27/09/25 18:00;0;NORMAL;;Sem ação necessária.
Lisboa;27/09/25 19:00;0;NORMAL;;Sem ação necessária.
Lisboa;27/09/25 20:00;0;NORMAL;;Sem ação necessária.
Lisboa;27/09/25 21:00;0;NORMAL;;Sem ação necessária.
Lisboa;27/09/25 22:00;0;NORMAL;;Sem ação necessária.
Lisboa;27/09/25 23:00;0;NORMAL;;Sem ação necessária.
Lisboa;28/09/25 00:00;0;NORMAL;;Sem ação necessária.
Lisboa;28/09/25 01:00;0;NORMAL;;Sem ação necessária.
Lisboa;28/09/25 02:00;0;NORMAL;;Sem ação necessária.
Lisboa;28/09/25 03:00;0;NORMAL;;Sem ação necessária.
Lisboa;28/09/25 04:00;0;NORMAL;;Sem ação necessária.
Lisboa;28/09/25 05:00;0;NORMAL;;Sem ação necessária.
Lisboa;28/09/25 06:00;0;NORMAL;;Sem ação necessária.
Lisboa;28/09/25 07:00;0;NORMAL;;Sem ação necessária.
Lisboa;28/09/25 08:00;0;NORMAL;;Sem ação necessária.
Lisboa;28/09/25 09:00;0;NORMAL;;Sem ação necessária.
Lisboa;28/09/25 10:00;0;NORMAL;;Sem ação necessária.
Lisboa;28/09/25 11:00;0;NORMAL;;Sem ação necessária.
Lisboa;28/09/25 12:00;0;NORMAL;;Sem ação necessária.
Lisboa;28/09/25 13:00;0;NORMAL;;Sem ação necessária.
Lisboa;28/09/25 14:00;0;NORMAL;;Sem ação necessária.
Lisboa;28/09/25 15:00;0;NORMAL;;Sem ação necessária.
Lisboa;28/09/25 16:00;0;NORMAL;;Sem ação necessária.
Lisboa;28/09/25 17:00;0;NORMAL;;Sem ação necessária.
Lisboa;28/09/25 18:00;0;NORMAL;;Sem ação necessária.
Lisboa;28/09/25 19:00;0;NORMAL;;Sem ação necessária.
Lisboa;28/09/25 20:00;0;NORMAL;;Sem ação necessária.
Lisboa;28/09/25 21:00;0;NORMAL;;Sem ação necessária.
Lisboa;28/09/25 22:00;0;NORMAL;;Sem ação necessária.
Lisboa;28/09/25 23:00;0;NORMAL;;Sem ação necessária.
Lisboa;29/09/25 00:00;0;NORMAL;;Sem ação necessária.
Lisboa;29/09/25 01:00;0;NORMAL;;Sem ação necessária.
Lisboa;29/09/25 02:00;0;NORMAL;;Sem ação necessária.
Lisboa;29/09/25 03:00;0;NORMAL;;Sem ação necessária.
Lisboa;29/09/25 04:00;0;NORMAL;;Sem ação necessária.
Lisboa;29/09/25 05:00;0;NORMAL;;Sem ação necessária.
Lisboa;29/09/25 06:00;0;NORMAL;;Sem ação necessária.
Lisboa;29/09/25 07:00;1;ALTO;R12_QUALIDADE_AR_PESSIMA;Qualidade do ar muito degradada agravada por humidade alta. Grupos de risco evitem saídas.
Lisboa;29/09/25 08:00;0;NORMAL;;Sem ação necessária.
Lisboa;29/09/25 09:00;0;NORMAL;;Sem ação necessária.
Lisboa;29/09/25 10:00;0;NORMAL;;Sem ação necessária.
Lisboa;29/09/25 11:00;0;NORMAL;;Sem ação necessária.
Lisboa;29/09/25 12:00;0;NORMAL;;Sem ação necessária.
Lisboa;29/09/25 13:00;0;NORMAL;;Sem ação necessária.
Lisboa;29/09/25 14:00;0;NORMAL;;Sem ação necessária.
Lisboa;29/09/25 15:00;0;NORMAL;;Sem ação necessária.
Lisboa;29/09/25 16:00;0;NORMAL;;Sem ação necessária.
Lisboa;29/09/25 17:00;0;NORMAL;;Sem ação necessária.
Lisboa;29/09/25 18:00;0;NORMAL;;Sem ação necessária.
Lisboa;29/09/25 19:00;0;NORMAL;;Sem ação necessária.
Lisboa;29/09/25 20:00;0;NORMAL;;Sem ação necessária.
Lisboa;29/09/25 21:00;0;NORMAL;;Sem ação necessária.
Lisboa;29/09/25 22:00;0;NORMAL;;Sem ação necessária.
Lisboa;29/09/25 23:00;0;NORMAL;;Sem ação necessária.
Lisboa;30/09/25 00:00;0;NORMAL;;Sem ação necessária.
Lisboa;30/09/25 01:00;0;NORMAL;;Sem ação necessária.
Lisboa;30/09/25 02:00;0;NORMAL;;Sem ação necessária.
Lisboa;30/09/25 03:00;0;NORMAL;;Sem ação necessária.
Lisboa;30/09/25 04:00;0;NORMAL;;Sem ação necessária.
Lisboa;30/09/25 05:00;0;NORMAL;;Sem ação necessária.
Lisboa;30/09/25 06:00;0;NORMAL;;Sem ação necessária.
Lisboa;30/09/25 07:00;0;NORMAL;;Sem ação necessária.
Lisboa;30/09/25 08:00;2;ALTO;R03_PM10_ALTO, R12_QUALIDADE_AR_PESSIMA;Evitar exercicio ao ar livre. Fechar janelas em ambientes internos.
Lisboa;30/09/25 09:00;0;NORMAL;;Sem ação necessária.
Lisboa;30/09/25 10:00;0;NORMAL;;Sem ação necessária.
Lisboa;30/09/25 11:00;0;NORMAL;;Sem ação necessária.
Lisboa;30/09/25 12:00;0;NORMAL;;Sem ação necessária.
Lisboa;30/09/25 13:00;0;NORMAL;;Sem ação necessária.
Lisboa;30/09/25 14:00;0;NORMAL;;Sem ação necessária.
Lisboa;30/09/25 15:00;0;NORMAL;;Sem ação necessária.
Lisboa;30/09/25 16:00;0;NORMAL;;Sem ação necessária.
Lisboa;30/09/25 17:00;0;NORMAL;;Sem ação necessária.
Lisboa;30/09/25 18:00;0;NORMAL;;Sem ação necessária.
Lisboa;30/09/25 19:00;0;NORMAL;;Sem ação necessária.
Lisboa;30/09/25 20:00;0;NORMAL;;Sem ação necessária.
Lisboa;30/09/25 21:00;0;NORMAL;;Sem ação necessária.
Lisboa;30/09/25 22:00;0;NORMAL;;Sem ação necessária.
Lisboa;30/09/25 23:00;0;NORMAL;;Sem ação necessária.
Lisboa;01/10/25 00:00;0;NORMAL;;Sem ação necessária.
Lisboa;01/10/25 01:00;0;NORMAL;;Sem ação necessária.
Lisboa;01/10/25 02:00;0;NORMAL;;Sem ação necessária.
Lisboa;01/10/25 03:00;0;NORMAL;;Sem ação necessária.
Lisboa;01/10/25 04:00;0;NORMAL;;Sem ação necessária.
Lisboa;01/10/25 05:00;0;NORMAL;;Sem ação necessária.
Lisboa;01/10/25 06:00;0;NORMAL;;Sem ação necessária.
Lisboa;01/10/25 07:00;0;NORMAL;;Sem ação necessária.
Lisboa;01/10/25 08:00;0;NORMAL;;Sem ação necessária.
Lisboa;01/10/25 09:00;1;ALTO;R03_PM10_ALTO;Evitar exercicio ao ar livre. Fechar janelas em ambientes internos.
Lisboa;01/10/25 10:00;0;NORMAL;;Sem ação necessária.
Lisboa;01/10/25 11:00;0;NORMAL;;Sem ação necessária.
Lisboa;01/10/25 12:00;0;NORMAL;;Sem ação necessária.
Lisboa;01/10/25 13:00;0;NORMAL;;Sem ação necessária.
Lisboa;01/10/25 14:00;0;NORMAL;;Sem ação necessária.
Lisboa;01/10/25 15:00;0;NORMAL;;Sem ação necessária.
Lisboa;01/10/25 16:00;0;NORMAL;;Sem ação necessária.
Lisboa;01/10/25 17:00;0;NORMAL;;Sem ação necessária.
Lisboa;01/10/25 18:00;0;NORMAL;;Sem ação necessária.
Lisboa;01/10/25 19:00;0;NORMAL;;Sem ação necessária.
Lisboa;01/10/25 20:00;0;NORMAL;;Sem ação necessária.
Lisboa;01/10/25 21:00;0;NORMAL;;Sem ação necessária.
Lisboa;01/10/25 22:00;0;NORMAL;;Sem ação necessária.
Lisboa;01/10/25 23:00;0;NORMAL;;Sem ação necessária.
Lisboa;02/10/25 00:00;0;NORMAL;;Sem ação necessária.
Lisboa;02/10/25 01:00;0;NORMAL;;Sem ação necessária.
Lisboa;02/10/25 02:00;0;NORMAL;;Sem ação necessária.
Lisboa;02/10/25 03:00;0;NORMAL;;Sem ação necessária.
Lisboa;02/10/25 04:00;0;NORMAL;;Sem ação necessária.
Lisboa;02/10/25 05:00;0;NORMAL;;Sem ação necessária.
Lisboa;02/10/25 06:00;0;NORMAL;;Sem ação necessária.
Lisboa;02/10/25 07:00;0;NORMAL;;Sem ação necessária.
Lisboa;02/10/25 08:00;1;ALTO;R03_PM10_ALTO;Evitar exercicio ao ar livre. Fechar janelas em ambientes internos.
Lisboa;02/10/25 09:00;0;NORMAL;;Sem ação necessária.
Lisboa;02/10/25 10:00;0;NORMAL;;Sem ação necessária.
Lisboa;02/10/25 11:00;0;NORMAL;;Sem ação necessária.
Lisboa;02/10/25 12:00;0;NORMAL;;Sem ação necessária.
Lisboa;02/10/25 13:00;0;NORMAL;;Sem ação necessária.
Lisboa;02/10/25 14:00;0;NORMAL;;Sem ação necessária.
Lisboa;02/10/25 15:00;0;NORMAL;;Sem ação necessária.
Lisboa;02/10/25 16:00;0;NORMAL;;Sem ação necessária.
Lisboa;02/10/25 17:00;0;NORMAL;;Sem ação necessária.
Lisboa;02/10/25 18:00;0;NORMAL;;Sem ação necessária.
Lisboa;02/10/25 19:00;0;NORMAL;;Sem ação necessária.
Lisboa;02/10/25 20:00;0;NORMAL;;Sem ação necessária.
Lisboa;02/10/25 21:00;0;NORMAL;;Sem ação necessária.
Lisboa;02/10/25 22:00;0;NORMAL;;Sem ação necessária.
Lisboa;02/10/25 23:00;0;NORMAL;;Sem ação necessária.
Lisboa;03/10/25 00:00;0;NORMAL;;Sem ação necessária.
Lisboa;03/10/25 01:00;0;NORMAL;;Sem ação necessária.
Lisboa;03/10/25 02:00;0;NORMAL;;Sem ação necessária.
Lisboa;03/10/25 03:00;0;NORMAL;;Sem ação necessária.
Lisboa;03/10/25 04:00;0;NORMAL;;Sem ação necessária.
Lisboa;03/10/25 05:00;0;NORMAL;;Sem ação necessária.
Lisboa;03/10/25 06:00;0;NORMAL;;Sem ação necessária.
Lisboa;03/10/25 07:00;0;NORMAL;;Sem ação necessária.
Lisboa;03/10/25 08:00;0;NORMAL;;Sem ação necessária.
Lisboa;03/10/25 09:00;1;ALTO;R12_QUALIDADE_AR_PESSIMA;Qualidade do ar muito degradada agravada por humidade alta. Grupos de risco evitem saídas.
Lisboa;03/10/25 10:00;0;NORMAL;;Sem ação necessária.
Lisboa;03/10/25 11:00;0;NORMAL;;Sem ação necessária.
Lisboa;03/10/25 12:00;0;NORMAL;;Sem ação necessária.
Lisboa;03/10/25 13:00;0;NORMAL;;Sem ação necessária.
Lisboa;03/10/25 14:00;0;NORMAL;;Sem ação necessária.
Lisboa;03/10/25 15:00;0;NORMAL;;Sem ação necessária.
Lisboa;03/10/25 16:00;0;NORMAL;;Sem ação necessária.
Lisboa;03/10/25 17:00;0;NORMAL;;Sem ação necessária.
Lisboa;03/10/25 18:00;0;NORMAL;;Sem ação necessária.
Lisboa;03/10/25 19:00;0;NORMAL;;Sem ação necessária.
Lisboa;03/10/25 20:00;0;NORMAL;;Sem ação necessária.
Lisboa;03/10/25 21:00;0;NORMAL;;Sem ação necessária.
Lisboa;03/10/25 22:00;0;NORMAL;;Sem ação necessária.
Lisboa;03/10/25 23:00;0;NORMAL;;Sem ação necessária.
Lisboa;04/10/25 00:00;0;NORMAL;;Sem ação necessária.
Lisboa;04/10/25 01:00;0;NORMAL;;Sem ação necessária.
Lisboa;04/10/25 02:00;0;NORMAL;;Sem ação necessária.
Lisboa;04/10/25 03:00;0;NORMAL;;Sem ação necessária.
Lisboa;04/10/25 04:00;0;NORMAL;;Sem ação necessária.
Lisboa;04/10/25 05:00;0;NORMAL;;Sem ação necessária.
Lisboa;04/10/25 06:00;0;NORMAL;;Sem ação necessária.
Lisboa;04/10/25 07:00;0;NORMAL;;Sem ação necessária.
Lisboa;04/10/25 08:00;0;NORMAL;;Sem ação necessária.
Lisboa;04/10/25 09:00;0;NORMAL;;Sem ação necessária.
Lisboa;04/10/25 10:00;0;NORMAL;;Sem ação necessária.
Lisboa;04/10/25 11:00;0;NORMAL;;Sem ação necessária.
Lisboa;04/10/25 12:00;0;NORMAL;;Sem ação necessária.
Lisboa;04/10/25 13:00;0;NORMAL;;Sem ação necessária.
Lisboa;04/10/25 14:00;0;NORMAL;;Sem ação necessária.
Lisboa;04/10/25 15:00;0;NORMAL;;Sem ação necessária.
Lisboa;04/10/25 16:00;0;NORMAL;;Sem ação necessária.
Lisboa;04/10/25 17:00;0;NORMAL;;Sem ação necessária.
Lisboa;04/10/25 18:00;0;NORMAL;;Sem ação necessária.
Lisboa;04/10/25 19:00;0;NORMAL;;Sem ação necessária.
Lisboa;04/10/25 20:00;0;NORMAL;;Sem ação necessária.
Lisboa;04/10/25 21:00;0;NORMAL;;Sem ação necessária.
Lisboa;04/10/25 22:00;0;NORMAL;;Sem ação necessária.
Lisboa;04/10/25 23:00;0;NORMAL;;Sem ação necessária.
Lisboa;05/10/25 00:00;0;NORMAL;;Sem ação necessária.
Lisboa;05/10/25 01:00;0;NORMAL;;Sem ação necessária.
Porto;05/09/25 01:00;0;NORMAL;;Sem ação necessária.
Porto;05/09/25 02:00;0;NORMAL;;Sem ação necessária.
Porto;05/09/25 03:00;0;NORMAL;;Sem ação necessária.
Porto;05/09/25 04:00;0;NORMAL;;Sem ação necessária.
Porto;05/09/25 05:00;0;NORMAL;;Sem ação necessária.
Porto;05/09/25 06:00;0;NORMAL;;Sem ação necessária.
Porto;05/09/25 07:00;0;NORMAL;;Sem ação necessária.
Porto;05/09/25 08:00;0;NORMAL;;Sem ação necessária.
Porto;05/09/25 09:00;0;NORMAL;;Sem ação necessária.
Porto;05/09/25 10:00;0;NORMAL;;Sem ação necessária.
Porto;05/09/25 11:00;0;NORMAL;;Sem ação necessária.
Porto;05/09/25 12:00;0;NORMAL;;Sem ação necessária.
Porto;05/09/25 13:00;0;NORMAL;;Sem ação necessária.
Porto;05/09/25 14:00;0;NORMAL;;Sem ação necessária.
Porto;05/09/25 15:00;0;NORMAL;;Sem ação necessária.
Porto;05/09/25 16:00;0;NORMAL;;Sem ação necessária.
Porto;05/09/25 17:00;0;NORMAL;;Sem ação necessária.
Porto;05/09/25 18:00;0;NORMAL;;Sem ação necessária.
Porto;05/09/25 19:00;0;NORMAL;;Sem ação necessária.
Porto;05/09/25 20:00;0;NORMAL;;Sem ação necessária.
Porto;05/09/25 21:00;0;NORMAL;;Sem ação necessária.
Porto;05/09/25 22:00;0;NORMAL;;Sem ação necessária.
Porto;05/09/25 23:00;0;NORMAL;;Sem ação necessária.
Porto;06/09/25 00:00;0;NORMAL;;Sem ação necessária.
Porto;06/09/25 01:00;0;NORMAL;;Sem ação necessária.
Porto;06/09/25 02:00;0;NORMAL;;Sem ação necessária.
Porto;06/09/25 03:00;0;NORMAL;;Sem ação necessária.
Porto;06/09/25 04:00;0;NORMAL;;Sem ação necessária.
Porto;06/09/25 05:00;0;NORMAL;;Sem ação necessária.
Porto;06/09/25 06:00;0;NORMAL;;Sem ação necessária.
Porto;06/09/25 07:00;0;NORMAL;;Sem ação necessária.
Porto;06/09/25 08:00;0;NORMAL;;Sem ação necessária.
Porto;06/09/25 09:00;0;NORMAL;;Sem ação necessária.
Porto;06/09/25 10:00;0;NORMAL;;Sem ação necessária.
Porto;06/09/25 11:00;0;NORMAL;;Sem ação necessária.
Porto;06/09/25 12:00;0;NORMAL;;Sem ação necessária.
Porto;06/09/25 13:00;0;NORMAL;;Sem ação necessária.
Porto;06/09/25 14:00;0;NORMAL;;Sem ação necessária.
Porto;06/09/25 15:00;0;NORMAL;;Sem ação necessária.
Porto;06/09/25 16:00;0;NORMAL;;Sem ação necessária.
Porto;06/09/25 17:00;0;NORMAL;;Sem ação necessária.
Porto;06/09/25 18:00;0;NORMAL;;Sem ação necessária.
Porto;06/09/25 19:00;0;NORMAL;;Sem ação necessária.
Porto;06/09/25 20:00;0;NORMAL;;Sem ação necessária.
Porto;06/09/25 21:00;0;NORMAL;;Sem ação necessária.
Porto;06/09/25 22:00;0;NORMAL;;Sem ação necessária.
Porto;06/09/25 23:00;0;NORMAL;;Sem ação necessária.
Porto;07/09/25 00:00;0;NORMAL;;Sem ação necessária.
Porto;07/09/25 01:00;0;NORMAL;;Sem ação necessária.
Porto;07/09/25 02:00;0;NORMAL;;Sem ação necessária.
Porto;07/09/25 03:00;0;NORMAL;;Sem ação necessária.
Porto;07/09/25 04:00;0;NORMAL;;Sem ação necessária.
Porto;07/09/25 05:00;0;NORMAL;;Sem ação necessária.
Porto;07/09/25 06:00;0;NORMAL;;Sem ação necessária.
Porto;07/09/25 07:00;0;NORMAL;;Sem ação necessária.
Porto;07/09/25 08:00;0;NORMAL;;Sem ação necessária.
Porto;07/09/25 09:00;0;NORMAL;;Sem ação necessária.
Porto;07/09/25 10:00;0;NORMAL;;Sem ação necessária.
Porto;07/09/25 11:00;0;NORMAL;;Sem ação necessária.
Porto;07/09/25 12:00;0;NORMAL;;Sem ação necessária.
Porto;07/09/25 13:00;0;NORMAL;;Sem ação necessária.
Porto;07/09/25 14:00;0;NORMAL;;Sem ação necessária.
Porto;07/09/25 15:00;0;NORMAL;;Sem ação necessária.
Porto;07/09/25 16:00;0;NORMAL;;Sem ação necessária.
Porto;07/09/25 17:00;0;NORMAL;;Sem ação necessária.
Porto;07/09/25 18:00;0;NORMAL;;Sem ação necessária.
Porto;07/09/25 19:00;0;NORMAL;;Sem ação necessária.
Porto;07/09/25 20:00;0;NORMAL;;Sem ação necessária.
Porto;07/09/25 21:00;0;NORMAL;;Sem ação necessária.
Porto;07/09/25 22:00;0;NORMAL;;Sem ação necessária.
Porto;07/09/25 23:00;0;NORMAL;;Sem ação necessária.
Porto;08/09/25 00:00;0;NORMAL;;Sem ação necessária.
Porto;08/09/25 01:00;0;NORMAL;;Sem ação necessária.
Porto;08/09/25 02:00;0;NORMAL;;Sem ação necessária.
Porto;08/09/25 03:00;0;NORMAL;;Sem ação necessária.
Porto;08/09/25 04:00;0;NORMAL;;Sem ação necessária.
Porto;08/09/25 05:00;0;NORMAL;;Sem ação necessária.
Porto;08/09/25 06:00;0;NORMAL;;Sem ação necessária.
Porto;08/09/25 07:00;0;NORMAL;;Sem ação necessária.
Porto;08/09/25 08:00;1;ALTO;R12_QUALIDADE_AR_PESSIMA;Qualidade do ar muito degradada agravada por humidade alta. Grupos de risco evitem saídas.
Porto;08/09/25 09:00;0;NORMAL;;Sem ação necessária.
Porto;08/09/25 10:00;0;NORMAL;;Sem ação necessária.
Porto;08/09/25 11:00;0;NORMAL;;Sem ação necessária.
Porto;08/09/25 12:00;0;NORMAL;;Sem ação necessária.
Porto;08/09/25 13:00;0;NORMAL;;Sem ação necessária.
Porto;08/09/25 14:00;0;NORMAL;;Sem ação necessária.
Porto;08/09/25 15:00;0;NORMAL;;Sem ação necessária.
Porto;08/09/25 16:00;0;NORMAL;;Sem ação necessária.
Porto;08/09/25 17:00;0;NORMAL;;Sem ação necessária.
Porto;08/09/25 18:00;0;NORMAL;;Sem ação necessária.
Porto;08/09/25 19:00;0;NORMAL;;Sem ação necessária.
Porto;08/09/25 20:00;0;NORMAL;;Sem ação necessária.
Porto;08/09/25 21:00;0;NORMAL;;Sem ação necessária.
Porto;08/09/25 22:00;0;NORMAL;;Sem ação necessária.
Porto;08/09/25 23:00;0;NORMAL;;Sem ação necessária.
Porto;09/09/25 00:00;0;NORMAL;;Sem ação necessária.
Porto;09/09/25 01:00;0;NORMAL;;Sem ação necessária.
Porto;09/09/25 02:00;0;NORMAL;;Sem ação necessária.
Porto;09/09/25 03:00;0;NORMAL;;Sem ação necessária.
Porto;09/09/25 04:00;0;NORMAL;;Sem ação necessária.
Porto;09/09/25 05:00;0;NORMAL;;Sem ação necessária.
Porto;09/09/25 06:00;0;NORMAL;;Sem ação necessária.
Porto;09/09/25 07:00;0;NORMAL;;Sem ação necessária.
Porto;09/09/25 08:00;0;NORMAL;;Sem ação necessária.
Porto;09/09/25 09:00;0;NORMAL;;Sem ação necessária.
Porto;09/09/25 10:00;0;NORMAL;;Sem ação necessária.
Porto;09/09/25 11:00;0;NORMAL;;Sem ação necessária.
Porto;09/09/25 12:00;0;NORMAL;;Sem ação necessária.
Porto;09/09/25 13:00;0;NORMAL;;Sem ação necessária.
Porto;09/09/25 14:00;0;NORMAL;;Sem ação necessária.
Porto;09/09/25 15:00;0;NORMAL;;Sem ação necessária.
Porto;09/09/25 16:00;0;NORMAL;;Sem ação necessária.
Porto;09/09/25 17:00;0;NORMAL;;Sem ação necessária.
Porto;09/09/25 18:00;0;NORMAL;;Sem ação necessária.
Porto;09/09/25 19:00;1;ALTO;R12_QUALIDADE_AR_PESSIMA;Qualidade do ar muito degradada agravada por humidade alta. Grupos de risco evitem saídas.
Porto;09/09/25 20:00;0;NORMAL;;Sem ação necessária.
Porto;09/09/25 21:00;0;NORMAL;;Sem ação necessária.
Porto;09/09/25 22:00;0;NORMAL;;Sem ação necessária.
Porto;09/09/25 23:00;0;NORMAL;;Sem ação necessária.
Porto;10/09/25 00:00;0;NORMAL;;Sem ação necessária.
Porto;10/09/25 01:00;0;NORMAL;;Sem ação necessária.
Porto;10/09/25 02:00;0;NORMAL;;Sem ação necessária.
Porto;10/09/25 03:00;0;NORMAL;;Sem ação necessária.
Porto;10/09/25 04:00;0;NORMAL;;Sem ação necessária.
Porto;10/09/25 05:00;0;NORMAL;;Sem ação necessária.
Porto;10/09/25 06:00;0;NORMAL;;Sem ação necessária.
Porto;10/09/25 07:00;0;NORMAL;;Sem ação necessária.
Porto;10/09/25 08:00;0;NORMAL;;Sem ação necessária.
Porto;10/09/25 09:00;1;ALTO;R12_QUALIDADE_AR_PESSIMA;Qualidade do ar muito degradada agravada por humidade alta. Grupos de risco evitem saídas.
Porto;10/09/25 10:00;0;NORMAL;;Sem ação necessária.
Porto;10/09/25 11:00;0;NORMAL;;Sem ação necessária.
Porto;10/09/25 12:00;0;NORMAL;;Sem ação necessária.
Porto;10/09/25 13:00;0;NORMAL;;Sem ação necessária.
Porto;10/09/25 14:00;0;NORMAL;;Sem ação necessária.
Porto;10/09/25 15:00;0;NORMAL;;Sem ação necessária.
Porto;10/09/25 16:00;0;NORMAL;;Sem ação necessária.
Porto;10/09/25 17:00;0;NORMAL;;Sem ação necessária.
Porto;10/09/25 18:00;0;NORMAL;;Sem ação necessária.
Porto;10/09/25 19:00;1;ALTO;R12_QUALIDADE_AR_PESSIMA;Qualidade do ar muito degradada agravada por humidade alta. Grupos de risco evitem saídas.
Porto;10/09/25 20:00;0;NORMAL;;Sem ação necessária.
Porto;10/09/25 21:00;0;NORMAL;;Sem ação necessária.
Porto;10/09/25 22:00;0;NORMAL;;Sem ação necessária.
Porto;10/09/25 23:00;0;NORMAL;;Sem ação necessária.
Porto;11/09/25 00:00;0;NORMAL;;Sem ação necessária.
Porto;11/09/25 01:00;0;NORMAL;;Sem ação necessária.
Porto;11/09/25 02:00;0;NORMAL;;Sem ação necessária.
Porto;11/09/25 03:00;0;NORMAL;;Sem ação necessária.
Porto;11/09/25 04:00;0;NORMAL;;Sem ação necessária.
Porto;11/09/25 05:00;0;NORMAL;;Sem ação necessária.
Porto;11/09/25 06:00;0;NORMAL;;Sem ação necessária.
Porto;11/09/25 07:00;0;NORMAL;;Sem ação necessária.
Porto;11/09/25 08:00;0;NORMAL;;Sem ação necessária.
Porto;11/09/25 09:00;0;NORMAL;;Sem ação necessária.
Porto;11/09/25 10:00;0;NORMAL;;Sem ação necessária.
Porto;11/09/25 11:00;0;NORMAL;;Sem ação necessária.
Porto;11/09/25 12:00;0;NORMAL;;Sem ação necessária.
Porto;11/09/25 13:00;0;NORMAL;;Sem ação necessária.
Porto;11/09/25 14:00;0;NORMAL;;Sem ação necessária.
Porto;11/09/25 15:00;0;NORMAL;;Sem ação necessária.
Porto;11/09/25 16:00;0;NORMAL;;Sem ação necessária.
Porto;11/09/25 17:00;0;NORMAL;;Sem ação necessária.
Porto;11/09/25 18:00;0;NORMAL;;Sem ação necessária.
Porto;11/09/25 19:00;0;NORMAL;;Sem ação necessária.
Porto;11/09/25 20:00;0;NORMAL;;Sem ação necessária.
Porto;11/09/25 21:00;0;NORMAL;;Sem ação necessária.
Porto;11/09/25 22:00;0;NORMAL;;Sem ação necessária.
Porto;11/09/25 23:00;0;NORMAL;;Sem ação necessária.
Porto;12/09/25 00:00;0;NORMAL;;Sem ação necessária.
Porto;12/09/25 01:00;0;NORMAL;;Sem ação necessária.
Porto;12/09/25 02:00;0;NORMAL;;Sem ação necessária.
Porto;12/09/25 03:00;0;NORMAL;;Sem ação necessária.
Porto;12/09/25 04:00;0;NORMAL;;Sem ação necessária.
Porto;12/09/25 05:00;0;NORMAL;;Sem ação necessária.
Porto;12/09/25 06:00;0;NORMAL;;Sem ação necessária.
Porto;12/09/25 07:00;0;NORMAL;;Sem ação necessária.
Porto;12/09/25 08:00;0;NORMAL;;Sem ação necessária.
Porto;12/09/25 09:00;0;NORMAL;;Sem ação necessária.
Porto;12/09/25 10:00;0;NORMAL;;Sem ação necessária.
Porto;12/09/25 11:00;0;NORMAL;;Sem ação necessária.
Porto;12/09/25 12:00;0;NORMAL;;Sem ação necessária.
Porto;12/09/25 13:00;0;NORMAL;;Sem ação necessária.
Porto;12/09/25 14:00;0;NORMAL;;Sem ação necessária.
Porto;12/09/25 15:00;0;NORMAL;;Sem ação necessária.
Porto;12/09/25 16:00;0;NORMAL;;Sem ação necessária.
Porto;12/09/25 17:00;0;NORMAL;;Sem ação necessária.
Porto;12/09/25 18:00;0;NORMAL;;Sem ação necessária.
Porto;12/09/25 19:00;0;NORMAL;;Sem ação necessária.
Porto;12/09/25 20:00;0;NORMAL;;Sem ação necessária.
Porto;12/09/25 21:00;0;NORMAL;;Sem ação necessária.
Porto;12/09/25 22:00;0;NORMAL;;Sem ação necessária.
Porto;12/09/25 23:00;0;NORMAL;;Sem ação necessária.
Porto;13/09/25 00:00;0;NORMAL;;Sem ação necessária.
Porto;13/09/25 01:00;0;NORMAL;;Sem ação necessária.
Porto;13/09/25 02:00;0;NORMAL;;Sem ação necessária.
Porto;13/09/25 03:00;0;NORMAL;;Sem ação necessária.
Porto;13/09/25 04:00;0;NORMAL;;Sem ação necessária.
Porto;13/09/25 05:00;0;NORMAL;;Sem ação necessária.
Porto;13/09/25 06:00;0;NORMAL;;Sem ação necessária.
Porto;13/09/25 07:00;0;NORMAL;;Sem ação necessária.
Porto;13/09/25 08:00;0;NORMAL;;Sem ação necessária.
Porto;13/09/25 09:00;0;NORMAL;;Sem ação necessária.
Porto;13/09/25 10:00;0;NORMAL;;Sem ação necessária.
Porto;13/09/25 11:00;0;NORMAL;;Sem ação necessária.
Porto;13/09/25 12:00;0;NORMAL;;Sem ação necessária.
Porto;13/09/25 13:00;0;NORMAL;;Sem ação necessária.
Porto;13/09/25 14:00;0;NORMAL;;Sem ação necessária.
Porto;13/09/25 15:00;0;NORMAL;;Sem ação necessária.
Porto;13/09/25 16:00;0;NORMAL;;Sem ação necessária.
Porto;13/09/25 17:00;0;NORMAL;;Sem ação necessária.
Porto;13/09/25 18:00;0;NORMAL;;Sem ação necessária.
Porto;13/09/25 19:00;0;NORMAL;;Sem ação necessária.
Porto;13/09/25 20:00;0;NORMAL;;Sem ação necessária.
Porto;13/09/25 21:00;0;NORMAL;;Sem ação necessária.
Porto;13/09/25 22:00;0;NORMAL;;Sem ação necessária.
Porto;13/09/25 23:00;0;NORMAL;;Sem ação necessária.
Porto;14/09/25 00:00;0;NORMAL;;Sem ação necessária.
Porto;14/09/25 01:00;0;NORMAL;;Sem ação necessária.
Porto;14/09/25 02:00;0;NORMAL;;Sem ação necessária.
Porto;14/09/25 03:00;0;NORMAL;;Sem ação necessária.
Porto;14/09/25 04:00;0;NORMAL;;Sem ação necessária.
Porto;14/09/25 05:00;0;NORMAL;;Sem ação necessária.
Porto;14/09/25 06:00;0;NORMAL;;Sem ação necessária.
Porto;14/09/25 07:00;0;NORMAL;;Sem ação necessária.
Porto;14/09/25 08:00;0;NORMAL;;Sem ação necessária.
Porto;14/09/25 09:00;0;NORMAL;;Sem ação necessária.
Porto;14/09/25 10:00;0;NORMAL;;Sem ação necessária.
Porto;14/09/25 11:00;0;NORMAL;;Sem ação necessária.
Porto;14/09/25 12:00;0;NORMAL;;Sem ação necessária.
Porto;14/09/25 13:00;0;NORMAL;;Sem ação necessária.
Porto;14/09/25 14:00;0;NORMAL;;Sem ação necessária.
Porto;14/09/25 15:00;0;NORMAL;;Sem ação necessária.
Porto;14/09/25 16:00;0;NORMAL;;Sem ação necessária.
Porto;14/09/25 17:00;0;NORMAL;;Sem ação necessária.
Porto;14/09/25 18:00;0;NORMAL;;Sem ação necessária.
Porto;14/09/25 19:00;0;NORMAL;;Sem ação necessária.
Porto;14/09/25 20:00;0;NORMAL;;Sem ação necessária.
Porto;14/09/25 21:00;0;NORMAL;;Sem ação necessária.
Porto;14/09/25 22:00;0;NORMAL;;Sem ação necessária.
Porto;14/09/25 23:00;0;NORMAL;;Sem ação necessária.
Porto;15/09/25 00:00;0;NORMAL;;Sem ação necessária.
Porto;15/09/25 01:00;0;NORMAL;;Sem ação necessária.
Porto;15/09/25 02:00;0;NORMAL;;Sem ação necessária.
Porto;15/09/25 03:00;0;NORMAL;;Sem ação necessária.
Porto;15/09/25 04:00;0;NORMAL;;Sem ação necessária.
Porto;15/09/25 05:00;0;NORMAL;;Sem ação necessária.
Porto;15/09/25 06:00;0;NORMAL;;Sem ação necessária.
Porto;15/09/25 07:00;0;NORMAL;;Sem ação necessária.
Porto;15/09/25 08:00;0;NORMAL;;Sem ação necessária.
Porto;15/09/25 09:00;0;NORMAL;;Sem ação necessária.
Porto;15/09/25 10:00;0;NORMAL;;Sem ação necessária.
Porto;15/09/25 11:00;0;NORMAL;;Sem ação necessária.
Porto;15/09/25 12:00;0;NORMAL;;Sem ação necessária.
Porto;15/09/25 13:00;0;NORMAL;;Sem ação necessária.
Porto;15/09/25 14:00;0;NORMAL;;Sem ação necessária.
Porto;15/09/25 15:00;0;NORMAL;;Sem ação necessária.
Porto;15/09/25 16:00;0;NORMAL;;Sem ação necessária.
Porto;15/09/25 17:00;0;NORMAL;;Sem ação necessária.
Porto;15/09/25 18:00;0;NORMAL;;Sem ação necessária.
Porto;15/09/25 19:00;0;NORMAL;;Sem ação necessária.
Porto;15/09/25 20:00;0;NORMAL;;Sem ação necessária.
Porto;15/09/25 21:00;0;NORMAL;;Sem ação necessária.
Porto;15/09/25 22:00;0;NORMAL;;Sem ação necessária.
Porto;15/09/25 23:00;0;NORMAL;;Sem ação necessária.
Porto;16/09/25 00:00;0;NORMAL;;Sem ação necessária.
Porto;16/09/25 01:00;0;NORMAL;;Sem ação necessária.
Porto;16/09/25 02:00;0;NORMAL;;Sem ação necessária.
Porto;16/09/25 03:00;0;NORMAL;;Sem ação necessária.
Porto;16/09/25 04:00;0;NORMAL;;Sem ação necessária.
Porto;16/09/25 05:00;0;NORMAL;;Sem ação necessária.
Porto;16/09/25 06:00;0;NORMAL;;Sem ação necessária.
Porto;16/09/25 07:00;0;NORMAL;;Sem ação necessária.
Porto;16/09/25 08:00;0;NORMAL;;Sem ação necessária.
Porto;16/09/25 09:00;0;NORMAL;;Sem ação necessária.
Porto;16/09/25 10:00;0;NORMAL;;Sem ação necessária.
Porto;16/09/25 11:00;0;NORMAL;;Sem ação necessária.
Porto;16/09/25 12:00;0;NORMAL;;Sem ação necessária.
Porto;16/09/25 13:00;0;NORMAL;;Sem ação necessária.
Porto;16/09/25 14:00;0;NORMAL;;Sem ação necessária.
Porto;16/09/25 15:00;0;NORMAL;;Sem ação necessária.
Porto;16/09/25 16:00;0;NORMAL;;Sem ação necessária.
Porto;16/09/25 17:00;0;NORMAL;;Sem ação necessária.
Porto;16/09/25 18:00;0;NORMAL;;Sem ação necessária.
Porto;16/09/25 19:00;0;NORMAL;;Sem ação necessária.
Porto;16/09/25 20:00;0;NORMAL;;Sem ação necessária.
Porto;16/09/25 21:00;0;NORMAL;;Sem ação necessária.
Porto;16/09/25 22:00;0;NORMAL;;Sem ação necessária.
Porto;16/09/25 23:00;0;NORMAL;;Sem ação necessária.
Porto;17/09/25 00:00;0;NORMAL;;Sem ação necessária.
Porto;17/09/25 01:00;0;NORMAL;;Sem ação necessária.
Porto;17/09/25 02:00;0;NORMAL;;Sem ação necessária.
Porto;17/09/25 03:00;0;NORMAL;;Sem ação necessária.
Porto;17/09/25 04:00;0;NORMAL;;Sem ação necessária.
Porto;17/09/25 05:00;0;NORMAL;;Sem ação necessária.
Porto;17/09/25 06:00;0;NORMAL;;Sem ação necessária.
Porto;17/09/25 07:00;0;NORMAL;;Sem ação necessária.
Porto;17/09/25 08:00;0;NORMAL;;Sem ação necessária.
Porto;17/09/25 09:00;0;NORMAL;;Sem ação necessária.
Porto;17/09/25 10:00;0;NORMAL;;Sem ação necessária.
Porto;17/09/25 11:00;0;NORMAL;;Sem ação necessária.
Porto;17/09/25 12:00;0;NORMAL;;Sem ação necessária.
Porto;17/09/25 13:00;0;NORMAL;;Sem ação necessária.
Porto;17/09/25 14:00;0;NORMAL;;Sem ação necessária.
Porto;17/09/25 15:00;0;NORMAL;;Sem ação necessária.
Porto;17/09/25 16:00;0;NORMAL;;Sem ação necessária.
Porto;17/09/25 17:00;0;NORMAL;;Sem ação necessária.
Porto;17/09/25 18:00;0;NORMAL;;Sem ação necessária.
Porto;17/09/25 19:00;0;NORMAL;;Sem ação necessária.
Porto;17/09/25 20:00;0;NORMAL;;Sem ação necessária.
Porto;17/09/25 21:00;0;NORMAL;;Sem ação necessária.
Porto;17/09/25 22:00;0;NORMAL;;Sem ação necessária.
Porto;17/09/25 23:00;0;NORMAL;;Sem ação necessária.
Porto;18/09/25 00:00;0;NORMAL;;Sem ação necessária.
Porto;18/09/25 01:00;0;NORMAL;;Sem ação necessária.
Porto;18/09/25 02:00;0;NORMAL;;Sem ação necessária.
Porto;18/09/25 03:00;0;NORMAL;;Sem ação necessária.
Porto;18/09/25 04:00;0;NORMAL;;Sem ação necessária.
Porto;18/09/25 05:00;0;NORMAL;;Sem ação necessária.
Porto;18/09/25 06:00;0;NORMAL;;Sem ação necessária.
Porto;18/09/25 07:00;0;NORMAL;;Sem ação necessária.
Porto;18/09/25 08:00;0;NORMAL;;Sem ação necessária.
Porto;18/09/25 09:00;0;NORMAL;;Sem ação necessária.
Porto;18/09/25 10:00;0;NORMAL;;Sem ação necessária.
Porto;18/09/25 11:00;0;NORMAL;;Sem ação necessária.
Porto;18/09/25 12:00;0;NORMAL;;Sem ação necessária.
Porto;18/09/25 13:00;0;NORMAL;;Sem ação necessária.
Porto;18/09/25 14:00;0;NORMAL;;Sem ação necessária.
Porto;18/09/25 15:00;0;NORMAL;;Sem ação necessária.
Porto;18/09/25 16:00;0;NORMAL;;Sem ação necessária.
Porto;18/09/25 17:00;0;NORMAL;;Sem ação necessária.
Porto;18/09/25 18:00;0;NORMAL;;Sem ação necessária.
Porto;18/09/25 19:00;0;NORMAL;;Sem ação necessária.
Porto;18/09/25 20:00;0;NORMAL;;Sem ação necessária.
Porto;18/09/25 21:00;0;NORMAL;;Sem ação necessária.
Porto;18/09/25 22:00;0;NORMAL;;Sem ação necessária.
Porto;18/09/25 23:00;0;NORMAL;;Sem ação necessária.
Porto;19/09/25 00:00;0;NORMAL;;Sem ação necessária.
Porto;19/09/25 01:00;0;NORMAL;;Sem ação necessária.
Porto;19/09/25 02:00;0;NORMAL;;Sem ação necessária.
Porto;19/09/25 03:00;0;NORMAL;;Sem ação necessária.
Porto;19/09/25 04:00;0;NORMAL;;Sem ação necessária.
Porto;19/09/25 05:00;0;NORMAL;;Sem ação necessária.
Porto;19/09/25 06:00;0;NORMAL;;Sem ação necessária.
Porto;19/09/25 07:00;0;NORMAL;;Sem ação necessária.
Porto;19/09/25 08:00;1;ALTO;R12_QUALIDADE_AR_PESSIMA;Qualidade do ar muito degradada agravada por humidade alta. Grupos de risco evitem saídas.
Porto;19/09/25 09:00;0;NORMAL;;Sem ação necessária.
Porto;19/09/25 10:00;0;NORMAL;;Sem ação necessária.
Porto;19/09/25 11:00;0;NORMAL;;Sem ação necessária.
Porto;19/09/25 12:00;0;NORMAL;;Sem ação necessária.
Porto;19/09/25 13:00;0;NORMAL;;Sem ação necessária.
Porto;19/09/25 14:00;0;NORMAL;;Sem ação necessária.
Porto;19/09/25 15:00;0;NORMAL;;Sem ação necessária.
Porto;19/09/25 16:00;0;NORMAL;;Sem ação necessária.
Porto;19/09/25 17:00;0;NORMAL;;Sem ação necessária.
Porto;19/09/25 18:00;0;NORMAL;;Sem ação necessária.
Porto;19/09/25 19:00;0;NORMAL;;Sem ação necessária.
Porto;19/09/25 20:00;0;NORMAL;;Sem ação necessária.
Porto;19/09/25 21:00;0;NORMAL;;Sem ação necessária.
Porto;19/09/25 22:00;0;NORMAL;;Sem ação necessária.
Porto;19/09/25 23:00;0;NORMAL;;Sem ação necessária.
Porto;20/09/25 00:00;0;NORMAL;;Sem ação necessária.
Porto;20/09/25 01:00;0;NORMAL;;Sem ação necessária.
Porto;20/09/25 02:00;0;NORMAL;;Sem ação necessária.
Porto;20/09/25 03:00;0;NORMAL;;Sem ação necessária.
Porto;20/09/25 04:00;0;NORMAL;;Sem ação necessária.
Porto;20/09/25 05:00;0;NORMAL;;Sem ação necessária.
Porto;20/09/25 06:00;0;NORMAL;;Sem ação necessária.
Porto;20/09/25 07:00;0;NORMAL;;Sem ação necessária.
Porto;20/09/25 08:00;0;NORMAL;;Sem ação necessária.
Porto;20/09/25 09:00;0;NORMAL;;Sem ação necessária.
Porto;20/09/25 10:00;0;NORMAL;;Sem ação necessária.
Porto;20/09/25 11:00;0;NORMAL;;Sem ação necessária.
Porto;20/09/25 12:00;0;NORMAL;;Sem ação necessária.
Porto;20/09/25 13:00;0;NORMAL;;Sem ação necessária.
Porto;20/09/25 14:00;0;NORMAL;;Sem ação necessária.
Porto;20/09/25 15:00;0;NORMAL;;Sem ação necessária.
Porto;20/09/25 16:00;0;NORMAL;;Sem ação necessária.
Porto;20/09/25 17:00;0;NORMAL;;Sem ação necessária.
Porto;20/09/25 18:00;0;NORMAL;;Sem ação necessária.
Porto;20/09/25 19:00;0;NORMAL;;Sem ação necessária.
Porto;20/09/25 20:00;0;NORMAL;;Sem ação necessária.
Porto;20/09/25 21:00;0;NORMAL;;Sem ação necessária.
Porto;20/09/25 22:00;0;NORMAL;;Sem ação necessária.
Porto;20/09/25 23:00;0;NORMAL;;Sem ação necessária.
Porto;21/09/25 00:00;0;NORMAL;;Sem ação necessária.
Porto;21/09/25 01:00;0;NORMAL;;Sem ação necessária.
Porto;21/09/25 02:00;0;NORMAL;;Sem ação necessária.
Porto;21/09/25 03:00;0;NORMAL;;Sem ação necessária.
Porto;21/09/25 04:00;0;NORMAL;;Sem ação necessária.
Porto;21/09/25 05:00;0;NORMAL;;Sem ação necessária.
Porto;21/09/25 06:00;0;NORMAL;;Sem ação necessária.
Porto;21/09/25 07:00;0;NORMAL;;Sem ação necessária.
Porto;21/09/25 08:00;0;NORMAL;;Sem ação necessária.
Porto;21/09/25 09:00;0;NORMAL;;Sem ação necessária.
Porto;21/09/25 10:00;0;NORMAL;;Sem ação necessária.
Porto;21/09/25 11:00;0;NORMAL;;Sem ação necessária.
Porto;21/09/25 12:00;0;NORMAL;;Sem ação necessária.
Porto;21/09/25 13:00;0;NORMAL;;Sem ação necessária.
Porto;21/09/25 14:00;0;NORMAL;;Sem ação necessária.
Porto;21/09/25 15:00;0;NORMAL;;Sem ação necessária.
Porto;21/09/25 16:00;0;NORMAL;;Sem ação necessária.
Porto;21/09/25 17:00;0;NORMAL;;Sem ação necessária.
Porto;21/09/25 18:00;0;NORMAL;;Sem ação necessária.
Porto;21/09/25 19:00;0;NORMAL;;Sem ação necessária.
Porto;21/09/25 20:00;0;NORMAL;;Sem ação necessária.
Porto;21/09/25 21:00;0;NORMAL;;Sem ação necessária.
Porto;21/09/25 22:00;0;NORMAL;;Sem ação necessária.
Porto;21/09/25 23:00;0;NORMAL;;Sem ação necessária.
Porto;22/09/25 00:00;0;NORMAL;;Sem ação necessária.
Porto;22/09/25 01:00;0;NORMAL;;Sem ação necessária.
Porto;22/09/25 02:00;0;NORMAL;;Sem ação necessária.
Porto;22/09/25 03:00;0;NORMAL;;Sem ação necessária.
Porto;22/09/25 04:00;0;NORMAL;;Sem ação necessária.
Porto;22/09/25 05:00;0;NORMAL;;Sem ação necessária.
Porto;22/09/25 06:00;0;NORMAL;;Sem ação necessária.
Porto;22/09/25 07:00;0;NORMAL;;Sem ação necessária.
Porto;22/09/25 08:00;1;ALTO;R12_QUALIDADE_AR_PESSIMA;Qualidade do ar muito degradada agravada por humidade alta. Grupos de risco evitem saídas.
Porto;22/09/25 09:00;0;NORMAL;;Sem ação necessária.
Porto;22/09/25 10:00;0;NORMAL;;Sem ação necessária.
Porto;22/09/25 11:00;0;NORMAL;;Sem ação necessária.
Porto;22/09/25 12:00;0;NORMAL;;Sem ação necessária.
Porto;22/09/25 13:00;0;NORMAL;;Sem ação necessária.
Porto;22/09/25 14:00;0;NORMAL;;Sem ação necessária.
Porto;22/09/25 15:00;0;NORMAL;;Sem ação necessária.
Porto;22/09/25 16:00;0;NORMAL;;Sem ação necessária.
Porto;22/09/25 17:00;0;NORMAL;;Sem ação necessária.
Porto;22/09/25 18:00;0;NORMAL;;Sem ação necessária.
Porto;22/09/25 19:00;0;NORMAL;;Sem ação necessária.
Porto;22/09/25 20:00;0;NORMAL;;Sem ação necessária.
Porto;22/09/25 21:00;0;NORMAL;;Sem ação necessária.
Porto;22/09/25 22:00;0;NORMAL;;Sem ação necessária.
Porto;22/09/25 23:00;0;NORMAL;;Sem ação necessária.
Porto;23/09/25 00:00;0;NORMAL;;Sem ação necessária.
Porto;23/09/25 01:00;0;NORMAL;;Sem ação necessária.
Porto;23/09/25 02:00;0;NORMAL;;Sem ação necessária.
Porto;23/09/25 03:00;0;NORMAL;;Sem ação necessária.
Porto;23/09/25 04:00;0;NORMAL;;Sem ação necessária.
Porto;23/09/25 05:00;0;NORMAL;;Sem ação necessária.
Porto;23/09/25 06:00;0;NORMAL;;Sem ação necessária.
Porto;23/09/25 07:00;0;NORMAL;;Sem ação necessária.
Porto;23/09/25 08:00;0;NORMAL;;Sem ação necessária.
Porto;23/09/25 09:00;0;NORMAL;;Sem ação necessária.
Porto;23/09/25 10:00;0;NORMAL;;Sem ação necessária.
Porto;23/09/25 11:00;0;NORMAL;;Sem ação necessária.
Porto;23/09/25 12:00;0;NORMAL;;Sem ação necessária.
Porto;23/09/25 13:00;0;NORMAL;;Sem ação necessária.
Porto;23/09/25 14:00;0;NORMAL;;Sem ação necessária.
Porto;23/09/25 15:00;0;NORMAL;;Sem ação necessária.
Porto;23/09/25 16:00;0;NORMAL;;Sem ação necessária.
Porto;23/09/25 17:00;0;NORMAL;;Sem ação necessária.
Porto;23/09/25 18:00;0;NORMAL;;Sem ação necessária.
Porto;23/09/25 19:00;0;NORMAL;;Sem ação necessária.
Porto;23/09/25 20:00;0;NORMAL;;Sem ação necessária.
Porto;23/09/25 21:00;0;NORMAL;;Sem ação necessária.
Porto;23/09/25 22:00;0;NORMAL;;Sem ação necessária.
Porto;23/09/25 23:00;0;NORMAL;;Sem ação necessária.
Porto;24/09/25 00:00;0;NORMAL;;Sem ação necessária.
Porto;24/09/25 01:00;0;NORMAL;;Sem ação necessária.
Porto;24/09/25 02:00;0;NORMAL;;Sem ação necessária.
Porto;24/09/25 03:00;0;NORMAL;;Sem ação necessária.
Porto;24/09/25 04:00;0;NORMAL;;Sem ação necessária.
Porto;24/09/25 05:00;0;NORMAL;;Sem ação necessária.
Porto;24/09/25 06:00;0;NORMAL;;Sem ação necessária.
Porto;24/09/25 07:00;0;NORMAL;;Sem ação necessária.
Porto;24/09/25 08:00;0;NORMAL;;Sem ação necessária.
Porto;24/09/25 09:00;0;NORMAL;;Sem ação necessária.
Porto;24/09/25 10:00;0;NORMAL;;Sem ação necessária.
Porto;24/09/25 11:00;0;NORMAL;;Sem ação necessária.
Porto;24/09/25 12:00;0;NORMAL;;Sem ação necessária.
Porto;24/09/25 13:00;0;NORMAL;;Sem ação necessária.
Porto;24/09/25 14:00;0;NORMAL;;Sem ação necessária.
Porto;24/09/25 15:00;0;NORMAL;;Sem ação necessária.
Porto;24/09/25 16:00;0;NORMAL;;Sem ação necessária.
Porto;24/09/25 17:00;0;NORMAL;;Sem ação necessária.
Porto;24/09/25 18:00;0;NORMAL;;Sem ação necessária.
Porto;24/09/25 19:00;0;NORMAL;;Sem ação necessária.
Porto;24/09/25 20:00;0;NORMAL;;Sem ação necessária.
Porto;24/09/25 21:00;0;NORMAL;;Sem ação necessária.
Porto;24/09/25 22:00;0;NORMAL;;Sem ação necessária.
Porto;24/09/25 23:00;0;NORMAL;;Sem ação necessária.
Porto;25/09/25 00:00;0;NORMAL;;Sem ação necessária.
Porto;25/09/25 01:00;0;NORMAL;;Sem ação necessária.
Porto;25/09/25 02:00;0;NORMAL;;Sem ação necessária.
Porto;25/09/25 03:00;0;NORMAL;;Sem ação necessária.
Porto;25/09/25 04:00;0;NORMAL;;Sem ação necessária.
Porto;25/09/25 05:00;0;NORMAL;;Sem ação necessária.
Porto;25/09/25 06:00;0;NORMAL;;Sem ação necessária.
Porto;25/09/25 07:00;0;NORMAL;;Sem ação necessária.
Porto;25/09/25 08:00;0;NORMAL;;Sem ação necessária.
Porto;25/09/25 09:00;0;NORMAL;;Sem ação necessária.
Porto;25/09/25 10:00;0;NORMAL;;Sem ação necessária.
Porto;25/09/25 11:00;0;NORMAL;;Sem ação necessária.
Porto;25/09/25 12:00;0;NORMAL;;Sem ação necessária.
Porto;25/09/25 13:00;0;NORMAL;;Sem ação necessária.
Porto;25/09/25 14:00;0;NORMAL;;Sem ação necessária.
Porto;25/09/25 15:00;0;NORMAL;;Sem ação necessária.
Porto;25/09/25 16:00;0;NORMAL;;Sem ação necessária.
Porto;25/09/25 17:00;0;NORMAL;;Sem ação necessária.
Porto;25/09/25 18:00;0;NORMAL;;Sem ação necessária.
Porto;25/09/25 19:00;0;NORMAL;;Sem ação necessária.
Porto;25/09/25 20:00;0;NORMAL;;Sem ação necessária.
Porto;25/09/25 21:00;0;NORMAL;;Sem ação necessária.
Porto;25/09/25 22:00;0;NORMAL;;Sem ação necessária.
Porto;25/09/25 23:00;0;NORMAL;;Sem ação necessária.
Porto;26/09/25 00:00;0;NORMAL;;Sem ação necessária.
Porto;26/09/25 01:00;0;NORMAL;;Sem ação necessária.
Porto;26/09/25 02:00;0;NORMAL;;Sem ação necessária.
Porto;26/09/25 03:00;0;NORMAL;;Sem ação necessária.
Porto;26/09/25 04:00;0;NORMAL;;Sem ação necessária.
Porto;26/09/25 05:00;0;NORMAL;;Sem ação necessária.
Porto;26/09/25 06:00;0;NORMAL;;Sem ação necessária.
Porto;26/09/25 07:00;0;NORMAL;;Sem ação necessária.
Porto;26/09/25 08:00;0;NORMAL;;Sem ação necessária.
Porto;26/09/25 09:00;0;NORMAL;;Sem ação necessária.
Porto;26/09/25 10:00;0;NORMAL;;Sem ação necessária.
Porto;26/09/25 11:00;0;NORMAL;;Sem ação necessária.
Porto;26/09/25 12:00;0;NORMAL;;Sem ação necessária.
Porto;26/09/25 13:00;0;NORMAL;;Sem ação necessária.
Porto;26/09/25 14:00;0;NORMAL;;Sem ação necessária.
Porto;26/09/25 15:00;0;NORMAL;;Sem ação necessária.
Porto;26/09/25 16:00;0;NORMAL;;Sem ação necessária.
Porto;26/09/25 17:00;0;NORMAL;;Sem ação necessária.
Porto;26/09/25 18:00;0;NORMAL;;Sem ação necessária.
Porto;26/09/25 19:00;0;NORMAL;;Sem ação necessária.
Porto;26/09/25 20:00;0;NORMAL;;Sem ação necessária.
Porto;26/09/25 21:00;0;NORMAL;;Sem ação necessária.
Porto;26/09/25 22:00;0;NORMAL;;Sem ação necessária.
Porto;26/09/25 23:00;0;NORMAL;;Sem ação necessária.
Porto;27/09/25 00:00;0;NORMAL;;Sem ação necessária.
Porto;27/09/25 01:00;0;NORMAL;;Sem ação necessária.
Porto;27/09/25 02:00;0;NORMAL;;Sem ação necessária.
Porto;27/09/25 03:00;0;NORMAL;;Sem ação necessária.
Porto;27/09/25 04:00;0;NORMAL;;Sem ação necessária.
Porto;27/09/25 05:00;0;NORMAL;;Sem ação necessária.
Porto;27/09/25 06:00;0;NORMAL;;Sem ação necessária.
Porto;27/09/25 07:00;0;NORMAL;;Sem ação necessária.
Porto;27/09/25 08:00;0;NORMAL;;Sem ação necessária.
Porto;27/09/25 09:00;0;NORMAL;;Sem ação necessária.
Porto;27/09/25 10:00;0;NORMAL;;Sem ação necessária.
Porto;27/09/25 11:00;0;NORMAL;;Sem ação necessária.
Porto;27/09/25 12:00;0;NORMAL;;Sem ação necessária.
Porto;27/09/25 13:00;0;NORMAL;;Sem ação necessária.
Porto;27/09/25 14:00;0;NORMAL;;Sem ação necessária.
Porto;27/09/25 15:00;0;NORMAL;;Sem ação necessária.
Porto;27/09/25 16:00;0;NORMAL;;Sem ação necessária.
Porto;27/09/25 17:00;0;NORMAL;;Sem ação necessária.
Porto;27/09/25 18:00;0;NORMAL;;Sem ação necessária.
Porto;27/09/25 19:00;0;NORMAL;;Sem ação necessária.
Porto;27/09/25 20:00;0;NORMAL;;Sem ação necessária.
Porto;27/09/25 21:00;0;NORMAL;;Sem ação necessária.
Porto;27/09/25 22:00;0;NORMAL;;Sem ação necessária.
Porto;27/09/25 23:00;0;NORMAL;;Sem ação necessária.
Porto;28/09/25 00:00;0;NORMAL;;Sem ação necessária.
Porto;28/09/25 01:00;0;NORMAL;;Sem ação necessária.
Porto;28/09/25 02:00;1;MODERADO;R11_PRECIPITACAO_INTENSA;Precipitação intensa. Risco de inundações em zonas baixas. Evitar viajar.
Porto;28/09/25 03:00;0;NORMAL;;Sem ação necessária.
Porto;28/09/25 04:00;1;MODERADO;R11_PRECIPITACAO_INTENSA;Precipitação intensa. Risco de inundações em zonas baixas. Evitar viajar.
Porto;28/09/25 05:00;0;NORMAL;;Sem ação necessária.
Porto;28/09/25 06:00;0;NORMAL;;Sem ação necessária.
Porto;28/09/25 07:00;0;NORMAL;;Sem ação necessária.
Porto;28/09/25 08:00;0;NORMAL;;Sem ação necessária.
Porto;28/09/25 09:00;0;NORMAL;;Sem ação necessária.
Porto;28/09/25 10:00;0;NORMAL;;Sem ação necessária.
Porto;28/09/25 11:00;0;NORMAL;;Sem ação necessária.
Porto;28/09/25 12:00;0;NORMAL;;Sem ação necessária.
Porto;28/09/25 13:00;0;NORMAL;;Sem ação necessária.
Porto;28/09/25 14:00;0;NORMAL;;Sem ação necessária.
Porto;28/09/25 15:00;0;NORMAL;;Sem ação necessária.
Porto;28/09/25 16:00;0;NORMAL;;Sem ação necessária.
Porto;28/09/25 17:00;0;NORMAL;;Sem ação necessária.
Porto;28/09/25 18:00;0;NORMAL;;Sem ação necessária.
Porto;28/09/25 19:00;0;NORMAL;;Sem ação necessária.
Porto;28/09/25 20:00;0;NORMAL;;Sem ação necessária.
Porto;28/09/25 21:00;0;NORMAL;;Sem ação necessária.
Porto;28/09/25 22:00;0;NORMAL;;Sem ação necessária.
Porto;28/09/25 23:00;0;NORMAL;;Sem ação necessária.
Porto;29/09/25 00:00;0;NORMAL;;Sem ação necessária.
Porto;29/09/25 01:00;0;NORMAL;;Sem ação necessária.
Porto;29/09/25 02:00;0;NORMAL;;Sem ação necessária.
Porto;29/09/25 03:00;0;NORMAL;;Sem ação necessária.
Porto;29/09/25 04:00;0;NORMAL;;Sem ação necessária.
Porto;29/09/25 05:00;0;NORMAL;;Sem ação necessária.
Porto;29/09/25 06:00;0;NORMAL;;Sem ação necessária.
Porto;29/09/25 07:00;0;NORMAL;;Sem ação necessária.
Porto;29/09/25 08:00;0;NORMAL;;Sem ação necessária.
Porto;29/09/25 09:00;1;ALTO;R12_QUALIDADE_AR_PESSIMA;Qualidade do ar muito degradada agravada por humidade alta. Grupos de risco evitem saídas.
Porto;29/09/25 10:00;0;NORMAL;;Sem ação necessária.
Porto;29/09/25 11:00;0;NORMAL;;Sem ação necessária.
Porto;29/09/25 12:00;0;NORMAL;;Sem ação necessária.
Porto;29/09/25 13:00;0;NORMAL;;Sem ação necessária.
Porto;29/09/25 14:00;0;NORMAL;;Sem ação necessária.
Porto;29/09/25 15:00;0;NORMAL;;Sem ação necessária.
Porto;29/09/25 16:00;0;NORMAL;;Sem ação necessária.
Porto;29/09/25 17:00;0;NORMAL;;Sem ação necessária.
Porto;29/09/25 18:00;0;NORMAL;;Sem ação necessária.
Porto;29/09/25 19:00;0;NORMAL;;Sem ação necessária.
Porto;29/09/25 20:00;0;NORMAL;;Sem ação necessária.
Porto;29/09/25 21:00;0;NORMAL;;Sem ação necessária.
Porto;29/09/25 22:00;0;NORMAL;;Sem ação necessária.
Porto;29/09/25 23:00;0;NORMAL;;Sem ação necessária.
Porto;30/09/25 00:00;0;NORMAL;;Sem ação necessária.
Porto;30/09/25 01:00;0;NORMAL;;Sem ação necessária.
Porto;30/09/25 02:00;0;NORMAL;;Sem ação necessária.
Porto;30/09/25 03:00;0;NORMAL;;Sem ação necessária.
Porto;30/09/25 04:00;0;NORMAL;;Sem ação necessária.
Porto;30/09/25 05:00;0;NORMAL;;Sem ação necessária.
Porto;30/09/25 06:00;0;NORMAL;;Sem ação necessária.
Porto;30/09/25 07:00;0;NORMAL;;Sem ação necessária.
Porto;30/09/25 08:00;0;NORMAL;;Sem ação necessária.
Porto;30/09/25 09:00;0;NORMAL;;Sem ação necessária.
Porto;30/09/25 10:00;0;NORMAL;;Sem ação necessária.
Porto;30/09/25 11:00;0;NORMAL;;Sem ação necessária.
Porto;30/09/25 12:00;0;NORMAL;;Sem ação necessária.
Porto;30/09/25 13:00;0;NORMAL;;Sem ação necessária.
Porto;30/09/25 14:00;0;NORMAL;;Sem ação necessária.
Porto;30/09/25 15:00;0;NORMAL;;Sem ação necessária.
Porto;30/09/25 16:00;0;NORMAL;;Sem ação necessária.
Porto;30/09/25 17:00;0;NORMAL;;Sem ação necessária.
Porto;30/09/25 18:00;0;NORMAL;;Sem ação necessária.
Porto;30/09/25 19:00;0;NORMAL;;Sem ação necessária.
Porto;30/09/25 20:00;0;NORMAL;;Sem ação necessária.
Porto;30/09/25 21:00;0;NORMAL;;Sem ação necessária.
Porto;30/09/25 22:00;0;NORMAL;;Sem ação necessária.
Porto;30/09/25 23:00;0;NORMAL;;Sem ação necessária.
Porto;01/10/25 00:00;0;NORMAL;;Sem ação necessária.
Porto;01/10/25 01:00;0;NORMAL;;Sem ação necessária.
Porto;01/10/25 02:00;0;NORMAL;;Sem ação necessária.
Porto;01/10/25 03:00;0;NORMAL;;Sem ação necessária.
Porto;01/10/25 04:00;0;NORMAL;;Sem ação necessária.
Porto;01/10/25 05:00;0;NORMAL;;Sem ação necessária.
Porto;01/10/25 06:00;0;NORMAL;;Sem ação necessária.
Porto;01/10/25 07:00;0;NORMAL;;Sem ação necessária.
Porto;01/10/25 08:00;1;ALTO;R12_QUALIDADE_AR_PESSIMA;Qualidade do ar muito degradada agravada por humidade alta. Grupos de risco evitem saídas.
Porto;01/10/25 09:00;0;NORMAL;;Sem ação necessária.
Porto;01/10/25 10:00;0;NORMAL;;Sem ação necessária.
Porto;01/10/25 11:00;0;NORMAL;;Sem ação necessária.
Porto;01/10/25 12:00;0;NORMAL;;Sem ação necessária.
Porto;01/10/25 13:00;0;NORMAL;;Sem ação necessária.
Porto;01/10/25 14:00;0;NORMAL;;Sem ação necessária.
Porto;01/10/25 15:00;0;NORMAL;;Sem ação necessária.
Porto;01/10/25 16:00;0;NORMAL;;Sem ação necessária.
Porto;01/10/25 17:00;0;NORMAL;;Sem ação necessária.
Porto;01/10/25 18:00;0;NORMAL;;Sem ação necessária.
Porto;01/10/25 19:00;0;NORMAL;;Sem ação necessária.
Porto;01/10/25 20:00;0;NORMAL;;Sem ação necessária.
Porto;01/10/25 21:00;0;NORMAL;;Sem ação necessária.
Porto;01/10/25 22:00;0;NORMAL;;Sem ação necessária.
Porto;01/10/25 23:00;0;NORMAL;;Sem ação necessária.
Porto;02/10/25 00:00;0;NORMAL;;Sem ação necessária.
Porto;02/10/25 01:00;0;NORMAL;;Sem ação necessária.
Porto;02/10/25 02:00;0;NORMAL;;Sem ação necessária.
Porto;02/10/25 03:00;0;NORMAL;;Sem ação necessária.
Porto;02/10/25 04:00;0;NORMAL;;Sem ação necessária.
Porto;02/10/25 05:00;0;NORMAL;;Sem ação necessária.
Porto;02/10/25 06:00;0;NORMAL;;Sem ação necessária.
Porto;02/10/25 07:00;0;NORMAL;;Sem ação necessária.
Porto;02/10/25 08:00;0;NORMAL;;Sem ação necessária.
Porto;02/10/25 09:00;0;NORMAL;;Sem ação necessária.
Porto;02/10/25 10:00;0;NORMAL;;Sem ação necessária.
Porto;02/10/25 11:00;0;NORMAL;;Sem ação necessária.
Porto;02/10/25 12:00;0;NORMAL;;Sem ação necessária.
Porto;02/10/25 13:00;0;NORMAL;;Sem ação necessária.
Porto;02/10/25 14:00;0;NORMAL;;Sem ação necessária.
Porto;02/10/25 15:00;0;NORMAL;;Sem ação necessária.
Porto;02/10/25 16:00;0;NORMAL;;Sem ação necessária.
Porto;02/10/25 17:00;0;NORMAL;;Sem ação necessária.
Porto;02/10/25 18:00;0;NORMAL;;Sem ação necessária.
Porto;02/10/25 19:00;0;NORMAL;;Sem ação necessária.
Porto;02/10/25 20:00;0;NORMAL;;Sem ação necessária.
Porto;02/10/25 21:00;0;NORMAL;;Sem ação necessária.
Porto;02/10/25 22:00;0;NORMAL;;Sem ação necessária.
Porto;02/10/25 23:00;0;NORMAL;;Sem ação necessária.
Porto;03/10/25 00:00;0;NORMAL;;Sem ação necessária.
Porto;03/10/25 01:00;0;NORMAL;;Sem ação necessária.
Porto;03/10/25 02:00;0;NORMAL;;Sem ação necessária.
Porto;03/10/25 03:00;0;NORMAL;;Sem ação necessária.
Porto;03/10/25 04:00;0;NORMAL;;Sem ação necessária.
Porto;03/10/25 05:00;0;NORMAL;;Sem ação necessária.
Porto;03/10/25 06:00;0;NORMAL;;Sem ação necessária.
Porto;03/10/25 07:00;0;NORMAL;;Sem ação necessária.
Porto;03/10/25 08:00;0;NORMAL;;Sem ação necessária.
Porto;03/10/25 09:00;0;NORMAL;;Sem ação necessária.
Porto;03/10/25 10:00;0;NORMAL;;Sem ação necessária.
Porto;03/10/25 11:00;0;NORMAL;;Sem ação necessária.
Porto;03/10/25 12:00;0;NORMAL;;Sem ação necessária.
Porto;03/10/25 13:00;0;NORMAL;;Sem ação necessária.
Porto;03/10/25 14:00;0;NORMAL;;Sem ação necessária.
Porto;03/10/25 15:00;0;NORMAL;;Sem ação necessária.
Porto;03/10/25 16:00;0;NORMAL;;Sem ação necessária.
Porto;03/10/25 17:00;0;NORMAL;;Sem ação necessária.
Porto;03/10/25 18:00;0;NORMAL;;Sem ação necessária.
Porto;03/10/25 19:00;0;NORMAL;;Sem ação necessária.
Porto;03/10/25 20:00;0;NORMAL;;Sem ação necessária.
Porto;03/10/25 21:00;0;NORMAL;;Sem ação necessária.
Porto;03/10/25 22:00;0;NORMAL;;Sem ação necessária.
Porto;03/10/25 23:00;0;NORMAL;;Sem ação necessária.
Porto;04/10/25 00:00;0;NORMAL;;Sem ação necessária.
Porto;04/10/25 01:00;0;NORMAL;;Sem ação necessária.
Porto;04/10/25 02:00;0;NORMAL;;Sem ação necessária.
Porto;04/10/25 03:00;0;NORMAL;;Sem ação necessária.
Porto;04/10/25 04:00;0;NORMAL;;Sem ação necessária.
Porto;04/10/25 05:00;0;NORMAL;;Sem ação necessária.
Porto;04/10/25 06:00;0;NORMAL;;Sem ação necessária.
Porto;04/10/25 07:00;0;NORMAL;;Sem ação necessária.
Porto;04/10/25 08:00;0;NORMAL;;Sem ação necessária.
Porto;04/10/25 09:00;0;NORMAL;;Sem ação necessária.
Porto;04/10/25 10:00;0;NORMAL;;Sem ação necessária.
Porto;04/10/25 11:00;0;NORMAL;;Sem ação necessária.
Porto;04/10/25 12:00;0;NORMAL;;Sem ação necessária.
Porto;04/10/25 13:00;0;NORMAL;;Sem ação necessária.
Porto;04/10/25 14:00;0;NORMAL;;Sem ação necessária.
Porto;04/10/25 15:00;0;NORMAL;;Sem ação necessária.
Porto;04/10/25 16:00;0;NORMAL;;Sem ação necessária.
Porto;04/10/25 17:00;0;NORMAL;;Sem ação necessária.
Porto;04/10/25 18:00;0;NORMAL;;Sem ação necessária.
Porto;04/10/25 19:00;0;NORMAL;;Sem ação necessária.
Porto;04/10/25 20:00;0;NORMAL;;Sem ação necessária.
Porto;04/10/25 21:00;0;NORMAL;;Sem ação necessária.
Porto;04/10/25 22:00;0;NORMAL;;Sem ação necessária.
Porto;04/10/25 23:00;0;NORMAL;;Sem ação necessária.
Porto;05/10/25 00:00;0;NORMAL;;Sem ação necessária.
Porto;05/10/25 01:00;0;NORMAL;;Sem ação necessária.
UCI_Dataset;10/03/04 18:00;1;MODERADO;R02_NO2_MODERADO;Monitorizar evolucão. Sensiveis reduzam atividade ao ar livre.
UCI_Dataset;10/03/04 19:00;0;NORMAL;;Sem ação necessária.
UCI_Dataset;10/03/04 20:00;1;MODERADO;R02_NO2_MODERADO;Monitorizar evolucão. Sensiveis reduzam atividade ao ar livre.
UCI_Dataset;10/03/04 21:00;1;MODERADO;R02_NO2_MODERADO;Monitorizar evolucão. Sensiveis reduzam atividade ao ar livre.
UCI_Dataset;10/03/04 22:00;1;MODERADO;R02_NO2_MODERADO;Monitorizar evolucão. Sensiveis reduzam atividade ao ar livre.
UCI_Dataset;10/03/04 23:00;0;NORMAL;;Sem ação necessária.
UCI_Dataset;11/03/04 00:00;0;NORMAL;;Sem ação necessária.
UCI_Dataset;11/03/04 01:00;0;NORMAL;;Sem ação necessária.
UCI_Dataset;11/03/04 02:00;0;NORMAL;;Sem ação necessária.
UCI_Dataset;11/03/04 03:00;0;NORMAL;;Sem ação necessária.
UCI_Dataset;11/03/04 04:00;0;NORMAL;;Sem ação necessária.
UCI_Dataset;11/03/04 05:00;0;NORMAL;;Sem ação necessária.
UCI_Dataset;11/03/04 06:00;0;NORMAL;;Sem ação necessária.
UCI_Dataset;11/03/04 07:00;0;NORMAL;;Sem ação necessária.
UCI_Dataset;11/03/04 08:00;1;MODERADO;R02_NO2_MODERADO;Monitorizar evolucão. Sensiveis reduzam atividade ao ar livre.
UCI_Dataset;11/03/04 09:00;1;MODERADO;R02_NO2_MODERADO;Monitorizar evolucão. Sensiveis reduzam atividade ao ar livre.
UCI_Dataset;11/03/04 10:00;0;NORMAL;;Sem ação necessária.
UCI_Dataset;11/03/04 11:00;0;NORMAL;;Sem ação necessária.
UCI_Dataset;11/03/04 12:00;0;NORMAL;;Sem ação necessária.
UCI_Dataset;11/03/04 13:00;1;MODERADO;R02_NO2_MODERADO;Monitorizar evolucão. Sensiveis reduzam atividade ao ar livre.
UCI_Dataset;11/03/04 14:00;1;MODERADO;R02_NO2_MODERADO;Monitorizar evolucão. Sensiveis reduzam atividade ao ar livre.
UCI_Dataset;11/03/04 15:00;1;MODERADO;R02_NO2_MODERADO;Monitorizar evolucão. Sensiveis reduzam atividade ao ar livre.
UCI_Dataset;11/03/04 16:00;1;MODERADO;R02_NO2_MODERADO;Monitorizar evolucão. Sensiveis reduzam atividade ao ar livre.
UCI_Dataset;11/03/04 17:00;1;MODERADO;R02_NO2_MODERADO;Monitorizar evolucão. Sensiveis reduzam atividade ao ar livre.
UCI_Dataset;11/03/04 18:00;1;MODERADO;R02_NO2_MODERADO;Monitorizar evolucão. Sensiveis reduzam atividade ao ar livre.
UCI_Dataset;11/03/04 19:00;1;MODERADO;R02_NO2_MODERADO;Monitorizar evolucão. Sensiveis reduzam atividade ao ar livre.
UCI_Dataset;11/03/04 20:00;1;MODERADO;R02_NO2_MODERADO;Monitorizar evolucão. Sensiveis reduzam atividade ao ar livre.
UCI_Dataset;11/03/04 21:00;1;MODERADO;R02_NO2_MODERADO;Monitorizar evolucão. Sensiveis reduzam atividade ao ar livre.
UCI_Dataset;11/03/04 22:00;0;NORMAL;;Sem ação necessária.
UCI_Dataset;11/03/04 23:00;0;NORMAL;;Sem ação necessária.
UCI_Dataset;12/03/04 00:00;0;NORMAL;;Sem ação necessária.
UCI_Dataset;12/03/04 01:00;1;MODERADO;R02_NO2_MODERADO;Monitorizar evolucão. Sensiveis reduzam atividade ao ar livre.
UCI_Dataset;12/03/04 02:00;0;NORMAL;;Sem ação necessária.
UCI_Dataset;12/03/04 03:00;0;NORMAL;;Sem ação necessária.
UCI_Dataset;12/03/04 04:00;0;NORMAL;;Sem ação necessária.
UCI_Dataset;12/03/04 05:00;0;NORMAL;;Sem ação necessária.
UCI_Dataset;12/03/04 06:00;0;NORMAL;;Sem ação necessária.
UCI_Dataset;12/03/04 07:00;1;MODERADO;R02_NO2_MODERADO;Monitorizar evolucão. Sensiveis reduzam atividade ao ar livre.
UCI_Dataset;12/03/04 08:00;1;MODERADO;R02_NO2_MODERADO;Monitorizar evolucão. Sensiveis reduzam atividade ao ar livre.
UCI_Dataset;12/03/04 09:00;0;NORMAL;;Sem ação necessária.
UCI_Dataset;12/03/04 10:00;1;MODERADO;R02_NO2_MODERADO;Monitorizar evolucão. Sensiveis reduzam atividade ao ar livre.
UCI_Dataset;12/03/04 11:00;1;MODERADO;R02_NO2_MODERADO;Monitorizar evolucão. Sensiveis reduzam atividade ao ar livre.
UCI_Dataset;12/03/04 12:00;1;MODERADO;R02_NO2_MODERADO;Monitorizar evolucão. Sensiveis reduzam atividade ao ar livre.
UCI_Dataset;12/03/04 13:00;1;MODERADO;R02_NO2_MODERADO;Monitorizar evolucão. Sensiveis reduzam atividade ao ar livre.
UCI_Dataset;12/03/04 14:00;1;MODERADO;R02_NO2_MODERADO;Monitorizar evolucão. Sensiveis reduzam atividade ao ar livre.
UCI_Dataset;12/03/04 15:00;1;MODERADO;R02_NO2_MODERADO;Monitorizar evolucão. Sensiveis reduzam atividade ao ar livre.
UCI_Dataset;12/03/04 16:00;1;MODERADO;R02_NO2_MODERADO;Monitorizar evolucão. Sensiveis reduzam atividade ao ar livre.
UCI_Dataset;12/03/04 17:00;1;MODERADO;R02_NO2_MODERADO;Monitorizar evolucão. Sensiveis reduzam atividade ao ar livre.
UCI_Dataset;12/03/04 18:00;1;MODERADO;R02_NO2_MODERADO;Monitorizar evolucão. Sensiveis reduzam atividade ao ar livre.
UCI_Dataset;12/03/04 19:00;1;MODERADO;R02_NO2_MODERADO;Monitorizar evolucão. Sensiveis reduzam atividade ao ar livre.
UCI_Dataset;12/03/04 20:00;1;MODERADO;R02_NO2_MODERADO;Monitorizar evolucão. Sensiveis reduzam atividade ao ar livre.
UCI_Dataset;12/03/04 21:00;1;MODERADO;R02_NO2_MODERADO;Monitorizar evolucão. Sensiveis reduzam atividade ao ar livre.
UCI_Dataset;12/03/04 22:00;1;MODERADO;R02_NO2_MODERADO;Monitorizar evolucão. Sensiveis reduzam atividade ao ar livre.
UCI_Dataset;12/03/04 23:00;1;MODERADO;R02_NO2_MODERADO;Monitorizar evolucão. Sensiveis reduzam atividade ao ar livre.
UCI_Dataset;13/03/04 00:00;1;MODERADO;R02_NO2_MODERADO;Monitorizar evolucão. Sensiveis reduzam atividade ao ar livre.
UCI_Dataset;13/03/04 01:00;0;NORMAL;;Sem ação necessária.
UCI_Dataset;13/03/04 02:00;0;NORMAL;;Sem ação necessária.
UCI_Dataset;13/03/04 03:00;0;NORMAL;;Sem ação necessária.
UCI_Dataset;13/03/04 04:00;0;NORMAL;;Sem ação necessária.
UCI_Dataset;13/03/04 05:00;0;NORMAL;;Sem ação necessária.
UCI_Dataset;13/03/04 06:00;0;NORMAL;;Sem ação necessária.
UCI_Dataset;13/03/04 07:00;0;NORMAL;;Sem ação necessária.
UCI_Dataset;13/03/04 08:00;0;NORMAL;;Sem ação necessária.
UCI_Dataset;13/03/04 09:00;1;MODERADO;R02_NO2_MODERADO;Monitorizar evolucão. Sensiveis reduzam atividade ao ar livre.
UCI_Dataset;13/03/04 10:00;1;MODERADO;R02_NO2_MODERADO;Monitorizar evolucão. Sensiveis reduzam atividade ao ar livre.
UCI_Dataset;13/03/04 11:00;1;MODERADO;R02_NO2_MODERADO;Monitorizar evolucão. Sensiveis reduzam atividade ao ar livre.
UCI_Dataset;13/03/04 12:00;1;MODERADO;R02_NO2_MODERADO;Monitorizar evolucão. Sensiveis reduzam atividade ao ar livre.
UCI_Dataset;13/03/04 13:00;1;MODERADO;R02_NO2_MODERADO;Monitorizar evolucão. Sensiveis reduzam atividade ao ar livre.
UCI_Dataset;13/03/04 14:00;1;MODERADO;R02_NO2_MODERADO;Monitorizar evolucão. Sensiveis reduzam atividade ao ar livre.
UCI_Dataset;13/03/04 15:00;1;MODERADO;R02_NO2_MODERADO;Monitorizar evolucão. Sensiveis reduzam atividade ao ar livre.
UCI_Dataset;13/03/04 16:00;1;MODERADO;R02_NO2_MODERADO;Monitorizar evolucão. Sensiveis reduzam atividade ao ar livre.
UCI_Dataset;13/03/04 17:00;1;MODERADO;R02_NO2_MODERADO;Monitorizar evolucão. Sensiveis reduzam atividade ao ar livre.
UCI_Dataset;13/03/04 18:00;1;MODERADO;R02_NO2_MODERADO;Monitorizar evolucão. Sensiveis reduzam atividade ao ar livre.
UCI_Dataset;13/03/04 19:00;1;MODERADO;R02_NO2_MODERADO;Monitorizar evolucão. Sensiveis reduzam atividade ao ar livre.
UCI_Dataset;13/03/04 20:00;1;MODERADO;R02_NO2_MODERADO;Monitorizar evolucão. Sensiveis reduzam atividade ao ar livre.
UCI_Dataset;13/03/04 21:00;1;MODERADO;R02_NO2_MODERADO;Monitorizar evolucão. Sensiveis reduzam atividade ao ar livre.
UCI_Dataset;13/03/04 22:00;1;MODERADO;R02_NO2_MODERADO;Monitorizar evolucão. Sensiveis reduzam atividade ao ar livre.
UCI_Dataset;13/03/04 23:00;1;MODERADO;R02_NO2_MODERADO;Monitorizar evolucão. Sensiveis reduzam atividade ao ar livre.
UCI_Dataset;14/03/04 00:00;1;MODERADO;R02_NO2_MODERADO;Monitorizar evolucão. Sensiveis reduzam atividade ao ar livre.
UCI_Dataset;14/03/04 01:00;1;MODERADO;R02_NO2_MODERADO;Monitorizar evolucão. Sensiveis reduzam atividade ao ar livre.
UCI_Dataset;14/03/04 02:00;1;MODERADO;R02_NO2_MODERADO;Monitorizar evolucão. Sensiveis reduzam atividade ao ar livre.
UCI_Dataset;14/03/04 03:00;0;NORMAL;;Sem ação necessária.
UCI_Dataset;14/03/04 04:00;0;NORMAL;;Sem ação necessária.
UCI_Dataset;14/03/04 05:00;0;NORMAL;;Sem ação necessária.
UCI_Dataset;14/03/04 06:00;0;NORMAL;;Sem ação necessária.
UCI_Dataset;14/03/04 07:00;0;NORMAL;;Sem ação necessária.
UCI_Dataset;14/03/04 08:00;0;NORMAL;;Sem ação necessária.
UCI_Dataset;14/03/04 09:00;0;NORMAL;;Sem ação necessária.
UCI_Dataset;14/03/04 10:00;0;NORMAL;;Sem ação necessária.
UCI_Dataset;14/03/04 11:00;1;MODERADO;R02_NO2_MODERADO;Monitorizar evolucão. Sensiveis reduzam atividade ao ar livre.
UCI_Dataset;14/03/04 12:00;1;MODERADO;R02_NO2_MODERADO;Monitorizar evolucão. Sensiveis reduzam atividade ao ar livre.
UCI_Dataset;14/03/04 13:00;1;MODERADO;R02_NO2_MODERADO;Monitorizar evolucão. Sensiveis reduzam atividade ao ar livre.
UCI_Dataset;14/03/04 14:00;1;MODERADO;R02_NO2_MODERADO;Monitorizar evolucão. Sensiveis reduzam atividade ao ar livre.
UCI_Dataset;14/03/04 15:00;1;MODERADO;R02_NO2_MODERADO;Monitorizar evolucão. Sensiveis reduzam atividade ao ar livre.
UCI_Dataset;14/03/04 16:00;1;MODERADO;R02_NO2_MODERADO;Monitorizar evolucão. Sensiveis reduzam atividade ao ar livre.
UCI_Dataset;14/03/04 17:00;1;MODERADO;R02_NO2_MODERADO;Monitorizar evolucão. Sensiveis reduzam atividade ao ar livre.
UCI_Dataset;14/03/04 18:00;1;MODERADO;R02_NO2_MODERADO;Monitorizar evolucão. Sensiveis reduzam atividade ao ar livre.
UCI_Dataset;14/03/04 19:00;1;MODERADO;R02_NO2_MODERADO;Monitorizar evolucão. Sensiveis reduzam atividade ao ar livre.
UCI_Dataset;14/03/04 20:00;1;MODERADO;R02_NO2_MODERADO;Monitorizar evolucão. Sensiveis reduzam atividade ao ar livre.
UCI_Dataset;14/03/04 21:00;1;MODERADO;R02_NO2_MODERADO;Monitorizar evolucão. Sensiveis reduzam atividade ao ar livre.
UCI_Dataset;14/03/04 22:00;1;MODERADO;R02_NO2_MODERADO;Monitorizar evolucão. Sensiveis reduzam atividade ao ar livre.
UCI_Dataset;14/03/04 23:00;1;MODERADO;R02_NO2_MODERADO;Monitorizar evolucão. Sensiveis reduzam atividade ao ar livre.
UCI_Dataset;15/03/04 00:00;0;NORMAL;;Sem ação necessária.
UCI_Dataset;15/03/04 01:00;0;NORMAL;;Sem ação necessária.
UCI_Dataset;15/03/04 02:00;0;NORMAL;;Sem ação necessária.
UCI_Dataset;15/03/04 03:00;0;NORMAL;;Sem ação necessária.
UCI_Dataset;15/03/04 04:00;0;NORMAL;;Sem ação necessária.
UCI_Dataset;15/03/04 05:00;0;NORMAL;;Sem ação necessária.
UCI_Dataset;15/03/04 06:00;0;NORMAL;;Sem ação necessária.
UCI_Dataset;15/03/04 07:00;0;NORMAL;;Sem ação necessária.
UCI_Dataset;15/03/04 08:00;1;MODERADO;R02_NO2_MODERADO;Monitorizar evolucão. Sensiveis reduzam atividade ao ar livre.
UCI_Dataset;15/03/04 09:00;1;MODERADO;R02_NO2_MODERADO;Monitorizar evolucão. Sensiveis reduzam atividade ao ar livre.
UCI_Dataset;15/03/04 10:00;1;MODERADO;R02_NO2_MODERADO;Monitorizar evolucão. Sensiveis reduzam atividade ao ar livre.
UCI_Dataset;15/03/04 11:00;1;MODERADO;R02_NO2_MODERADO;Monitorizar evolucão. Sensiveis reduzam atividade ao ar livre.
UCI_Dataset;15/03/04 12:00;1;MODERADO;R02_NO2_MODERADO;Monitorizar evolucão. Sensiveis reduzam atividade ao ar livre.
UCI_Dataset;15/03/04 13:00;1;MODERADO;R02_NO2_MODERADO;Monitorizar evolucão. Sensiveis reduzam atividade ao ar livre.
UCI_Dataset;15/03/04 14:00;1;MODERADO;R02_NO2_MODERADO;Monitorizar evolucão. Sensiveis reduzam atividade ao ar livre.
UCI_Dataset;15/03/04 15:00;1;MODERADO;R02_NO2_MODERADO;Monitorizar evolucão. Sensiveis reduzam atividade ao ar livre.
UCI_Dataset;15/03/04 16:00;0;NORMAL;;Sem ação necessária.
UCI_Dataset;15/03/04 17:00;1;MODERADO;R02_NO2_MODERADO;Monitorizar evolucão. Sensiveis reduzam atividade ao ar livre.
UCI_Dataset;15/03/04 18:00;1;MODERADO;R02_NO2_MODERADO;Monitorizar evolucão. Sensiveis reduzam atividade ao ar livre.
UCI_Dataset;15/03/04 19:00;1;MODERADO;R02_NO2_MODERADO;Monitorizar evolucão. Sensiveis reduzam atividade ao ar livre.
UCI_Dataset;15/03/04 20:00;1;MODERADO;R02_NO2_MODERADO;Monitorizar evolucão. Sensiveis reduzam atividade ao ar livre.
UCI_Dataset;15/03/04 21:00;1;MODERADO;R02_NO2_MODERADO;Monitorizar evolucão. Sensiveis reduzam atividade ao ar livre.
UCI_Dataset;15/03/04 22:00;1;MODERADO;R02_NO2_MODERADO;Monitorizar evolucão. Sensiveis reduzam atividade ao ar livre.
UCI_Dataset;15/03/04 23:00;1;MODERADO;R02_NO2_MODERADO;Monitorizar evolucão. Sensiveis reduzam atividade ao ar livre.
UCI_Dataset;16/03/04 00:00;1;MODERADO;R02_NO2_MODERADO;Monitorizar evolucão. Sensiveis reduzam atividade ao ar livre.
UCI_Dataset;16/03/04 01:00;0;NORMAL;;Sem ação necessária.
UCI_Dataset;16/03/04 02:00;0;NORMAL;;Sem ação necessária.
UCI_Dataset;16/03/04 03:00;0;NORMAL;;Sem ação necessária.
UCI_Dataset;16/03/04 04:00;0;NORMAL;;Sem ação necessária.
UCI_Dataset;16/03/04 05:00;0;NORMAL;;Sem ação necessária.
UCI_Dataset;16/03/04 06:00;0;NORMAL;;Sem ação necessária.
UCI_Dataset;16/03/04 07:00;0;NORMAL;;Sem ação necessária.
UCI_Dataset;16/03/04 08:00;0;NORMAL;;Sem ação necessária.
UCI_Dataset;16/03/04 09:00;0;NORMAL;;Sem ação necessária.
UCI_Dataset;16/03/04 10:00;1;MODERADO;R02_NO2_MODERADO;Monitorizar evolucão. Sensiveis reduzam atividade ao ar livre.
UCI_Dataset;16/03/04 11:00;1;MODERADO;R02_NO2_MODERADO;Monitorizar evolucão. Sensiveis reduzam atividade ao ar livre.
UCI_Dataset;16/03/04 12:00;1;MODERADO;R02_NO2_MODERADO;Monitorizar evolucão. Sensiveis reduzam atividade ao ar livre.
UCI_Dataset;16/03/04 13:00;1;MODERADO;R02_NO2_MODERADO;Monitorizar evolucão. Sensiveis reduzam atividade ao ar livre.
UCI_Dataset;16/03/04 14:00;1;MODERADO;R02_NO2_MODERADO;Monitorizar evolucão. Sensiveis reduzam atividade ao ar livre.
UCI_Dataset;16/03/04 15:00;1;MODERADO;R02_NO2_MODERADO;Monitorizar evolucão. Sensiveis reduzam atividade ao ar livre.
UCI_Dataset;16/03/04 16:00;1;MODERADO;R02_NO2_MODERADO;Monitorizar evolucão. Sensiveis reduzam atividade ao ar livre.
UCI_Dataset;16/03/04 17:00;1;MODERADO;R02_NO2_MODERADO;Monitorizar evolucão. Sensiveis reduzam atividade ao ar livre.
UCI_Dataset;16/03/04 18:00;1;MODERADO;R02_NO2_MODERADO;Monitorizar evolucão. Sensiveis reduzam atividade ao ar livre.
UCI_Dataset;16/03/04 19:00;1;MODERADO;R02_NO2_MODERADO;Monitorizar evolucão. Sensiveis reduzam atividade ao ar livre.
UCI_Dataset;16/03/04 20:00;1;MODERADO;R02_NO2_MODERADO;Monitorizar evolucão. Sensiveis reduzam atividade ao ar livre.
UCI_Dataset;16/03/04 21:00;1;MODERADO;R02_NO2_MODERADO;Monitorizar evolucão. Sensiveis reduzam atividade ao ar livre.
UCI_Dataset;16/03/04 22:00;1;MODERADO;R02_NO2_MODERADO;Monitorizar evolucão. Sensiveis reduzam atividade ao ar livre.
UCI_Dataset;16/03/04 23:00;1;MODERADO;R02_NO2_MODERADO;Monitorizar evolucão. Sensiveis reduzam atividade ao ar livre.
UCI_Dataset;17/03/04 00:00;1;MODERADO;R02_NO2_MODERADO;Monitorizar evolucão. Sensiveis reduzam atividade ao ar livre.
UCI_Dataset;17/03/04 01:00;0;NORMAL;;Sem ação necessária.
UCI_Dataset;17/03/04 02:00;0;NORMAL;;Sem ação necessária.
UCI_Dataset;17/03/04 03:00;0;NORMAL;;Sem ação necessária.
UCI_Dataset;17/03/04 04:00;0;NORMAL;;Sem ação necessária.
UCI_Dataset;17/03/04 05:00;0;NORMAL;;Sem ação necessária.
UCI_Dataset;17/03/04 06:00;0;NORMAL;;Sem ação necessária.
UCI_Dataset;17/03/04 07:00;0;NORMAL;;Sem ação necessária.
UCI_Dataset;17/03/04 08:00;1;MODERADO;R02_NO2_MODERADO;Monitorizar evolucão. Sensiveis reduzam atividade ao ar livre.
UCI_Dataset;17/03/04 09:00;1;MODERADO;R02_NO2_MODERADO;Monitorizar evolucão. Sensiveis reduzam atividade ao ar livre.
UCI_Dataset;17/03/04 10:00;1;MODERADO;R02_NO2_MODERADO;Monitorizar evolucão. Sensiveis reduzam atividade ao ar livre.
UCI_Dataset;17/03/04 11:00;1;MODERADO;R02_NO2_MODERADO;Monitorizar evolucão. Sensiveis reduzam atividade ao ar livre.
UCI_Dataset;17/03/04 12:00;1;MODERADO;R02_NO2_MODERADO;Monitorizar evolucão. Sensiveis reduzam atividade ao ar livre.
UCI_Dataset;17/03/04 13:00;1;MODERADO;R02_NO2_MODERADO;Monitorizar evolucão. Sensiveis reduzam atividade ao ar livre.
UCI_Dataset;17/03/04 14:00;1;MODERADO;R02_NO2_MODERADO;Monitorizar evolucão. Sensiveis reduzam atividade ao ar livre.
UCI_Dataset;17/03/04 15:00;1;MODERADO;R02_NO2_MODERADO;Monitorizar evolucão. Sensiveis reduzam atividade ao ar livre.
UCI_Dataset;17/03/04 16:00;1;MODERADO;R02_NO2_MODERADO;Monitorizar evolucão. Sensiveis reduzam atividade ao ar livre.
UCI_Dataset;17/03/04 17:00;1;MODERADO;R02_NO2_MODERADO;Monitorizar evolucão. Sensiveis reduzam atividade ao ar livre.
UCI_Dataset;17/03/04 18:00;1;MODERADO;R02_NO2_MODERADO;Monitorizar evolucão. Sensiveis reduzam atividade ao ar livre.
UCI_Dataset;17/03/04 19:00;1;MODERADO;R02_NO2_MODERADO;Monitorizar evolucão. Sensiveis reduzam atividade ao ar livre.
UCI_Dataset;17/03/04 20:00;1;MODERADO;R02_NO2_MODERADO;Monitorizar evolucão. Sensiveis reduzam atividade ao ar livre.
UCI_Dataset;17/03/04 21:00;1;MODERADO;R02_NO2_MODERADO;Monitorizar evolucão. Sensiveis reduzam atividade ao ar livre.
UCI_Dataset;17/03/04 22:00;1;MODERADO;R02_NO2_MODERADO;Monitorizar evolucão. Sensiveis reduzam atividade ao ar livre.
UCI_Dataset;17/03/04 23:00;1;MODERADO;R02_NO2_MODERADO;Monitorizar evolucão. Sensiveis reduzam atividade ao ar livre.
UCI_Dataset;18/03/04 00:00;1;MODERADO;R02_NO2_MODERADO;Monitorizar evolucão. Sensiveis reduzam atividade ao ar livre.
UCI_Dataset;18/03/04 01:00;1;MODERADO;R02_NO2_MODERADO;Monitorizar evolucão. Sensiveis reduzam atividade ao ar livre.
UCI_Dataset;18/03/04 02:00;0;NORMAL;;Sem ação necessária.
UCI_Dataset;18/03/04 03:00;0;NORMAL;;Sem ação necessária.
UCI_Dataset;18/03/04 04:00;0;NORMAL;;Sem ação necessária.
UCI_Dataset;18/03/04 05:00;0;NORMAL;;Sem ação necessária.
UCI_Dataset;18/03/04 06:00;0;NORMAL;;Sem ação necessária.
UCI_Dataset;18/03/04 07:00;0;NORMAL;;Sem ação necessária.
UCI_Dataset;18/03/04 08:00;1;MODERADO;R02_NO2_MODERADO;Monitorizar evolucão. Sensiveis reduzam atividade ao ar livre.
UCI_Dataset;18/03/04 09:00;1;MODERADO;R02_NO2_MODERADO;Monitorizar evolucão. Sensiveis reduzam atividade ao ar livre.
UCI_Dataset;18/03/04 10:00;1;MODERADO;R02_NO2_MODERADO;Monitorizar evolucão. Sensiveis reduzam atividade ao ar livre.
UCI_Dataset;18/03/04 11:00;1;MODERADO;R02_NO2_MODERADO;Monitorizar evolucão. Sensiveis reduzam atividade ao ar livre.
UCI_Dataset;18/03/04 12:00;1;MODERADO;R02_NO2_MODERADO;Monitorizar evolucão. Sensiveis reduzam atividade ao ar livre.
UCI_Dataset;18/03/04 13:00;1;MODERADO;R02_NO2_MODERADO;Monitorizar evolucão. Sensiveis reduzam atividade ao ar livre.
UCI_Dataset;18/03/04 14:00;1;MODERADO;R02_NO2_MODERADO;Monitorizar evolucão. Sensiveis reduzam atividade ao ar livre.
UCI_Dataset;18/03/04 15:00;1;MODERADO;R02_NO2_MODERADO;Monitorizar evolucão. Sensiveis reduzam atividade ao ar livre.
UCI_Dataset;18/03/04 16:00;1;MODERADO;R02_NO2_MODERADO;Monitorizar evolucão. Sensiveis reduzam atividade ao ar livre.
UCI_Dataset;18/03/04 17:00;1;MODERADO;R02_NO2_MODERADO;Monitorizar evolucão. Sensiveis reduzam atividade ao ar livre.
UCI_Dataset;18/03/04 18:00;1;MODERADO;R02_NO2_MODERADO;Monitorizar evolucão. Sensiveis reduzam atividade ao ar livre.
UCI_Dataset;18/03/04 19:00;1;MODERADO;R02_NO2_MODERADO;Monitorizar evolucão. Sensiveis reduzam atividade ao ar livre.
UCI_Dataset;18/03/04 20:00;1;MODERADO;R02_NO2_MODERADO;Monitorizar evolucão. Sensiveis reduzam atividade ao ar livre.
UCI_Dataset;18/03/04 21:00;1;MODERADO;R02_NO2_MODERADO;Monitorizar evolucão. Sensiveis reduzam atividade ao ar livre.
UCI_Dataset;18/03/04 22:00;1;MODERADO;R02_NO2_MODERADO;Monitorizar evolucão. Sensiveis reduzam atividade ao ar livre.
UCI_Dataset;18/03/04 23:00;0;NORMAL;;Sem ação necessária.
UCI_Dataset;19/03/04 00:00;1;MODERADO;R02_NO2_MODERADO;Monitorizar evolucão. Sensiveis reduzam atividade ao ar livre.
UCI_Dataset;19/03/04 01:00;0;NORMAL;;Sem ação necessária.
UCI_Dataset;19/03/04 02:00;0;NORMAL;;Sem ação necessária.
UCI_Dataset;19/03/04 03:00;0;NORMAL;;Sem ação necessária.
UCI_Dataset;19/03/04 04:00;0;NORMAL;;Sem ação necessária.
UCI_Dataset;19/03/04 05:00;0;NORMAL;;Sem ação necessária.
UCI_Dataset;19/03/04 06:00;0;NORMAL;;Sem ação necessária.
UCI_Dataset;19/03/04 07:00;0;NORMAL;;Sem ação necessária.
UCI_Dataset;19/03/04 08:00;1;MODERADO;R02_NO2_MODERADO;Monitorizar evolucão. Sensiveis reduzam atividade ao ar livre.
UCI_Dataset;19/03/04 09:00;1;MODERADO;R02_NO2_MODERADO;Monitorizar evolucão. Sensiveis reduzam atividade ao ar livre.
UCI_Dataset;19/03/04 10:00;1;MODERADO;R02_NO2_MODERADO;Monitorizar evolucão. Sensiveis reduzam atividade ao ar livre.
UCI_Dataset;19/03/04 11:00;1;MODERADO;R02_NO2_MODERADO;Monitorizar evolucão. Sensiveis reduzam atividade ao ar livre.
UCI_Dataset;19/03/04 12:00;1;MODERADO;R02_NO2_MODERADO;Monitorizar evolucão. Sensiveis reduzam atividade ao ar livre.
UCI_Dataset;19/03/04 13:00;1;MODERADO;R02_NO2_MODERADO;Monitorizar evolucão. Sensiveis reduzam atividade ao ar livre.
UCI_Dataset;19/03/04 14:00;1;MODERADO;R02_NO2_MODERADO;Monitorizar evolucão. Sensiveis reduzam atividade ao ar livre.
UCI_Dataset;19/03/04 15:00;1;MODERADO;R02_NO2_MODERADO;Monitorizar evolucão. Sensiveis reduzam atividade ao ar livre.
UCI_Dataset;19/03/04 16:00;1;MODERADO;R02_NO2_MODERADO;Monitorizar evolucão. Sensiveis reduzam atividade ao ar livre.
UCI_Dataset;19/03/04 17:00;1;MODERADO;R02_NO2_MODERADO;Monitorizar evolucão. Sensiveis reduzam atividade ao ar livre.
UCI_Dataset;19/03/04 18:00;1;MODERADO;R02_NO2_MODERADO;Monitorizar evolucão. Sensiveis reduzam atividade ao ar livre.
UCI_Dataset;19/03/04 19:00;1;MODERADO;R02_NO2_MODERADO;Monitorizar evolucão. Sensiveis reduzam atividade ao ar livre.
UCI_Dataset;19/03/04 20:00;1;MODERADO;R02_NO2_MODERADO;Monitorizar evolucão. Sensiveis reduzam atividade ao ar livre.
UCI_Dataset;19/03/04 21:00;1;MODERADO;R02_NO2_MODERADO;Monitorizar evolucão. Sensiveis reduzam atividade ao ar livre.
UCI_Dataset;19/03/04 22:00;1;MODERADO;R02_NO2_MODERADO;Monitorizar evolucão. Sensiveis reduzam atividade ao ar livre.
UCI_Dataset;19/03/04 23:00;1;MODERADO;R02_NO2_MODERADO;Monitorizar evolucão. Sensiveis reduzam atividade ao ar livre.
UCI_Dataset;20/03/04 00:00;0;NORMAL;;Sem ação necessária.
UCI_Dataset;20/03/04 01:00;0;NORMAL;;Sem ação necessária.
UCI_Dataset;20/03/04 02:00;0;NORMAL;;Sem ação necessária.
UCI_Dataset;20/03/04 03:00;0;NORMAL;;Sem ação necessária.
UCI_Dataset;20/03/04 04:00;0;NORMAL;;Sem ação necessária.
UCI_Dataset;20/03/04 05:00;0;NORMAL;;Sem ação necessária.
UCI_Dataset;20/03/04 06:00;0;NORMAL;;Sem ação necessária.
UCI_Dataset;20/03/04 07:00;0;NORMAL;;Sem ação necessária.
UCI_Dataset;20/03/04 08:00;1;MODERADO;R02_NO2_MODERADO;Monitorizar evolucão. Sensiveis reduzam atividade ao ar livre.
UCI_Dataset;20/03/04 09:00;1;MODERADO;R02_NO2_MODERADO;Monitorizar evolucão. Sensiveis reduzam atividade ao ar livre.
UCI_Dataset;20/03/04 10:00;1;MODERADO;R02_NO2_MODERADO;Monitorizar evolucão. Sensiveis reduzam atividade ao ar livre.
UCI_Dataset;20/03/04 11:00;1;MODERADO;R02_NO2_MODERADO;Monitorizar evolucão. Sensiveis reduzam atividade ao ar livre.
UCI_Dataset;20/03/04 12:00;1;MODERADO;R02_NO2_MODERADO;Monitorizar evolucão. Sensiveis reduzam atividade ao ar livre.
UCI_Dataset;20/03/04 13:00;1;MODERADO;R02_NO2_MODERADO;Monitorizar evolucão. Sensiveis reduzam atividade ao ar livre.
UCI_Dataset;20/03/04 14:00;0;NORMAL;;Sem ação necessária.
UCI_Dataset;20/03/04 15:00;0;NORMAL;;Sem ação necessária.
UCI_Dataset;20/03/04 16:00;0;NORMAL;;Sem ação necessária.
UCI_Dataset;20/03/04 17:00;0;NORMAL;;Sem ação necessária.
UCI_Dataset;20/03/04 18:00;1;MODERADO;R02_NO2_MODERADO;Monitorizar evolucão. Sensiveis reduzam atividade ao ar livre.
UCI_Dataset;20/03/04 19:00;1;MODERADO;R02_NO2_MODERADO;Monitorizar evolucão. Sensiveis reduzam atividade ao ar livre.
UCI_Dataset;20/03/04 20:00;1;MODERADO;R02_NO2_MODERADO;Monitorizar evolucão. Sensiveis reduzam atividade ao ar livre.
UCI_Dataset;20/03/04 21:00;1;MODERADO;R02_NO2_MODERADO;Monitorizar evolucão. Sensiveis reduzam atividade ao ar livre.
UCI_Dataset;20/03/04 22:00;1;MODERADO;R02_NO2_MODERADO;Monitorizar evolucão. Sensiveis reduzam atividade ao ar livre.
UCI_Dataset;20/03/04 23:00;0;NORMAL;;Sem ação necessária.
UCI_Dataset;21/03/04 00:00;1;MODERADO;R02_NO2_MODERADO;Monitorizar evolucão. Sensiveis reduzam atividade ao ar livre.
UCI_Dataset;21/03/04 01:00;0;NORMAL;;Sem ação necessária.
UCI_Dataset;21/03/04 02:00;0;NORMAL;;Sem ação necessária.
UCI_Dataset;21/03/04 03:00;0;NORMAL;;Sem ação necessária.
UCI_Dataset;21/03/04 04:00;0;NORMAL;;Sem ação necessária.
UCI_Dataset;21/03/04 05:00;0;NORMAL;;Sem ação necessária.
UCI_Dataset;21/03/04 06:00;0;NORMAL;;Sem ação necessária.
UCI_Dataset;21/03/04 07:00;0;NORMAL;;Sem ação necessária.
UCI_Dataset;21/03/04 08:00;0;NORMAL;;Sem ação necessária.
UCI_Dataset;21/03/04 09:00;0;NORMAL;;Sem ação necessária.
UCI_Dataset;21/03/04 10:00;0;NORMAL;;Sem ação necessária.
UCI_Dataset;21/03/04 11:00;0;NORMAL;;Sem ação necessária.
UCI_Dataset;21/03/04 12:00;0;NORMAL;;Sem ação necessária.
UCI_Dataset;21/03/04 13:00;0;NORMAL;;Sem ação necessária.
UCI_Dataset;21/03/04 14:00;0;NORMAL;;Sem ação necessária.
UCI_Dataset;21/03/04 15:00;0;NORMAL;;Sem ação necessária.
UCI_Dataset;21/03/04 16:00;0;NORMAL;;Sem ação necessária.
UCI_Dataset;21/03/04 17:00;1;MODERADO;R02_NO2_MODERADO;Monitorizar evolucão. Sensiveis reduzam atividade ao ar livre.
UCI_Dataset;21/03/04 18:00;1;MODERADO;R02_NO2_MODERADO;Monitorizar evolucão. Sensiveis reduzam atividade ao ar livre.
UCI_Dataset;21/03/04 19:00;1;MODERADO;R02_NO2_MODERADO;Monitorizar evolucão. Sensiveis reduzam atividade ao ar livre.
UCI_Dataset;21/03/04 20:00;1;MODERADO;R02_NO2_MODERADO;Monitorizar evolucão. Sensiveis reduzam atividade ao ar livre.
UCI_Dataset;21/03/04 21:00;1;MODERADO;R02_NO2_MODERADO;Monitorizar evolucão. Sensiveis reduzam atividade ao ar livre.
UCI_Dataset;21/03/04 22:00;1;MODERADO;R02_NO2_MODERADO;Monitorizar evolucão. Sensiveis reduzam atividade ao ar livre.
UCI_Dataset;21/03/04 23:00;0;NORMAL;;Sem ação necessária.
UCI_Dataset;22/03/04 00:00;0;NORMAL;;Sem ação necessária.
UCI_Dataset;22/03/04 01:00;0;NORMAL;;Sem ação necessária.
UCI_Dataset;22/03/04 02:00;0;NORMAL;;Sem ação necessária.
UCI_Dataset;22/03/04 03:00;0;NORMAL;;Sem ação necessária.
UCI_Dataset;22/03/04 04:00;0;NORMAL;;Sem ação necessária.
UCI_Dataset;22/03/04 05:00;0;NORMAL;;Sem ação necessária.
UCI_Dataset;22/03/04 06:00;0;NORMAL;;Sem ação necessária.
UCI_Dataset;22/03/04 07:00;0;NORMAL;;Sem ação necessária.
UCI_Dataset;22/03/04 08:00;1;MODERADO;R02_NO2_MODERADO;Monitorizar evolucão. Sensiveis reduzam atividade ao ar livre.
UCI_Dataset;22/03/04 09:00;1;MODERADO;R02_NO2_MODERADO;Monitorizar evolucão. Sensiveis reduzam atividade ao ar livre.
UCI_Dataset;22/03/04 10:00;0;NORMAL;;Sem ação necessária.
UCI_Dataset;22/03/04 11:00;0;NORMAL;;Sem ação necessária.
UCI_Dataset;22/03/04 12:00;0;NORMAL;;Sem ação necessária.
UCI_Dataset;22/03/04 13:00;0;NORMAL;;Sem ação necessária.
UCI_Dataset;22/03/04 14:00;0;NORMAL;;Sem ação necessária.
UCI_Dataset;22/03/04 15:00;0;NORMAL;;Sem ação necessária.
UCI_Dataset;22/03/04 16:00;1;MODERADO;R02_NO2_MODERADO;Monitorizar evolucão. Sensiveis reduzam atividade ao ar livre.
UCI_Dataset;22/03/04 17:00;1;MODERADO;R02_NO2_MODERADO;Monitorizar evolucão. Sensiveis reduzam atividade ao ar livre.
UCI_Dataset;22/03/04 18:00;1;MODERADO;R02_NO2_MODERADO;Monitorizar evolucão. Sensiveis reduzam atividade ao ar livre.
UCI_Dataset;22/03/04 19:00;1;MODERADO;R02_NO2_MODERADO;Monitorizar evolucão. Sensiveis reduzam atividade ao ar livre.
UCI_Dataset;22/03/04 20:00;1;MODERADO;R02_NO2_MODERADO;Monitorizar evolucão. Sensiveis reduzam atividade ao ar livre.
UCI_Dataset;22/03/04 21:00;1;MODERADO;R02_NO2_MODERADO;Monitorizar evolucão. Sensiveis reduzam atividade ao ar livre.
UCI_Dataset;22/03/04 22:00;1;MODERADO;R02_NO2_MODERADO;Monitorizar evolucão. Sensiveis reduzam atividade ao ar livre.
UCI_Dataset;22/03/04 23:00;0;NORMAL;;Sem ação necessária.
UCI_Dataset;23/03/04 00:00;0;NORMAL;;Sem ação necessária.
UCI_Dataset;23/03/04 01:00;0;NORMAL;;Sem ação necessária.
UCI_Dataset;23/03/04 02:00;0;NORMAL;;Sem ação necessária.
UCI_Dataset;23/03/04 03:00;0;NORMAL;;Sem ação necessária.
UCI_Dataset;23/03/04 04:00;0;NORMAL;;Sem ação necessária.
UCI_Dataset;23/03/04 05:00;0;NORMAL;;Sem ação necessária.
UCI_Dataset;23/03/04 06:00;0;NORMAL;;Sem ação necessária.
UCI_Dataset;23/03/04 07:00;0;NORMAL;;Sem ação necessária.
UCI_Dataset;23/03/04 08:00;1;MODERADO;R02_NO2_MODERADO;Monitorizar evolucão. Sensiveis reduzam atividade ao ar livre.
UCI_Dataset;23/03/04 09:00;1;MODERADO;R02_NO2_MODERADO;Monitorizar evolucão. Sensiveis reduzam atividade ao ar livre.
UCI_Dataset;23/03/04 10:00;1;MODERADO;R02_NO2_MODERADO;Monitorizar evolucão. Sensiveis reduzam atividade ao ar livre.
UCI_Dataset;23/03/04 11:00;1;MODERADO;R02_NO2_MODERADO;Monitorizar evolucão. Sensiveis reduzam atividade ao ar livre.
UCI_Dataset;23/03/04 12:00;1;MODERADO;R02_NO2_MODERADO;Monitorizar evolucão. Sensiveis reduzam atividade ao ar livre.
UCI_Dataset;23/03/04 13:00;1;MODERADO;R02_NO2_MODERADO;Monitorizar evolucão. Sensiveis reduzam atividade ao ar livre.
UCI_Dataset;23/03/04 14:00;1;MODERADO;R02_NO2_MODERADO;Monitorizar evolucão. Sensiveis reduzam atividade ao ar livre.
UCI_Dataset;23/03/04 15:00;0;NORMAL;;Sem ação necessária.
UCI_Dataset;23/03/04 16:00;1;MODERADO;R02_NO2_MODERADO;Monitorizar evolucão. Sensiveis reduzam atividade ao ar livre.
UCI_Dataset;23/03/04 17:00;1;MODERADO;R02_NO2_MODERADO;Monitorizar evolucão. Sensiveis reduzam atividade ao ar livre.
UCI_Dataset;23/03/04 18:00;0;NORMAL;;Sem ação necessária.
UCI_Dataset;23/03/04 19:00;1;MODERADO;R02_NO2_MODERADO;Monitorizar evolucão. Sensiveis reduzam atividade ao ar livre.
UCI_Dataset;23/03/04 20:00;1;MODERADO;R02_NO2_MODERADO;Monitorizar evolucão. Sensiveis reduzam atividade ao ar livre.
UCI_Dataset;23/03/04 21:00;1;MODERADO;R02_NO2_MODERADO;Monitorizar evolucão. Sensiveis reduzam atividade ao ar livre.
UCI_Dataset;23/03/04 22:00;0;NORMAL;;Sem ação necessária.
UCI_Dataset;23/03/04 23:00;0;NORMAL;;Sem ação necessária.
UCI_Dataset;24/03/04 00:00;0;NORMAL;;Sem ação necessária.
UCI_Dataset;24/03/04 01:00;0;NORMAL;;Sem ação necessária.
UCI_Dataset;24/03/04 02:00;0;NORMAL;;Sem ação necessária.
UCI_Dataset;24/03/04 03:00;0;NORMAL;;Sem ação necessária.
UCI_Dataset;24/03/04 04:00;0;NORMAL;;Sem ação necessária.
UCI_Dataset;24/03/04 05:00;0;NORMAL;;Sem ação necessária.
UCI_Dataset;24/03/04 06:00;0;NORMAL;;Sem ação necessária.
UCI_Dataset;24/03/04 07:00;0;NORMAL;;Sem ação necessária.
UCI_Dataset;24/03/04 08:00;0;NORMAL;;Sem ação necessária.
UCI_Dataset;24/03/04 09:00;1;MODERADO;R02_NO2_MODERADO;Monitorizar evolucão. Sensiveis reduzam atividade ao ar livre.
UCI_Dataset;24/03/04 10:00;1;MODERADO;R02_NO2_MODERADO;Monitorizar evolucão. Sensiveis reduzam atividade ao ar livre.
UCI_Dataset;24/03/04 11:00;0;NORMAL;;Sem ação necessária.
UCI_Dataset;24/03/04 12:00;0;NORMAL;;Sem ação necessária.
UCI_Dataset;24/03/04 13:00;0;NORMAL;;Sem ação necessária.
UCI_Dataset;24/03/04 14:00;1;MODERADO;R02_NO2_MODERADO;Monitorizar evolucão. Sensiveis reduzam atividade ao ar livre.
UCI_Dataset;24/03/04 15:00;0;NORMAL;;Sem ação necessária.
UCI_Dataset;24/03/04 16:00;1;MODERADO;R02_NO2_MODERADO;Monitorizar evolucão. Sensiveis reduzam atividade ao ar livre.
UCI_Dataset;24/03/04 17:00;1;MODERADO;R02_NO2_MODERADO;Monitorizar evolucão. Sensiveis reduzam atividade ao ar livre.
UCI_Dataset;24/03/04 18:00;1;MODERADO;R02_NO2_MODERADO;Monitorizar evolucão. Sensiveis reduzam atividade ao ar livre.
UCI_Dataset;24/03/04 19:00;1;MODERADO;R02_NO2_MODERADO;Monitorizar evolucão. Sensiveis reduzam atividade ao ar livre.
UCI_Dataset;24/03/04 20:00;1;MODERADO;R02_NO2_MODERADO;Monitorizar evolucão. Sensiveis reduzam atividade ao ar livre.
UCI_Dataset;24/03/04 21:00;1;MODERADO;R02_NO2_MODERADO;Monitorizar evolucão. Sensiveis reduzam atividade ao ar livre.
UCI_Dataset;24/03/04 22:00;1;MODERADO;R02_NO2_MODERADO;Monitorizar evolucão. Sensiveis reduzam atividade ao ar livre.
UCI_Dataset;24/03/04 23:00;0;NORMAL;;Sem ação necessária.
UCI_Dataset;25/03/04 00:00;0;NORMAL;;Sem ação necessária.
UCI_Dataset;25/03/04 01:00;0;NORMAL;;Sem ação necessária.
UCI_Dataset;25/03/04 02:00;0;NORMAL;;Sem ação necessária.
UCI_Dataset;25/03/04 03:00;0;NORMAL;;Sem ação necessária.
UCI_Dataset;25/03/04 04:00;0;NORMAL;;Sem ação necessária.
UCI_Dataset;25/03/04 05:00;0;NORMAL;;Sem ação necessária.
UCI_Dataset;25/03/04 06:00;0;NORMAL;;Sem ação necessária.
UCI_Dataset;25/03/04 07:00;0;NORMAL;;Sem ação necessária.
UCI_Dataset;25/03/04 08:00;1;MODERADO;R02_NO2_MODERADO;Monitorizar evolucão. Sensiveis reduzam atividade ao ar livre.
UCI_Dataset;25/03/04 09:00;1;MODERADO;R02_NO2_MODERADO;Monitorizar evolucão. Sensiveis reduzam atividade ao ar livre.
UCI_Dataset;25/03/04 10:00;0;NORMAL;;Sem ação necessária.
UCI_Dataset;25/03/04 11:00;0;NORMAL;;Sem ação necessária.
UCI_Dataset;25/03/04 12:00;0;NORMAL;;Sem ação necessária.
UCI_Dataset;25/03/04 13:00;0;NORMAL;;Sem ação necessária.
UCI_Dataset;25/03/04 14:00;0;NORMAL;;Sem ação necessária.
UCI_Dataset;25/03/04 15:00;0;NORMAL;;Sem ação necessária.
UCI_Dataset;25/03/04 16:00;1;MODERADO;R02_NO2_MODERADO;Monitorizar evolucão. Sensiveis reduzam atividade ao ar livre.
UCI_Dataset;25/03/04 17:00;0;NORMAL;;Sem ação necessária.
UCI_Dataset;25/03/04 18:00;1;MODERADO;R02_NO2_MODERADO;Monitorizar evolucão. Sensiveis reduzam atividade ao ar livre.
UCI_Dataset;25/03/04 19:00;1;MODERADO;R02_NO2_MODERADO;Monitorizar evolucão. Sensiveis reduzam atividade ao ar livre.
UCI_Dataset;25/03/04 20:00;1;MODERADO;R02_NO2_MODERADO;Monitorizar evolucão. Sensiveis reduzam atividade ao ar livre.
UCI_Dataset;25/03/04 21:00;1;MODERADO;R02_NO2_MODERADO;Monitorizar evolucão. Sensiveis reduzam atividade ao ar livre.
UCI_Dataset;25/03/04 22:00;1;MODERADO;R02_NO2_MODERADO;Monitorizar evolucão. Sensiveis reduzam atividade ao ar livre.
UCI_Dataset;25/03/04 23:00;0;NORMAL;;Sem ação necessária.
UCI_Dataset;26/03/04 00:00;0;NORMAL;;Sem ação necessária.
UCI_Dataset;26/03/04 01:00;0;NORMAL;;Sem ação necessária.
UCI_Dataset;26/03/04 02:00;0;NORMAL;;Sem ação necessária.
UCI_Dataset;26/03/04 03:00;0;NORMAL;;Sem ação necessária.
UCI_Dataset;26/03/04 04:00;0;NORMAL;;Sem ação necessária.
UCI_Dataset;26/03/04 05:00;0;NORMAL;;Sem ação necessária.
UCI_Dataset;26/03/04 06:00;0;NORMAL;;Sem ação necessária.
UCI_Dataset;26/03/04 07:00;0;NORMAL;;Sem ação necessária.
UCI_Dataset;26/03/04 08:00;1;MODERADO;R02_NO2_MODERADO;Monitorizar evolucão. Sensiveis reduzam atividade ao ar livre.
UCI_Dataset;26/03/04 09:00;1;MODERADO;R02_NO2_MODERADO;Monitorizar evolucão. Sensiveis reduzam atividade ao ar livre.
UCI_Dataset;26/03/04 10:00;1;MODERADO;R02_NO2_MODERADO;Monitorizar evolucão. Sensiveis reduzam atividade ao ar livre.
UCI_Dataset;26/03/04 11:00;1;MODERADO;R02_NO2_MODERADO;Monitorizar evolucão. Sensiveis reduzam atividade ao ar livre.
UCI_Dataset;26/03/04 12:00;0;NORMAL;;Sem ação necessária.
UCI_Dataset;26/03/04 13:00;0;NORMAL;;Sem ação necessária.
UCI_Dataset;26/03/04 14:00;0;NORMAL;;Sem ação necessária.
UCI_Dataset;26/03/04 15:00;0;NORMAL;;Sem ação necessária.
UCI_Dataset;26/03/04 16:00;0;NORMAL;;Sem ação necessária.
UCI_Dataset;26/03/04 17:00;1;MODERADO;R02_NO2_MODERADO;Monitorizar evolucão. Sensiveis reduzam atividade ao ar livre.
UCI_Dataset;26/03/04 18:00;1;MODERADO;R02_NO2_MODERADO;Monitorizar evolucão. Sensiveis reduzam atividade ao ar livre.
UCI_Dataset;26/03/04 19:00;0;NORMAL;;Sem ação necessária.
UCI_Dataset;26/03/04 20:00;0;NORMAL;;Sem ação necessária.
UCI_Dataset;26/03/04 21:00;0;NORMAL;;Sem ação necessária.
UCI_Dataset;26/03/04 22:00;0;NORMAL;;Sem ação necessária.
UCI_Dataset;26/03/04 23:00;0;NORMAL;;Sem ação necessária.
UCI_Dataset;27/03/04 00:00;0;NORMAL;;Sem ação necessária.
UCI_Dataset;27/03/04 01:00;0;NORMAL;;Sem ação necessária.
UCI_Dataset;27/03/04 02:00;0;NORMAL;;Sem ação necessária.
UCI_Dataset;27/03/04 03:00;0;NORMAL;;Sem ação necessária.
UCI_Dataset;27/03/04 04:00;0;NORMAL;;Sem ação necessária.
UCI_Dataset;27/03/04 05:00;0;NORMAL;;Sem ação necessária.
UCI_Dataset;27/03/04 06:00;0;NORMAL;;Sem ação necessária.
UCI_Dataset;27/03/04 07:00;0;NORMAL;;Sem ação necessária.
UCI_Dataset;27/03/04 08:00;0;NORMAL;;Sem ação necessária.
UCI_Dataset;27/03/04 09:00;0;NORMAL;;Sem ação necessária.
UCI_Dataset;27/03/04 10:00;0;NORMAL;;Sem ação necessária.
UCI_Dataset;27/03/04 11:00;0;NORMAL;;Sem ação necessária.
UCI_Dataset;27/03/04 12:00;0;NORMAL;;Sem ação necessária.
UCI_Dataset;27/03/04 13:00;0;NORMAL;;Sem ação necessária.
UCI_Dataset;27/03/04 14:00;1;MODERADO;R02_NO2_MODERADO;Monitorizar evolucão. Sensiveis reduzam atividade ao ar livre.
UCI_Dataset;27/03/04 15:00;1;MODERADO;R02_NO2_MODERADO;Monitorizar evolucão. Sensiveis reduzam atividade ao ar livre.
UCI_Dataset;27/03/04 16:00;1;MODERADO;R02_NO2_MODERADO;Monitorizar evolucão. Sensiveis reduzam atividade ao ar livre.
UCI_Dataset;27/03/04 17:00;1;MODERADO;R02_NO2_MODERADO;Monitorizar evolucão. Sensiveis reduzam atividade ao ar livre.
UCI_Dataset;27/03/04 18:00;1;MODERADO;R02_NO2_MODERADO;Monitorizar evolucão. Sensiveis reduzam atividade ao ar livre.
UCI_Dataset;27/03/04 19:00;1;MODERADO;R02_NO2_MODERADO;Monitorizar evolucão. Sensiveis reduzam atividade ao ar livre.
UCI_Dataset;27/03/04 20:00;1;MODERADO;R02_NO2_MODERADO;Monitorizar evolucão. Sensiveis reduzam atividade ao ar livre.
UCI_Dataset;27/03/04 21:00;1;MODERADO;R02_NO2_MODERADO;Monitorizar evolucão. Sensiveis reduzam atividade ao ar livre.
UCI_Dataset;27/03/04 22:00;0;NORMAL;;Sem ação necessária.
UCI_Dataset;27/03/04 23:00;1;MODERADO;R02_NO2_MODERADO;Monitorizar evolucão. Sensiveis reduzam atividade ao ar livre.
UCI_Dataset;28/03/04 00:00;1;MODERADO;R02_NO2_MODERADO;Monitorizar evolucão. Sensiveis reduzam atividade ao ar livre.
UCI_Dataset;28/03/04 01:00;0;NORMAL;;Sem ação necessária.
UCI_Dataset;28/03/04 02:00;0;NORMAL;;Sem ação necessária.
UCI_Dataset;28/03/04 03:00;0;NORMAL;;Sem ação necessária.
UCI_Dataset;28/03/04 04:00;0;NORMAL;;Sem ação necessária.
UCI_Dataset;28/03/04 05:00;0;NORMAL;;Sem ação necessária.
UCI_Dataset;28/03/04 06:00;0;NORMAL;;Sem ação necessária.
UCI_Dataset;28/03/04 07:00;0;NORMAL;;Sem ação necessária.
UCI_Dataset;28/03/04 08:00;0;NORMAL;;Sem ação necessária.
UCI_Dataset;28/03/04 09:00;0;NORMAL;;Sem ação necessária.
UCI_Dataset;28/03/04 10:00;0;NORMAL;;Sem ação necessária.
UCI_Dataset;28/03/04 11:00;0;NORMAL;;Sem ação necessária.
UCI_Dataset;28/03/04 12:00;0;NORMAL;;Sem ação necessária.
UCI_Dataset;28/03/04 13:00;0;NORMAL;;Sem ação necessária.
UCI_Dataset;28/03/04 14:00;0;NORMAL;;Sem ação necessária.
UCI_Dataset;28/03/04 15:00;0;NORMAL;;Sem ação necessária.
UCI_Dataset;28/03/04 16:00;0;NORMAL;;Sem ação necessária.
UCI_Dataset;28/03/04 17:00;0;NORMAL;;Sem ação necessária.
UCI_Dataset;28/03/04 18:00;0;NORMAL;;Sem ação necessária.
UCI_Dataset;28/03/04 19:00;0;NORMAL;;Sem ação necessária.
UCI_Dataset;28/03/04 20:00;1;MODERADO;R02_NO2_MODERADO;Monitorizar evolucão. Sensiveis reduzam atividade ao ar livre.
UCI_Dataset;28/03/04 21:00;0;NORMAL;;Sem ação necessária.
UCI_Dataset;28/03/04 22:00;0;NORMAL;;Sem ação necessária.
UCI_Dataset;28/03/04 23:00;0;NORMAL;;Sem ação necessária.
UCI_Dataset;29/03/04 00:00;0;NORMAL;;Sem ação necessária.
UCI_Dataset;29/03/04 01:00;0;NORMAL;;Sem ação necessária.
UCI_Dataset;29/03/04 02:00;0;NORMAL;;Sem ação necessária.
UCI_Dataset;29/03/04 03:00;0;NORMAL;;Sem ação necessária.
UCI_Dataset;29/03/04 04:00;0;NORMAL;;Sem ação necessária.
UCI_Dataset;29/03/04 05:00;0;NORMAL;;Sem ação necessária.
UCI_Dataset;29/03/04 06:00;0;NORMAL;;Sem ação necessária.
UCI_Dataset;29/03/04 07:00;1;MODERADO;R02_NO2_MODERADO;Monitorizar evolucão. Sensiveis reduzam atividade ao ar livre.
UCI_Dataset;29/03/04 08:00;1;MODERADO;R02_NO2_MODERADO;Monitorizar evolucão. Sensiveis reduzam atividade ao ar livre.
UCI_Dataset;29/03/04 09:00;0;NORMAL;;Sem ação necessária.
UCI_Dataset;29/03/04 10:00;0;NORMAL;;Sem ação necessária.
UCI_Dataset;29/03/04 11:00;0;NORMAL;;Sem ação necessária.
UCI_Dataset;29/03/04 12:00;0;NORMAL;;Sem ação necessária.
UCI_Dataset;29/03/04 13:00;0;NORMAL;;Sem ação necessária.
UCI_Dataset;29/03/04 14:00;0;NORMAL;;Sem ação necessária.
UCI_Dataset;29/03/04 15:00;0;NORMAL;;Sem ação necessária.
UCI_Dataset;29/03/04 16:00;0;NORMAL;;Sem ação necessária.
UCI_Dataset;29/03/04 17:00;0;NORMAL;;Sem ação necessária.
UCI_Dataset;29/03/04 18:00;1;MODERADO;R02_NO2_MODERADO;Monitorizar evolucão. Sensiveis reduzam atividade ao ar livre.
UCI_Dataset;29/03/04 19:00;1;MODERADO;R02_NO2_MODERADO;Monitorizar evolucão. Sensiveis reduzam atividade ao ar livre.
UCI_Dataset;29/03/04 20:00;0;NORMAL;;Sem ação necessária.
UCI_Dataset;29/03/04 21:00;0;NORMAL;;Sem ação necessária.
UCI_Dataset;29/03/04 22:00;0;NORMAL;;Sem ação necessária.
UCI_Dataset;29/03/04 23:00;0;NORMAL;;Sem ação necessária.
UCI_Dataset;30/03/04 00:00;0;NORMAL;;Sem ação necessária.
UCI_Dataset;30/03/04 01:00;0;NORMAL;;Sem ação necessária.
UCI_Dataset;30/03/04 02:00;0;NORMAL;;Sem ação necessária.
UCI_Dataset;30/03/04 03:00;0;NORMAL;;Sem ação necessária.
UCI_Dataset;30/03/04 04:00;0;NORMAL;;Sem ação necessária.
UCI_Dataset;30/03/04 05:00;0;NORMAL;;Sem ação necessária.
UCI_Dataset;30/03/04 06:00;0;NORMAL;;Sem ação necessária.
UCI_Dataset;30/03/04 07:00;1;MODERADO;R02_NO2_MODERADO;Monitorizar evolucão. Sensiveis reduzam atividade ao ar livre.
UCI_Dataset;30/03/04 08:00;1;MODERADO;R02_NO2_MODERADO;Monitorizar evolucão. Sensiveis reduzam atividade ao ar livre.
UCI_Dataset;30/03/04 09:00;1;MODERADO;R02_NO2_MODERADO;Monitorizar evolucão. Sensiveis reduzam atividade ao ar livre.
UCI_Dataset;30/03/04 10:00;1;MODERADO;R02_NO2_MODERADO;Monitorizar evolucão. Sensiveis reduzam atividade ao ar livre.
UCI_Dataset;30/03/04 11:00;1;MODERADO;R02_NO2_MODERADO;Monitorizar evolucão. Sensiveis reduzam atividade ao ar livre.
UCI_Dataset;30/03/04 12:00;1;MODERADO;R02_NO2_MODERADO;Monitorizar evolucão. Sensiveis reduzam atividade ao ar livre.
UCI_Dataset;30/03/04 13:00;1;MODERADO;R02_NO2_MODERADO;Monitorizar evolucão. Sensiveis reduzam atividade ao ar livre.
UCI_Dataset;30/03/04 14:00;0;NORMAL;;Sem ação necessária.
UCI_Dataset;30/03/04 15:00;0;NORMAL;;Sem ação necessária.
UCI_Dataset;30/03/04 16:00;0;NORMAL;;Sem ação necessária.
UCI_Dataset;30/03/04 17:00;0;NORMAL;;Sem ação necessária.
UCI_Dataset;30/03/04 18:00;1;MODERADO;R02_NO2_MODERADO;Monitorizar evolucão. Sensiveis reduzam atividade ao ar livre.
UCI_Dataset;30/03/04 19:00;1;MODERADO;R02_NO2_MODERADO;Monitorizar evolucão. Sensiveis reduzam atividade ao ar livre.
UCI_Dataset;30/03/04 20:00;1;MODERADO;R02_NO2_MODERADO;Monitorizar evolucão. Sensiveis reduzam atividade ao ar livre.
UCI_Dataset;30/03/04 21:00;0;NORMAL;;Sem ação necessária.
UCI_Dataset;30/03/04 22:00;0;NORMAL;;Sem ação necessária.
UCI_Dataset;30/03/04 23:00;0;NORMAL;;Sem ação necessária.
UCI_Dataset;31/03/04 00:00;0;NORMAL;;Sem ação necessária.
UCI_Dataset;31/03/04 01:00;0;NORMAL;;Sem ação necessária.
UCI_Dataset;31/03/04 02:00;0;NORMAL;;Sem ação necessária.
UCI_Dataset;31/03/04 03:00;0;NORMAL;;Sem ação necessária.
UCI_Dataset;31/03/04 04:00;0;NORMAL;;Sem ação necessária.
UCI_Dataset;31/03/04 05:00;0;NORMAL;;Sem ação necessária.
UCI_Dataset;31/03/04 06:00;0;NORMAL;;Sem ação necessária.
UCI_Dataset;31/03/04 07:00;1;MODERADO;R02_NO2_MODERADO;Monitorizar evolucão. Sensiveis reduzam atividade ao ar livre.
UCI_Dataset;31/03/04 08:00;1;MODERADO;R02_NO2_MODERADO;Monitorizar evolucão. Sensiveis reduzam atividade ao ar livre.
UCI_Dataset;31/03/04 09:00;1;MODERADO;R02_NO2_MODERADO;Monitorizar evolucão. Sensiveis reduzam atividade ao ar livre.
UCI_Dataset;31/03/04 10:00;1;MODERADO;R02_NO2_MODERADO;Monitorizar evolucão. Sensiveis reduzam atividade ao ar livre.
UCI_Dataset;31/03/04 11:00;1;MODERADO;R02_NO2_MODERADO;Monitorizar evolucão. Sensiveis reduzam atividade ao ar livre.
UCI_Dataset;31/03/04 12:00;1;MODERADO;R02_NO2_MODERADO;Monitorizar evolucão. Sensiveis reduzam atividade ao ar livre.
UCI_Dataset;31/03/04 13:00;1;MODERADO;R02_NO2_MODERADO;Monitorizar evolucão. Sensiveis reduzam atividade ao ar livre.
UCI_Dataset;31/03/04 14:00;1;MODERADO;R02_NO2_MODERADO;Monitorizar evolucão. Sensiveis reduzam atividade ao ar livre.
UCI_Dataset;31/03/04 15:00;1;MODERADO;R02_NO2_MODERADO;Monitorizar evolucão. Sensiveis reduzam atividade ao ar livre.
UCI_Dataset;31/03/04 16:00;1;MODERADO;R02_NO2_MODERADO;Monitorizar evolucão. Sensiveis reduzam atividade ao ar livre.
UCI_Dataset;31/03/04 17:00;1;MODERADO;R02_NO2_MODERADO;Monitorizar evolucão. Sensiveis reduzam atividade ao ar livre.
UCI_Dataset;31/03/04 18:00;1;MODERADO;R02_NO2_MODERADO;Monitorizar evolucão. Sensiveis reduzam atividade ao ar livre.
UCI_Dataset;31/03/04 19:00;1;MODERADO;R02_NO2_MODERADO;Monitorizar evolucão. Sensiveis reduzam atividade ao ar livre.
UCI_Dataset;31/03/04 20:00;1;MODERADO;R02_NO2_MODERADO;Monitorizar evolucão. Sensiveis reduzam atividade ao ar livre.
UCI_Dataset;31/03/04 21:00;0;NORMAL;;Sem ação necessária.
UCI_Dataset;31/03/04 22:00;0;NORMAL;;Sem ação necessária.
UCI_Dataset;31/03/04 23:00;0;NORMAL;;Sem ação necessária.
UCI_Dataset;01/04/04 00:00;0;NORMAL;;Sem ação necessária.
UCI_Dataset;01/04/04 01:00;0;NORMAL;;Sem ação necessária.
UCI_Dataset;01/04/04 02:00;0;NORMAL;;Sem ação necessária.
UCI_Dataset;01/04/04 03:00;0;NORMAL;;Sem ação necessária.
UCI_Dataset;01/04/04 04:00;0;NORMAL;;Sem ação necessária.
UCI_Dataset;01/04/04 05:00;0;NORMAL;;Sem ação necessária.
UCI_Dataset;01/04/04 06:00;0;NORMAL;;Sem ação necessária.
UCI_Dataset;01/04/04 07:00;0;NORMAL;;Sem ação necessária.
UCI_Dataset;01/04/04 08:00;1;MODERADO;R02_NO2_MODERADO;Monitorizar evolucão. Sensiveis reduzam atividade ao ar livre.
UCI_Dataset;01/04/04 09:00;1;MODERADO;R02_NO2_MODERADO;Monitorizar evolucão. Sensiveis reduzam atividade ao ar livre.
UCI_Dataset;01/04/04 10:00;1;MODERADO;R02_NO2_MODERADO;Monitorizar evolucão. Sensiveis reduzam atividade ao ar livre.
UCI_Dataset;01/04/04 11:00;0;NORMAL;;Sem ação necessária.
UCI_Dataset;01/04/04 12:00;0;NORMAL;;Sem ação necessária.
UCI_Dataset;01/04/04 13:00;0;NORMAL;;Sem ação necessária.
UCI_Dataset;01/04/04 14:00;0;NORMAL;;Sem ação necessária.
UCI_Dataset;01/04/04 15:00;0;NORMAL;;Sem ação necessária.
UCI_Dataset;01/04/04 16:00;0;NORMAL;;Sem ação necessária.
UCI_Dataset;01/04/04 17:00;1;MODERADO;R02_NO2_MODERADO;Monitorizar evolucão. Sensiveis reduzam atividade ao ar livre.
UCI_Dataset;01/04/04 18:00;1;MODERADO;R02_NO2_MODERADO;Monitorizar evolucão. Sensiveis reduzam atividade ao ar livre.
UCI_Dataset;01/04/04 19:00;1;MODERADO;R02_NO2_MODERADO;Monitorizar evolucão. Sensiveis reduzam atividade ao ar livre.
UCI_Dataset;01/04/04 20:00;1;MODERADO;R02_NO2_MODERADO;Monitorizar evolucão. Sensiveis reduzam atividade ao ar livre.
UCI_Dataset;01/04/04 21:00;1;MODERADO;R02_NO2_MODERADO;Monitorizar evolucão. Sensiveis reduzam atividade ao ar livre.
UCI_Dataset;01/04/04 22:00;1;MODERADO;R02_NO2_MODERADO;Monitorizar evolucão. Sensiveis reduzam atividade ao ar livre.
UCI_Dataset;01/04/04 23:00;1;MODERADO;R02_NO2_MODERADO;Monitorizar evolucão. Sensiveis reduzam atividade ao ar livre.
UCI_Dataset;02/04/04 00:00;1;MODERADO;R02_NO2_MODERADO;Monitorizar evolucão. Sensiveis reduzam atividade ao ar livre.
UCI_Dataset;02/04/04 01:00;0;NORMAL;;Sem ação necessária.
UCI_Dataset;02/04/04 02:00;0;NORMAL;;Sem ação necessária.
UCI_Dataset;02/04/04 03:00;0;NORMAL;;Sem ação necessária.
UCI_Dataset;02/04/04 04:00;0;NORMAL;;Sem ação necessária.
UCI_Dataset;02/04/04 05:00;0;NORMAL;;Sem ação necessária.
UCI_Dataset;02/04/04 06:00;0;NORMAL;;Sem ação necessária.
UCI_Dataset;02/04/04 07:00;1;MODERADO;R02_NO2_MODERADO;Monitorizar evolucão. Sensiveis reduzam atividade ao ar livre.
UCI_Dataset;02/04/04 08:00;1;MODERADO;R02_NO2_MODERADO;Monitorizar evolucão. Sensiveis reduzam atividade ao ar livre.
UCI_Dataset;02/04/04 09:00;1;MODERADO;R02_NO2_MODERADO;Monitorizar evolucão. Sensiveis reduzam atividade ao ar livre.
UCI_Dataset;02/04/04 10:00;1;MODERADO;R02_NO2_MODERADO;Monitorizar evolucão. Sensiveis reduzam atividade ao ar livre.
UCI_Dataset;02/04/04 11:00;1;MODERADO;R02_NO2_MODERADO;Monitorizar evolucão. Sensiveis reduzam atividade ao ar livre.
UCI_Dataset;02/04/04 12:00;1;MODERADO;R02_NO2_MODERADO;Monitorizar evolucão. Sensiveis reduzam atividade ao ar livre.
UCI_Dataset;02/04/04 13:00;1;MODERADO;R02_NO2_MODERADO;Monitorizar evolucão. Sensiveis reduzam atividade ao ar livre.
UCI_Dataset;02/04/04 14:00;1;MODERADO;R02_NO2_MODERADO;Monitorizar evolucão. Sensiveis reduzam atividade ao ar livre.
UCI_Dataset;02/04/04 15:00;1;MODERADO;R02_NO2_MODERADO;Monitorizar evolucão. Sensiveis reduzam atividade ao ar livre.
UCI_Dataset;02/04/04 16:00;1;MODERADO;R02_NO2_MODERADO;Monitorizar evolucão. Sensiveis reduzam atividade ao ar livre.
UCI_Dataset;02/04/04 17:00;1;MODERADO;R02_NO2_MODERADO;Monitorizar evolucão. Sensiveis reduzam atividade ao ar livre.
UCI_Dataset;02/04/04 18:00;1;MODERADO;R02_NO2_MODERADO;Monitorizar evolucão. Sensiveis reduzam atividade ao ar livre.
UCI_Dataset;02/04/04 19:00;1;MODERADO;R02_NO2_MODERADO;Monitorizar evolucão. Sensiveis reduzam atividade ao ar livre.
UCI_Dataset;02/04/04 20:00;1;MODERADO;R02_NO2_MODERADO;Monitorizar evolucão. Sensiveis reduzam atividade ao ar livre.
UCI_Dataset;02/04/04 21:00;1;MODERADO;R02_NO2_MODERADO;Monitorizar evolucão. Sensiveis reduzam atividade ao ar livre.
UCI_Dataset;02/04/04 22:00;1;MODERADO;R02_NO2_MODERADO;Monitorizar evolucão. Sensiveis reduzam atividade ao ar livre.
UCI_Dataset;02/04/04 23:00;1;MODERADO;R02_NO2_MODERADO;Monitorizar evolucão. Sensiveis reduzam atividade ao ar livre.
UCI_Dataset;03/04/04 00:00;1;MODERADO;R02_NO2_MODERADO;Monitorizar evolucão. Sensiveis reduzam atividade ao ar livre.
UCI_Dataset;03/04/04 01:00;0;NORMAL;;Sem ação necessária.
UCI_Dataset;03/04/04 02:00;0;NORMAL;;Sem ação necessária.
UCI_Dataset;03/04/04 03:00;0;NORMAL;;Sem ação necessária.
UCI_Dataset;03/04/04 04:00;0;NORMAL;;Sem ação necessária.
UCI_Dataset;03/04/04 05:00;0;NORMAL;;Sem ação necessária.
UCI_Dataset;03/04/04 06:00;0;NORMAL;;Sem ação necessária.
UCI_Dataset;03/04/04 07:00;0;NORMAL;;Sem ação necessária.
UCI_Dataset;03/04/04 08:00;0;NORMAL;;Sem ação necessária.
UCI_Dataset;03/04/04 09:00;1;MODERADO;R02_NO2_MODERADO;Monitorizar evolucão. Sensiveis reduzam atividade ao ar livre.
UCI_Dataset;03/04/04 10:00;0;NORMAL;;Sem ação necessária.
UCI_Dataset;03/04/04 11:00;0;NORMAL;;Sem ação necessária.
UCI_Dataset;03/04/04 12:00;0;NORMAL;;Sem ação necessária.
UCI_Dataset;03/04/04 13:00;0;NORMAL;;Sem ação necessária.
UCI_Dataset;03/04/04 14:00;0;NORMAL;;Sem ação necessária.
UCI_Dataset;03/04/04 15:00;0;NORMAL;;Sem ação necessária.
UCI_Dataset;03/04/04 16:00;0;NORMAL;;Sem ação necessária.
UCI_Dataset;03/04/04 17:00;0;NORMAL;;Sem ação necessária.
UCI_Dataset;03/04/04 18:00;0;NORMAL;;Sem ação necessária.
UCI_Dataset;03/04/04 19:00;0;NORMAL;;Sem ação necessária.
UCI_Dataset;03/04/04 20:00;0;NORMAL;;Sem ação necessária.
UCI_Dataset;03/04/04 21:00;0;NORMAL;;Sem ação necessária.
UCI_Dataset;03/04/04 22:00;0;NORMAL;;Sem ação necessária.
UCI_Dataset;03/04/04 23:00;0;NORMAL;;Sem ação necessária.
UCI_Dataset;04/04/04 00:00;0;NORMAL;;Sem ação necessária.
UCI_Dataset;04/04/04 01:00;0;NORMAL;;Sem ação necessária.
UCI_Dataset;04/04/04 02:00;0;NORMAL;;Sem ação necessária.
UCI_Dataset;04/04/04 03:00;0;NORMAL;;Sem ação necessária.
UCI_Dataset;04/04/04 04:00;0;NORMAL;;Sem ação necessária.
UCI_Dataset;04/04/04 05:00;0;NORMAL;;Sem ação necessária.
UCI_Dataset;04/04/04 06:00;0;NORMAL;;Sem ação necessária.
UCI_Dataset;04/04/04 07:00;0;NORMAL;;Sem ação necessária.
UCI_Dataset;04/04/04 08:00;0;NORMAL;;Sem ação necessária.
UCI_Dataset;04/04/04 09:00;0;NORMAL;;Sem ação necessária.
UCI_Dataset;04/04/04 10:00;0;NORMAL;;Sem ação necessária.
UCI_Dataset;04/04/04 11:00;0;NORMAL;;Sem ação necessária.
UCI_Dataset;04/04/04 12:00;0;NORMAL;;Sem ação necessária.
UCI_Dataset;04/04/04 13:00;0;NORMAL;;Sem ação necessária.
UCI_Dataset;04/04/04 14:00;0;NORMAL;;Sem ação necessária.
UCI_Dataset;04/04/04 15:00;0;NORMAL;;Sem ação necessária.
UCI_Dataset;04/04/04 16:00;0;NORMAL;;Sem ação necessária.
UCI_Dataset;04/04/04 17:00;0;NORMAL;;Sem ação necessária.
UCI_Dataset;04/04/04 18:00;0;NORMAL;;Sem ação necessária.
UCI_Dataset;04/04/04 19:00;0;NORMAL;;Sem ação necessária.
UCI_Dataset;04/04/04 20:00;0;NORMAL;;Sem ação necessária.
UCI_Dataset;04/04/04 21:00;0;NORMAL;;Sem ação necessária.
UCI_Dataset;04/04/04 22:00;0;NORMAL;;Sem ação necessária.
UCI_Dataset;04/04/04 23:00;0;NORMAL;;Sem ação necessária.
UCI_Dataset;05/04/04 00:00;0;NORMAL;;Sem ação necessária.
UCI_Dataset;05/04/04 01:00;0;NORMAL;;Sem ação necessária.
UCI_Dataset;05/04/04 02:00;0;NORMAL;;Sem ação necessária.
UCI_Dataset;05/04/04 03:00;0;NORMAL;;Sem ação necessária.
UCI_Dataset;05/04/04 04:00;0;NORMAL;;Sem ação necessária.
UCI_Dataset;05/04/04 05:00;0;NORMAL;;Sem ação necessária.
UCI_Dataset;05/04/04 06:00;0;NORMAL;;Sem ação necessária.
UCI_Dataset;05/04/04 07:00;0;NORMAL;;Sem ação necessária.
UCI_Dataset;05/04/04 08:00;0;NORMAL;;Sem ação necessária.
UCI_Dataset;05/04/04 09:00;0;NORMAL;;Sem ação necessária.
UCI_Dataset;05/04/04 10:00;1;MODERADO;R02_NO2_MODERADO;Monitorizar evolucão. Sensiveis reduzam atividade ao ar livre.
UCI_Dataset;05/04/04 11:00;1;MODERADO;R02_NO2_MODERADO;Monitorizar evolucão. Sensiveis reduzam atividade ao ar livre.
UCI_Dataset;05/04/04 12:00;1;MODERADO;R02_NO2_MODERADO;Monitorizar evolucão. Sensiveis reduzam atividade ao ar livre.
UCI_Dataset;05/04/04 13:00;1;MODERADO;R02_NO2_MODERADO;Monitorizar evolucão. Sensiveis reduzam atividade ao ar livre.
UCI_Dataset;05/04/04 14:00;1;MODERADO;R02_NO2_MODERADO;Monitorizar evolucão. Sensiveis reduzam atividade ao ar livre.
UCI_Dataset;05/04/04 15:00;0;NORMAL;;Sem ação necessária.
UCI_Dataset;05/04/04 16:00;0;NORMAL;;Sem ação necessária.
UCI_Dataset;05/04/04 17:00;1;MODERADO;R02_NO2_MODERADO;Monitorizar evolucão. Sensiveis reduzam atividade ao ar livre.
UCI_Dataset;05/04/04 18:00;1;MODERADO;R02_NO2_MODERADO;Monitorizar evolucão. Sensiveis reduzam atividade ao ar livre.
UCI_Dataset;05/04/04 19:00;1;MODERADO;R02_NO2_MODERADO;Monitorizar evolucão. Sensiveis reduzam atividade ao ar livre.
UCI_Dataset;05/04/04 20:00;1;MODERADO;R02_NO2_MODERADO;Monitorizar evolucão. Sensiveis reduzam atividade ao ar livre.
UCI_Dataset;05/04/04 21:00;1;MODERADO;R02_NO2_MODERADO;Monitorizar evolucão. Sensiveis reduzam atividade ao ar livre.
UCI_Dataset;05/04/04 22:00;0;NORMAL;;Sem ação necessária.
UCI_Dataset;05/04/04 23:00;0;NORMAL;;Sem ação necessária.
UCI_Dataset;06/04/04 00:00;0;NORMAL;;Sem ação necessária.
UCI_Dataset;06/04/04 01:00;0;NORMAL;;Sem ação necessária.
UCI_Dataset;06/04/04 02:00;0;NORMAL;;Sem ação necessária.
UCI_Dataset;06/04/04 03:00;0;NORMAL;;Sem ação necessária.
UCI_Dataset;06/04/04 04:00;0;NORMAL;;Sem ação necessária.
UCI_Dataset;06/04/04 05:00;0;NORMAL;;Sem ação necessária.
UCI_Dataset;06/04/04 06:00;0;NORMAL;;Sem ação necessária.
UCI_Dataset;06/04/04 07:00;1;MODERADO;R02_NO2_MODERADO;Monitorizar evolucão. Sensiveis reduzam atividade ao ar livre.
UCI_Dataset;06/04/04 08:00;1;MODERADO;R02_NO2_MODERADO;Monitorizar evolucão. Sensiveis reduzam atividade ao ar livre.
UCI_Dataset;06/04/04 09:00;1;MODERADO;R02_NO2_MODERADO;Monitorizar evolucão. Sensiveis reduzam atividade ao ar livre.
UCI_Dataset;06/04/04 10:00;1;MODERADO;R02_NO2_MODERADO;Monitorizar evolucão. Sensiveis reduzam atividade ao ar livre.
UCI_Dataset;06/04/04 11:00;0;NORMAL;;Sem ação necessária.
UCI_Dataset;06/04/04 12:00;0;NORMAL;;Sem ação necessária.
UCI_Dataset;06/04/04 13:00;1;MODERADO;R02_NO2_MODERADO;Monitorizar evolucão. Sensiveis reduzam atividade ao ar livre.
UCI_Dataset;06/04/04 14:00;1;MODERADO;R02_NO2_MODERADO;Monitorizar evolucão. Sensiveis reduzam atividade ao ar livre.
UCI_Dataset;06/04/04 15:00;1;MODERADO;R02_NO2_MODERADO;Monitorizar evolucão. Sensiveis reduzam atividade ao ar livre.
UCI_Dataset;06/04/04 16:00;0;NORMAL;;Sem ação necessária.
UCI_Dataset;06/04/04 17:00;1;MODERADO;R02_NO2_MODERADO;Monitorizar evolucão. Sensiveis reduzam atividade ao ar livre.
UCI_Dataset;06/04/04 18:00;1;MODERADO;R02_NO2_MODERADO;Monitorizar evolucão. Sensiveis reduzam atividade ao ar livre.
UCI_Dataset;06/04/04 19:00;1;MODERADO;R02_NO2_MODERADO;Monitorizar evolucão. Sensiveis reduzam atividade ao ar livre.
UCI_Dataset;06/04/04 20:00;1;MODERADO;R02_NO2_MODERADO;Monitorizar evolucão. Sensiveis reduzam atividade ao ar livre.
UCI_Dataset;06/04/04 21:00;0;NORMAL;;Sem ação necessária.
UCI_Dataset;06/04/04 22:00;0;NORMAL;;Sem ação necessária.
UCI_Dataset;06/04/04 23:00;0;NORMAL;;Sem ação necessária.
UCI_Dataset;07/04/04 00:00;0;NORMAL;;Sem ação necessária.
UCI_Dataset;07/04/04 01:00;0;NORMAL;;Sem ação necessária.
UCI_Dataset;07/04/04 02:00;0;NORMAL;;Sem ação necessária.
UCI_Dataset;07/04/04 03:00;0;NORMAL;;Sem ação necessária.
UCI_Dataset;07/04/04 04:00;0;NORMAL;;Sem ação necessária.
UCI_Dataset;07/04/04 05:00;0;NORMAL;;Sem ação necessária.
UCI_Dataset;07/04/04 06:00;0;NORMAL;;Sem ação necessária.
UCI_Dataset;07/04/04 07:00;1;MODERADO;R02_NO2_MODERADO;Monitorizar evolucão. Sensiveis reduzam atividade ao ar livre.
UCI_Dataset;07/04/04 08:00;1;MODERADO;R02_NO2_MODERADO;Monitorizar evolucão. Sensiveis reduzam atividade ao ar livre.
UCI_Dataset;07/04/04 09:00;1;MODERADO;R02_NO2_MODERADO;Monitorizar evolucão. Sensiveis reduzam atividade ao ar livre.
UCI_Dataset;07/04/04 10:00;0;NORMAL;;Sem ação necessária.
UCI_Dataset;07/04/04 11:00;0;NORMAL;;Sem ação necessária.
UCI_Dataset;07/04/04 12:00;1;MODERADO;R02_NO2_MODERADO;Monitorizar evolucão. Sensiveis reduzam atividade ao ar livre.
UCI_Dataset;07/04/04 13:00;1;MODERADO;R02_NO2_MODERADO;Monitorizar evolucão. Sensiveis reduzam atividade ao ar livre.
UCI_Dataset;07/04/04 14:00;0;NORMAL;;Sem ação necessária.
UCI_Dataset;07/04/04 15:00;1;MODERADO;R02_NO2_MODERADO;Monitorizar evolucão. Sensiveis reduzam atividade ao ar livre.
UCI_Dataset;07/04/04 16:00;0;NORMAL;;Sem ação necessária.
UCI_Dataset;07/04/04 17:00;0;NORMAL;;Sem ação necessária.
UCI_Dataset;07/04/04 18:00;1;MODERADO;R02_NO2_MODERADO;Monitorizar evolucão. Sensiveis reduzam atividade ao ar livre.
UCI_Dataset;07/04/04 19:00;1;MODERADO;R02_NO2_MODERADO;Monitorizar evolucão. Sensiveis reduzam atividade ao ar livre.
UCI_Dataset;07/04/04 20:00;1;MODERADO;R02_NO2_MODERADO;Monitorizar evolucão. Sensiveis reduzam atividade ao ar livre.
UCI_Dataset;07/04/04 21:00;0;NORMAL;;Sem ação necessária.
UCI_Dataset;07/04/04 22:00;0;NORMAL;;Sem ação necessária.
UCI_Dataset;07/04/04 23:00;1;MODERADO;R02_NO2_MODERADO;Monitorizar evolucão. Sensiveis reduzam atividade ao ar livre.
UCI_Dataset;08/04/04 00:00;0;NORMAL;;Sem ação necessária.
UCI_Dataset;08/04/04 01:00;0;NORMAL;;Sem ação necessária.
UCI_Dataset;08/04/04 02:00;0;NORMAL;;Sem ação necessária.
UCI_Dataset;08/04/04 03:00;0;NORMAL;;Sem ação necessária.
UCI_Dataset;08/04/04 04:00;0;NORMAL;;Sem ação necessária.
UCI_Dataset;08/04/04 05:00;0;NORMAL;;Sem ação necessária.
UCI_Dataset;08/04/04 06:00;0;NORMAL;;Sem ação necessária.
UCI_Dataset;08/04/04 07:00;0;NORMAL;;Sem ação necessária.
UCI_Dataset;08/04/04 08:00;1;MODERADO;R02_NO2_MODERADO;Monitorizar evolucão. Sensiveis reduzam atividade ao ar livre.
UCI_Dataset;08/04/04 09:00;1;MODERADO;R02_NO2_MODERADO;Monitorizar evolucão. Sensiveis reduzam atividade ao ar livre.
UCI_Dataset;08/04/04 10:00;1;MODERADO;R02_NO2_MODERADO;Monitorizar evolucão. Sensiveis reduzam atividade ao ar livre.
UCI_Dataset;08/04/04 11:00;1;MODERADO;R02_NO2_MODERADO;Monitorizar evolucão. Sensiveis reduzam atividade ao ar livre.
UCI_Dataset;08/04/04 12:00;0;NORMAL;;Sem ação necessária.
UCI_Dataset;08/04/04 13:00;1;MODERADO;R02_NO2_MODERADO;Monitorizar evolucão. Sensiveis reduzam atividade ao ar livre.
UCI_Dataset;08/04/04 14:00;1;MODERADO;R02_NO2_MODERADO;Monitorizar evolucão. Sensiveis reduzam atividade ao ar livre.
UCI_Dataset;08/04/04 15:00;1;MODERADO;R02_NO2_MODERADO;Monitorizar evolucão. Sensiveis reduzam atividade ao ar livre.
UCI_Dataset;08/04/04 16:00;0;NORMAL;;Sem ação necessária.
UCI_Dataset;08/04/04 17:00;1;MODERADO;R02_NO2_MODERADO;Monitorizar evolucão. Sensiveis reduzam atividade ao ar livre.
UCI_Dataset;08/04/04 18:00;1;MODERADO;R02_NO2_MODERADO;Monitorizar evolucão. Sensiveis reduzam atividade ao ar livre.
UCI_Dataset;08/04/04 19:00;1;MODERADO;R02_NO2_MODERADO;Monitorizar evolucão. Sensiveis reduzam atividade ao ar livre.
UCI_Dataset;08/04/04 20:00;1;MODERADO;R02_NO2_MODERADO;Monitorizar evolucão. Sensiveis reduzam atividade ao ar livre.
UCI_Dataset;08/04/04 21:00;0;NORMAL;;Sem ação necessária.
UCI_Dataset;08/04/04 22:00;0;NORMAL;;Sem ação necessária.
UCI_Dataset;08/04/04 23:00;1;MODERADO;R02_NO2_MODERADO;Monitorizar evolucão. Sensiveis reduzam atividade ao ar livre.
UCI_Dataset;09/04/04 00:00;1;MODERADO;R02_NO2_MODERADO;Monitorizar evolucão. Sensiveis reduzam atividade ao ar livre.
UCI_Dataset;09/04/04 01:00;0;NORMAL;;Sem ação necessária.
UCI_Dataset;09/04/04 02:00;0;NORMAL;;Sem ação necessária.
UCI_Dataset;09/04/04 03:00;0;NORMAL;;Sem ação necessária.
UCI_Dataset;09/04/04 04:00;0;NORMAL;;Sem ação necessária.
UCI_Dataset;09/04/04 05:00;0;NORMAL;;Sem ação necessária.
UCI_Dataset;09/04/04 06:00;0;NORMAL;;Sem ação necessária.
UCI_Dataset;09/04/04 07:00;1;MODERADO;R02_NO2_MODERADO;Monitorizar evolucão. Sensiveis reduzam atividade ao ar livre.
UCI_Dataset;09/04/04 08:00;1;MODERADO;R02_NO2_MODERADO;Monitorizar evolucão. Sensiveis reduzam atividade ao ar livre.
UCI_Dataset;09/04/04 09:00;1;MODERADO;R02_NO2_MODERADO;Monitorizar evolucão. Sensiveis reduzam atividade ao ar livre.
UCI_Dataset;09/04/04 10:00;1;MODERADO;R02_NO2_MODERADO;Monitorizar evolucão. Sensiveis reduzam atividade ao ar livre.
UCI_Dataset;09/04/04 11:00;1;MODERADO;R02_NO2_MODERADO;Monitorizar evolucão. Sensiveis reduzam atividade ao ar livre.
UCI_Dataset;09/04/04 12:00;1;MODERADO;R02_NO2_MODERADO;Monitorizar evolucão. Sensiveis reduzam atividade ao ar livre.
UCI_Dataset;09/04/04 13:00;1;MODERADO;R02_NO2_MODERADO;Monitorizar evolucão. Sensiveis reduzam atividade ao ar livre.
UCI_Dataset;09/04/04 14:00;1;MODERADO;R02_NO2_MODERADO;Monitorizar evolucão. Sensiveis reduzam atividade ao ar livre.
UCI_Dataset;09/04/04 15:00;1;MODERADO;R02_NO2_MODERADO;Monitorizar evolucão. Sensiveis reduzam atividade ao ar livre.
UCI_Dataset;09/04/04 16:00;1;MODERADO;R02_NO2_MODERADO;Monitorizar evolucão. Sensiveis reduzam atividade ao ar livre.
UCI_Dataset;09/04/04 17:00;1;MODERADO;R02_NO2_MODERADO;Monitorizar evolucão. Sensiveis reduzam atividade ao ar livre.
UCI_Dataset;09/04/04 18:00;1;MODERADO;R02_NO2_MODERADO;Monitorizar evolucão. Sensiveis reduzam atividade ao ar livre.
UCI_Dataset;09/04/04 19:00;1;MODERADO;R02_NO2_MODERADO;Monitorizar evolucão. Sensiveis reduzam atividade ao ar livre.
UCI_Dataset;09/04/04 20:00;1;MODERADO;R02_NO2_MODERADO;Monitorizar evolucão. Sensiveis reduzam atividade ao ar livre.
UCI_Dataset;09/04/04 21:00;1;MODERADO;R02_NO2_MODERADO;Monitorizar evolucão. Sensiveis reduzam atividade ao ar livre.
UCI_Dataset;09/04/04 22:00;1;MODERADO;R02_NO2_MODERADO;Monitorizar evolucão. Sensiveis reduzam atividade ao ar livre.
UCI_Dataset;09/04/04 23:00;0;NORMAL;;Sem ação necessária.
UCI_Dataset;10/04/04 00:00;0;NORMAL;;Sem ação necessária.
UCI_Dataset;10/04/04 01:00;0;NORMAL;;Sem ação necessária.
UCI_Dataset;10/04/04 02:00;0;NORMAL;;Sem ação necessária.
UCI_Dataset;10/04/04 03:00;0;NORMAL;;Sem ação necessária.
UCI_Dataset;10/04/04 04:00;0;NORMAL;;Sem ação necessária.
UCI_Dataset;10/04/04 05:00;0;NORMAL;;Sem ação necessária.
UCI_Dataset;10/04/04 06:00;0;NORMAL;;Sem ação necessária.
UCI_Dataset;10/04/04 07:00;0;NORMAL;;Sem ação necessária.
UCI_Dataset;10/04/04 08:00;0;NORMAL;;Sem ação necessária.
UCI_Dataset;10/04/04 09:00;0;NORMAL;;Sem ação necessária.
UCI_Dataset;10/04/04 10:00;0;NORMAL;;Sem ação necessária.
UCI_Dataset;10/04/04 11:00;0;NORMAL;;Sem ação necessária.
UCI_Dataset;10/04/04 12:00;0;NORMAL;;Sem ação necessária.
UCI_Dataset;10/04/04 13:00;0;NORMAL;;Sem ação necessária.
UCI_Dataset;10/04/04 14:00;0;NORMAL;;Sem ação necessária.
UCI_Dataset;10/04/04 15:00;0;NORMAL;;Sem ação necessária.
UCI_Dataset;10/04/04 16:00;0;NORMAL;;Sem ação necessária.
UCI_Dataset;10/04/04 17:00;1;MODERADO;R02_NO2_MODERADO;Monitorizar evolucão. Sensiveis reduzam atividade ao ar livre.
UCI_Dataset;10/04/04 18:00;1;MODERADO;R02_NO2_MODERADO;Monitorizar evolucão. Sensiveis reduzam atividade ao ar livre.
UCI_Dataset;10/04/04 19:00;1;MODERADO;R02_NO2_MODERADO;Monitorizar evolucão. Sensiveis reduzam atividade ao ar livre.
UCI_Dataset;10/04/04 20:00;1;MODERADO;R02_NO2_MODERADO;Monitorizar evolucão. Sensiveis reduzam atividade ao ar livre.
UCI_Dataset;10/04/04 21:00;1;MODERADO;R02_NO2_MODERADO;Monitorizar evolucão. Sensiveis reduzam atividade ao ar livre.
UCI_Dataset;10/04/04 22:00;1;MODERADO;R02_NO2_MODERADO;Monitorizar evolucão. Sensiveis reduzam atividade ao ar livre.
UCI_Dataset;10/04/04 23:00;1;MODERADO;R02_NO2_MODERADO;Monitorizar evolucão. Sensiveis reduzam atividade ao ar livre.
UCI_Dataset;11/04/04 00:00;0;NORMAL;;Sem ação necessária.
UCI_Dataset;11/04/04 01:00;0;NORMAL;;Sem ação necessária.
UCI_Dataset;11/04/04 02:00;0;NORMAL;;Sem ação necessária.
UCI_Dataset;11/04/04 03:00;0;NORMAL;;Sem ação necessária.
UCI_Dataset;11/04/04 04:00;0;NORMAL;;Sem ação necessária.
UCI_Dataset;11/04/04 05:00;0;NORMAL;;Sem ação necessária.
UCI_Dataset;11/04/04 06:00;0;NORMAL;;Sem ação necessária.
UCI_Dataset;11/04/04 07:00;0;NORMAL;;Sem ação necessária.
UCI_Dataset;11/04/04 08:00;0;NORMAL;;Sem ação necessária.
UCI_Dataset;11/04/04 09:00;0;NORMAL;;Sem ação necessária.
UCI_Dataset;11/04/04 10:00;0;NORMAL;;Sem ação necessária.
UCI_Dataset;11/04/04 11:00;0;NORMAL;;Sem ação necessária.
UCI_Dataset;11/04/04 12:00;1;MODERADO;R02_NO2_MODERADO;Monitorizar evolucão. Sensiveis reduzam atividade ao ar livre.
UCI_Dataset;11/04/04 13:00;0;NORMAL;;Sem ação necessária.
UCI_Dataset;11/04/04 14:00;0;NORMAL;;Sem ação necessária.
UCI_Dataset;11/04/04 15:00;0;NORMAL;;Sem ação necessária.
UCI_Dataset;11/04/04 16:00;0;NORMAL;;Sem ação necessária.
UCI_Dataset;11/04/04 17:00;0;NORMAL;;Sem ação necessária.
UCI_Dataset;11/04/04 18:00;0;NORMAL;;Sem ação necessária.
UCI_Dataset;11/04/04 19:00;0;NORMAL;;Sem ação necessária.
UCI_Dataset;11/04/04 20:00;0;NORMAL;;Sem ação necessária.
UCI_Dataset;11/04/04 21:00;0;NORMAL;;Sem ação necessária.
UCI_Dataset;11/04/04 22:00;0;NORMAL;;Sem ação necessária.
UCI_Dataset;11/04/04 23:00;0;NORMAL;;Sem ação necessária.
UCI_Dataset;12/04/04 00:00;0;NORMAL;;Sem ação necessária.
UCI_Dataset;12/04/04 01:00;0;NORMAL;;Sem ação necessária.
UCI_Dataset;12/04/04 02:00;0;NORMAL;;Sem ação necessária.
UCI_Dataset;12/04/04 03:00;0;NORMAL;;Sem ação necessária.
UCI_Dataset;12/04/04 04:00;0;NORMAL;;Sem ação necessária.
UCI_Dataset;12/04/04 05:00;0;NORMAL;;Sem ação necessária.
UCI_Dataset;12/04/04 06:00;0;NORMAL;;Sem ação necessária.
UCI_Dataset;12/04/04 07:00;0;NORMAL;;Sem ação necessária.
UCI_Dataset;12/04/04 08:00;0;NORMAL;;Sem ação necessária.
UCI_Dataset;12/04/04 09:00;0;NORMAL;;Sem ação necessária.
UCI_Dataset;12/04/04 10:00;0;NORMAL;;Sem ação necessária.
UCI_Dataset;12/04/04 11:00;0;NORMAL;;Sem ação necessária.
UCI_Dataset;12/04/04 12:00;0;NORMAL;;Sem ação necessária.
UCI_Dataset;12/04/04 13:00;0;NORMAL;;Sem ação necessária.
UCI_Dataset;12/04/04 14:00;0;NORMAL;;Sem ação necessária.
UCI_Dataset;12/04/04 15:00;0;NORMAL;;Sem ação necessária.
UCI_Dataset;12/04/04 16:00;0;NORMAL;;Sem ação necessária.
UCI_Dataset;12/04/04 17:00;0;NORMAL;;Sem ação necessária.
UCI_Dataset;12/04/04 18:00;0;NORMAL;;Sem ação necessária.
UCI_Dataset;12/04/04 19:00;0;NORMAL;;Sem ação necessária.
UCI_Dataset;12/04/04 20:00;0;NORMAL;;Sem ação necessária.
UCI_Dataset;12/04/04 21:00;0;NORMAL;;Sem ação necessária.
UCI_Dataset;12/04/04 22:00;0;NORMAL;;Sem ação necessária.
UCI_Dataset;12/04/04 23:00;0;NORMAL;;Sem ação necessária.
UCI_Dataset;13/04/04 00:00;0;NORMAL;;Sem ação necessária.
UCI_Dataset;13/04/04 01:00;0;NORMAL;;Sem ação necessária.
UCI_Dataset;13/04/04 02:00;0;NORMAL;;Sem ação necessária.
UCI_Dataset;13/04/04 03:00;0;NORMAL;;Sem ação necessária.
UCI_Dataset;13/04/04 04:00;0;NORMAL;;Sem ação necessária.
UCI_Dataset;13/04/04 05:00;0;NORMAL;;Sem ação necessária.
UCI_Dataset;13/04/04 06:00;0;NORMAL;;Sem ação necessária.
UCI_Dataset;13/04/04 07:00;1;MODERADO;R02_NO2_MODERADO;Monitorizar evolucão. Sensiveis reduzam atividade ao ar livre.
UCI_Dataset;13/04/04 08:00;1;MODERADO;R02_NO2_MODERADO;Monitorizar evolucão. Sensiveis reduzam atividade ao ar livre.
UCI_Dataset;13/04/04 09:00;1;MODERADO;R02_NO2_MODERADO;Monitorizar evolucão. Sensiveis reduzam atividade ao ar livre.
UCI_Dataset;13/04/04 10:00;0;NORMAL;;Sem ação necessária.
UCI_Dataset;13/04/04 11:00;0;NORMAL;;Sem ação necessária.
UCI_Dataset;13/04/04 12:00;0;NORMAL;;Sem ação necessária.
UCI_Dataset;13/04/04 13:00;0;NORMAL;;Sem ação necessária.
UCI_Dataset;13/04/04 14:00;0;NORMAL;;Sem ação necessária.
UCI_Dataset;13/04/04 15:00;1;MODERADO;R02_NO2_MODERADO;Monitorizar evolucão. Sensiveis reduzam atividade ao ar livre.
UCI_Dataset;13/04/04 16:00;0;NORMAL;;Sem ação necessária.
UCI_Dataset;13/04/04 17:00;1;MODERADO;R02_NO2_MODERADO;Monitorizar evolucão. Sensiveis reduzam atividade ao ar livre.
UCI_Dataset;13/04/04 18:00;1;MODERADO;R02_NO2_MODERADO;Monitorizar evolucão. Sensiveis reduzam atividade ao ar livre.
UCI_Dataset;13/04/04 19:00;1;MODERADO;R02_NO2_MODERADO;Monitorizar evolucão. Sensiveis reduzam atividade ao ar livre.
UCI_Dataset;13/04/04 20:00;1;MODERADO;R02_NO2_MODERADO;Monitorizar evolucão. Sensiveis reduzam atividade ao ar livre.
UCI_Dataset;13/04/04 21:00;1;MODERADO;R02_NO2_MODERADO;Monitorizar evolucão. Sensiveis reduzam atividade ao ar livre.
UCI_Dataset;13/04/04 22:00;1;MODERADO;R02_NO2_MODERADO;Monitorizar evolucão. Sensiveis reduzam atividade ao ar livre.
UCI_Dataset;13/04/04 23:00;0;NORMAL;;Sem ação necessária.
UCI_Dataset;14/04/04 00:00;0;NORMAL;;Sem ação necessária.
UCI_Dataset;14/04/04 01:00;0;NORMAL;;Sem ação necessária.
UCI_Dataset;14/04/04 02:00;0;NORMAL;;Sem ação necessária.
UCI_Dataset;14/04/04 03:00;0;NORMAL;;Sem ação necessária.
UCI_Dataset;14/04/04 04:00;0;NORMAL;;Sem ação necessária.
UCI_Dataset;14/04/04 05:00;0;NORMAL;;Sem ação necessária.
UCI_Dataset;14/04/04 06:00;0;NORMAL;;Sem ação necessária.
UCI_Dataset;14/04/04 07:00;0;NORMAL;;Sem ação necessária.
UCI_Dataset;14/04/04 08:00;0;NORMAL;;Sem ação necessária.
UCI_Dataset;14/04/04 09:00;1;MODERADO;R02_NO2_MODERADO;Monitorizar evolucão. Sensiveis reduzam atividade ao ar livre.
UCI_Dataset;14/04/04 10:00;1;MODERADO;R02_NO2_MODERADO;Monitorizar evolucão. Sensiveis reduzam atividade ao ar livre.
UCI_Dataset;14/04/04 11:00;0;NORMAL;;Sem ação necessária.
UCI_Dataset;14/04/04 12:00;0;NORMAL;;Sem ação necessária.
UCI_Dataset;14/04/04 13:00;0;NORMAL;;Sem ação necessária.
UCI_Dataset;14/04/04 14:00;0;NORMAL;;Sem ação necessária.
UCI_Dataset;14/04/04 15:00;0;NORMAL;;Sem ação necessária.
UCI_Dataset;14/04/04 16:00;0;NORMAL;;Sem ação necessária.
UCI_Dataset;14/04/04 17:00;0;NORMAL;;Sem ação necessária.
UCI_Dataset;14/04/04 18:00;0;NORMAL;;Sem ação necessária.
UCI_Dataset;14/04/04 19:00;0;NORMAL;;Sem ação necessária.
UCI_Dataset;14/04/04 20:00;0;NORMAL;;Sem ação necessária.
UCI_Dataset;14/04/04 21:00;0;NORMAL;;Sem ação necessária.
UCI_Dataset;14/04/04 22:00;0;NORMAL;;Sem ação necessária.
UCI_Dataset;14/04/04 23:00;0;NORMAL;;Sem ação necessária.
UCI_Dataset;15/04/04 00:00;0;NORMAL;;Sem ação necessária.
UCI_Dataset;15/04/04 01:00;0;NORMAL;;Sem ação necessária.
UCI_Dataset;15/04/04 02:00;0;NORMAL;;Sem ação necessária.
UCI_Dataset;15/04/04 03:00;0;NORMAL;;Sem ação necessária.
UCI_Dataset;15/04/04 04:00;0;NORMAL;;Sem ação necessária.
UCI_Dataset;15/04/04 05:00;0;NORMAL;;Sem ação necessária.
UCI_Dataset;15/04/04 06:00;0;NORMAL;;Sem ação necessária.
UCI_Dataset;15/04/04 07:00;0;NORMAL;;Sem ação necessária.
UCI_Dataset;15/04/04 08:00;0;NORMAL;;Sem ação necessária.
UCI_Dataset;15/04/04 09:00;1;MODERADO;R02_NO2_MODERADO;Monitorizar evolucão. Sensiveis reduzam atividade ao ar livre.
UCI_Dataset;15/04/04 10:00;1;MODERADO;R02_NO2_MODERADO;Monitorizar evolucão. Sensiveis reduzam atividade ao ar livre.
UCI_Dataset;15/04/04 11:00;1;MODERADO;R02_NO2_MODERADO;Monitorizar evolucão. Sensiveis reduzam atividade ao ar livre.
UCI_Dataset;15/04/04 12:00;1;MODERADO;R02_NO2_MODERADO;Monitorizar evolucão. Sensiveis reduzam atividade ao ar livre.
UCI_Dataset;15/04/04 13:00;1;MODERADO;R02_NO2_MODERADO;Monitorizar evolucão. Sensiveis reduzam atividade ao ar livre.
UCI_Dataset;15/04/04 14:00;1;MODERADO;R02_NO2_MODERADO;Monitorizar evolucão. Sensiveis reduzam atividade ao ar livre.
UCI_Dataset;15/04/04 15:00;1;MODERADO;R02_NO2_MODERADO;Monitorizar evolucão. Sensiveis reduzam atividade ao ar livre.
UCI_Dataset;15/04/04 16:00;1;MODERADO;R02_NO2_MODERADO;Monitorizar evolucão. Sensiveis reduzam atividade ao ar livre.
UCI_Dataset;15/04/04 17:00;1;MODERADO;R02_NO2_MODERADO;Monitorizar evolucão. Sensiveis reduzam atividade ao ar livre.
UCI_Dataset;15/04/04 18:00;1;MODERADO;R02_NO2_MODERADO;Monitorizar evolucão. Sensiveis reduzam atividade ao ar livre.
UCI_Dataset;15/04/04 19:00;1;MODERADO;R02_NO2_MODERADO;Monitorizar evolucão. Sensiveis reduzam atividade ao ar livre.
UCI_Dataset;15/04/04 20:00;1;MODERADO;R02_NO2_MODERADO;Monitorizar evolucão. Sensiveis reduzam atividade ao ar livre.
UCI_Dataset;15/04/04 21:00;1;MODERADO;R02_NO2_MODERADO;Monitorizar evolucão. Sensiveis reduzam atividade ao ar livre.
UCI_Dataset;15/04/04 22:00;1;MODERADO;R02_NO2_MODERADO;Monitorizar evolucão. Sensiveis reduzam atividade ao ar livre.
UCI_Dataset;15/04/04 23:00;1;MODERADO;R02_NO2_MODERADO;Monitorizar evolucão. Sensiveis reduzam atividade ao ar livre.
UCI_Dataset;16/04/04 00:00;1;MODERADO;R02_NO2_MODERADO;Monitorizar evolucão. Sensiveis reduzam atividade ao ar livre.
UCI_Dataset;16/04/04 01:00;0;NORMAL;;Sem ação necessária.
UCI_Dataset;16/04/04 02:00;0;NORMAL;;Sem ação necessária.
UCI_Dataset;16/04/04 03:00;0;NORMAL;;Sem ação necessária.
UCI_Dataset;16/04/04 04:00;0;NORMAL;;Sem ação necessária.
UCI_Dataset;16/04/04 05:00;0;NORMAL;;Sem ação necessária.
UCI_Dataset;16/04/04 06:00;0;NORMAL;;Sem ação necessária.
UCI_Dataset;16/04/04 07:00;1;MODERADO;R02_NO2_MODERADO;Monitorizar evolucão. Sensiveis reduzam atividade ao ar livre.
UCI_Dataset;16/04/04 08:00;1;MODERADO;R02_NO2_MODERADO;Monitorizar evolucão. Sensiveis reduzam atividade ao ar livre.
UCI_Dataset;16/04/04 09:00;1;MODERADO;R02_NO2_MODERADO;Monitorizar evolucão. Sensiveis reduzam atividade ao ar livre.
UCI_Dataset;16/04/04 10:00;1;MODERADO;R02_NO2_MODERADO;Monitorizar evolucão. Sensiveis reduzam atividade ao ar livre.
UCI_Dataset;16/04/04 11:00;1;MODERADO;R02_NO2_MODERADO;Monitorizar evolucão. Sensiveis reduzam atividade ao ar livre.
UCI_Dataset;16/04/04 12:00;1;MODERADO;R02_NO2_MODERADO;Monitorizar evolucão. Sensiveis reduzam atividade ao ar livre.
UCI_Dataset;16/04/04 13:00;1;MODERADO;R02_NO2_MODERADO;Monitorizar evolucão. Sensiveis reduzam atividade ao ar livre.
UCI_Dataset;16/04/04 14:00;1;MODERADO;R02_NO2_MODERADO;Monitorizar evolucão. Sensiveis reduzam atividade ao ar livre.
UCI_Dataset;16/04/04 15:00;1;MODERADO;R02_NO2_MODERADO;Monitorizar evolucão. Sensiveis reduzam atividade ao ar livre.
UCI_Dataset;16/04/04 16:00;1;MODERADO;R02_NO2_MODERADO;Monitorizar evolucão. Sensiveis reduzam atividade ao ar livre.
UCI_Dataset;16/04/04 17:00;1;MODERADO;R02_NO2_MODERADO;Monitorizar evolucão. Sensiveis reduzam atividade ao ar livre.
UCI_Dataset;16/04/04 18:00;1;MODERADO;R02_NO2_MODERADO;Monitorizar evolucão. Sensiveis reduzam atividade ao ar livre.
UCI_Dataset;16/04/04 19:00;1;MODERADO;R02_NO2_MODERADO;Monitorizar evolucão. Sensiveis reduzam atividade ao ar livre.
UCI_Dataset;16/04/04 20:00;1;MODERADO;R02_NO2_MODERADO;Monitorizar evolucão. Sensiveis reduzam atividade ao ar livre.
UCI_Dataset;16/04/04 21:00;1;MODERADO;R02_NO2_MODERADO;Monitorizar evolucão. Sensiveis reduzam atividade ao ar livre.
UCI_Dataset;16/04/04 22:00;1;MODERADO;R02_NO2_MODERADO;Monitorizar evolucão. Sensiveis reduzam atividade ao ar livre.
UCI_Dataset;16/04/04 23:00;0;NORMAL;;Sem ação necessária.
UCI_Dataset;17/04/04 00:00;1;MODERADO;R02_NO2_MODERADO;Monitorizar evolucão. Sensiveis reduzam atividade ao ar livre.
UCI_Dataset;17/04/04 01:00;0;NORMAL;;Sem ação necessária.
UCI_Dataset;17/04/04 02:00;0;NORMAL;;Sem ação necessária.
UCI_Dataset;17/04/04 03:00;0;NORMAL;;Sem ação necessária.
UCI_Dataset;17/04/04 04:00;0;NORMAL;;Sem ação necessária.
UCI_Dataset;17/04/04 05:00;0;NORMAL;;Sem ação necessária.
UCI_Dataset;17/04/04 06:00;0;NORMAL;;Sem ação necessária.
UCI_Dataset;17/04/04 07:00;0;NORMAL;;Sem ação necessária.
UCI_Dataset;17/04/04 08:00;0;NORMAL;;Sem ação necessária.
UCI_Dataset;17/04/04 09:00;0;NORMAL;;Sem ação necessária.
UCI_Dataset;17/04/04 10:00;0;NORMAL;;Sem ação necessária.
UCI_Dataset;17/04/04 11:00;0;NORMAL;;Sem ação necessária.
UCI_Dataset;17/04/04 12:00;0;NORMAL;;Sem ação necessária.
UCI_Dataset;17/04/04 13:00;0;NORMAL;;Sem ação necessária.
UCI_Dataset;17/04/04 14:00;0;NORMAL;;Sem ação necessária.
UCI_Dataset;17/04/04 15:00;0;NORMAL;;Sem ação necessária.
UCI_Dataset;17/04/04 16:00;0;NORMAL;;Sem ação necessária.
UCI_Dataset;17/04/04 17:00;0;NORMAL;;Sem ação necessária.
UCI_Dataset;17/04/04 18:00;0;NORMAL;;Sem ação necessária.
UCI_Dataset;17/04/04 19:00;0;NORMAL;;Sem ação necessária.
UCI_Dataset;17/04/04 20:00;0;NORMAL;;Sem ação necessária.
UCI_Dataset;17/04/04 21:00;0;NORMAL;;Sem ação necessária.
UCI_Dataset;17/04/04 22:00;0;NORMAL;;Sem ação necessária.
UCI_Dataset;17/04/04 23:00;0;NORMAL;;Sem ação necessária.
UCI_Dataset;18/04/04 00:00;0;NORMAL;;Sem ação necessária.
UCI_Dataset;18/04/04 01:00;0;NORMAL;;Sem ação necessária.
UCI_Dataset;18/04/04 02:00;0;NORMAL;;Sem ação necessária.
UCI_Dataset;18/04/04 03:00;0;NORMAL;;Sem ação necessária.
UCI_Dataset;18/04/04 04:00;0;NORMAL;;Sem ação necessária.
UCI_Dataset;18/04/04 05:00;0;NORMAL;;Sem ação necessária.
UCI_Dataset;18/04/04 06:00;0;NORMAL;;Sem ação necessária.
UCI_Dataset;18/04/04 07:00;0;NORMAL;;Sem ação necessária.
UCI_Dataset;18/04/04 08:00;0;NORMAL;;Sem ação necessária.
UCI_Dataset;18/04/04 09:00;0;NORMAL;;Sem ação necessária.
UCI_Dataset;18/04/04 10:00;0;NORMAL;;Sem ação necessária.
UCI_Dataset;18/04/04 11:00;0;NORMAL;;Sem ação necessária.
UCI_Dataset;18/04/04 12:00;0;NORMAL;;Sem ação necessária.
UCI_Dataset;18/04/04 13:00;0;NORMAL;;Sem ação necessária.
UCI_Dataset;18/04/04 14:00;0;NORMAL;;Sem ação necessária.
UCI_Dataset;18/04/04 15:00;0;NORMAL;;Sem ação necessária.
UCI_Dataset;18/04/04 16:00;0;NORMAL;;Sem ação necessária.
UCI_Dataset;18/04/04 17:00;0;NORMAL;;Sem ação necessária.
UCI_Dataset;18/04/04 18:00;0;NORMAL;;Sem ação necessária.
UCI_Dataset;18/04/04 19:00;0;NORMAL;;Sem ação necessária.
UCI_Dataset;18/04/04 20:00;0;NORMAL;;Sem ação necessária.
UCI_Dataset;18/04/04 21:00;0;NORMAL;;Sem ação necessária.
UCI_Dataset;18/04/04 22:00;0;NORMAL;;Sem ação necessária.
UCI_Dataset;18/04/04 23:00;0;NORMAL;;Sem ação necessária.
UCI_Dataset;19/04/04 00:00;0;NORMAL;;Sem ação necessária.
UCI_Dataset;19/04/04 01:00;0;NORMAL;;Sem ação necessária.
UCI_Dataset;19/04/04 02:00;0;NORMAL;;Sem ação necessária.
UCI_Dataset;19/04/04 03:00;0;NORMAL;;Sem ação necessária.
UCI_Dataset;19/04/04 04:00;0;NORMAL;;Sem ação necessária.
UCI_Dataset;19/04/04 05:00;0;NORMAL;;Sem ação necessária.
UCI_Dataset;19/04/04 06:00;0;NORMAL;;Sem ação necessária.
UCI_Dataset;19/04/04 07:00;0;NORMAL;;Sem ação necessária.
UCI_Dataset;19/04/04 08:00;0;NORMAL;;Sem ação necessária.
UCI_Dataset;19/04/04 09:00;0;NORMAL;;Sem ação necessária.
UCI_Dataset;19/04/04 10:00;0;NORMAL;;Sem ação necessária.
UCI_Dataset;19/04/04 11:00;0;NORMAL;;Sem ação necessária.
UCI_Dataset;19/04/04 12:00;0;NORMAL;;Sem ação necessária.
UCI_Dataset;19/04/04 13:00;0;NORMAL;;Sem ação necessária.
UCI_Dataset;19/04/04 14:00;0;NORMAL;;Sem ação necessária.
UCI_Dataset;19/04/04 15:00;0;NORMAL;;Sem ação necessária.
UCI_Dataset;19/04/04 16:00;0;NORMAL;;Sem ação necessária.
UCI_Dataset;19/04/04 17:00;0;NORMAL;;Sem ação necessária.
UCI_Dataset;19/04/04 18:00;0;NORMAL;;Sem ação necessária.
UCI_Dataset;19/04/04 19:00;0;NORMAL;;Sem ação necessária.
UCI_Dataset;19/04/04 20:00;0;NORMAL;;Sem ação necessária.
UCI_Dataset;19/04/04 21:00;0;NORMAL;;Sem ação necessária.
UCI_Dataset;19/04/04 22:00;0;NORMAL;;Sem ação necessária.
UCI_Dataset;19/04/04 23:00;0;NORMAL;;Sem ação necessária.
UCI_Dataset;20/04/04 00:00;0;NORMAL;;Sem ação necessária.
UCI_Dataset;20/04/04 01:00;0;NORMAL;;Sem ação necessária.
UCI_Dataset;20/04/04 02:00;0;NORMAL;;Sem ação necessária.
UCI_Dataset;20/04/04 03:00;0;NORMAL;;Sem ação necessária.
UCI_Dataset;20/04/04 04:00;0;NORMAL;;Sem ação necessária.
UCI_Dataset;20/04/04 05:00;0;NORMAL;;Sem ação necessária.
UCI_Dataset;20/04/04 06:00;0;NORMAL;;Sem ação necessária.
UCI_Dataset;20/04/04 07:00;0;NORMAL;;Sem ação necessária.
UCI_Dataset;20/04/04 08:00;0;NORMAL;;Sem ação necessária.
UCI_Dataset;20/04/04 09:00;0;NORMAL;;Sem ação necessária.
UCI_Dataset;20/04/04 10:00;0;NORMAL;;Sem ação necessária.
UCI_Dataset;20/04/04 11:00;0;NORMAL;;Sem ação necessária.
UCI_Dataset;20/04/04 12:00;0;NORMAL;;Sem ação necessária.
UCI_Dataset;20/04/04 13:00;0;NORMAL;;Sem ação necessária.
UCI_Dataset;20/04/04 14:00;0;NORMAL;;Sem ação necessária.
UCI_Dataset;20/04/04 15:00;0;NORMAL;;Sem ação necessária.
UCI_Dataset;20/04/04 16:00;0;NORMAL;;Sem ação necessária.
UCI_Dataset;20/04/04 17:00;0;NORMAL;;Sem ação necessária.
UCI_Dataset;20/04/04 18:00;0;NORMAL;;Sem ação necessária.
UCI_Dataset;20/04/04 19:00;0;NORMAL;;Sem ação necessária.
UCI_Dataset;20/04/04 20:00;0;NORMAL;;Sem ação necessária.
UCI_Dataset;20/04/04 21:00;0;NORMAL;;Sem ação necessária.
UCI_Dataset;20/04/04 22:00;0;NORMAL;;Sem ação necessária.
UCI_Dataset;20/04/04 23:00;0;NORMAL;;Sem ação necessária.
UCI_Dataset;21/04/04 00:00;0;NORMAL;;Sem ação necessária.
UCI_Dataset;21/04/04 01:00;0;NORMAL;;Sem ação necessária.
UCI_Dataset;21/04/04 02:00;0;NORMAL;;Sem ação necessária.
UCI_Dataset;21/04/04 03:00;0;NORMAL;;Sem ação necessária.
UCI_Dataset;21/04/04 04:00;0;NORMAL;;Sem ação necessária.
UCI_Dataset;21/04/04 05:00;0;NORMAL;;Sem ação necessária.
UCI_Dataset;21/04/04 06:00;0;NORMAL;;Sem ação necessária.
UCI_Dataset;21/04/04 07:00;0;NORMAL;;Sem ação necessária.
UCI_Dataset;21/04/04 08:00;0;NORMAL;;Sem ação necessária.
UCI_Dataset;21/04/04 09:00;0;NORMAL;;Sem ação necessária.
UCI_Dataset;21/04/04 10:00;0;NORMAL;;Sem ação necessária.
UCI_Dataset;21/04/04 11:00;0;NORMAL;;Sem ação necessária.
UCI_Dataset;21/04/04 12:00;0;NORMAL;;Sem ação necessária.
UCI_Dataset;21/04/04 13:00;0;NORMAL;;Sem ação necessária.
UCI_Dataset;21/04/04 14:00;0;NORMAL;;Sem ação necessária.
UCI_Dataset;21/04/04 15:00;0;NORMAL;;Sem ação necessária.
UCI_Dataset;21/04/04 16:00;0;NORMAL;;Sem ação necessária.
UCI_Dataset;21/04/04 17:00;0;NORMAL;;Sem ação necessária.
UCI_Dataset;21/04/04 18:00;0;NORMAL;;Sem ação necessária.
UCI_Dataset;21/04/04 19:00;0;NORMAL;;Sem ação necessária.
UCI_Dataset;21/04/04 20:00;0;NORMAL;;Sem ação necessária.
UCI_Dataset;21/04/04 21:00;0;NORMAL;;Sem ação necessária.
UCI_Dataset;21/04/04 22:00;0;NORMAL;;Sem ação necessária.
UCI_Dataset;21/04/04 23:00;0;NORMAL;;Sem ação necessária.
UCI_Dataset;22/04/04 00:00;0;NORMAL;;Sem ação necessária.
UCI_Dataset;22/04/04 01:00;0;NORMAL;;Sem ação necessária.
UCI_Dataset;22/04/04 02:00;0;NORMAL;;Sem ação necessária.
UCI_Dataset;22/04/04 03:00;0;NORMAL;;Sem ação necessária.
UCI_Dataset;22/04/04 04:00;0;NORMAL;;Sem ação necessária.
UCI_Dataset;22/04/04 05:00;0;NORMAL;;Sem ação necessária.
UCI_Dataset;22/04/04 06:00;0;NORMAL;;Sem ação necessária.
UCI_Dataset;22/04/04 07:00;0;NORMAL;;Sem ação necessária.
UCI_Dataset;22/04/04 08:00;0;NORMAL;;Sem ação necessária.
UCI_Dataset;22/04/04 09:00;0;NORMAL;;Sem ação necessária.
UCI_Dataset;22/04/04 10:00;0;NORMAL;;Sem ação necessária.
UCI_Dataset;22/04/04 11:00;0;NORMAL;;Sem ação necessária.
UCI_Dataset;22/04/04 12:00;0;NORMAL;;Sem ação necessária.
UCI_Dataset;22/04/04 13:00;0;NORMAL;;Sem ação necessária.
UCI_Dataset;22/04/04 14:00;0;NORMAL;;Sem ação necessária.
UCI_Dataset;22/04/04 15:00;0;NORMAL;;Sem ação necessária.
UCI_Dataset;22/04/04 16:00;0;NORMAL;;Sem ação necessária.
UCI_Dataset;22/04/04 17:00;0;NORMAL;;Sem ação necessária.
UCI_Dataset;22/04/04 18:00;0;NORMAL;;Sem ação necessária.
UCI_Dataset;22/04/04 19:00;0;NORMAL;;Sem ação necessária.
UCI_Dataset;22/04/04 20:00;0;NORMAL;;Sem ação necessária.
UCI_Dataset;22/04/04 21:00;0;NORMAL;;Sem ação necessária.
UCI_Dataset;22/04/04 22:00;0;NORMAL;;Sem ação necessária.
UCI_Dataset;22/04/04 23:00;0;NORMAL;;Sem ação necessária.
UCI_Dataset;23/04/04 00:00;0;NORMAL;;Sem ação necessária.
UCI_Dataset;23/04/04 01:00;0;NORMAL;;Sem ação necessária.
UCI_Dataset;23/04/04 02:00;0;NORMAL;;Sem ação necessária.
UCI_Dataset;23/04/04 03:00;0;NORMAL;;Sem ação necessária.
UCI_Dataset;23/04/04 04:00;0;NORMAL;;Sem ação necessária.
UCI_Dataset;23/04/04 05:00;0;NORMAL;;Sem ação necessária.
UCI_Dataset;23/04/04 06:00;0;NORMAL;;Sem ação necessária.
UCI_Dataset;23/04/04 07:00;0;NORMAL;;Sem ação necessária.
UCI_Dataset;23/04/04 08:00;1;MODERADO;R02_NO2_MODERADO;Monitorizar evolucão. Sensiveis reduzam atividade ao ar livre.
UCI_Dataset;23/04/04 09:00;1;MODERADO;R02_NO2_MODERADO;Monitorizar evolucão. Sensiveis reduzam atividade ao ar livre.
UCI_Dataset;23/04/04 10:00;1;MODERADO;R02_NO2_MODERADO;Monitorizar evolucão. Sensiveis reduzam atividade ao ar livre.
UCI_Dataset;23/04/04 11:00;1;MODERADO;R02_NO2_MODERADO;Monitorizar evolucão. Sensiveis reduzam atividade ao ar livre.
UCI_Dataset;23/04/04 12:00;1;MODERADO;R02_NO2_MODERADO;Monitorizar evolucão. Sensiveis reduzam atividade ao ar livre.
UCI_Dataset;23/04/04 13:00;1;MODERADO;R02_NO2_MODERADO;Monitorizar evolucão. Sensiveis reduzam atividade ao ar livre.
UCI_Dataset;23/04/04 14:00;1;MODERADO;R02_NO2_MODERADO;Monitorizar evolucão. Sensiveis reduzam atividade ao ar livre.
UCI_Dataset;23/04/04 15:00;1;MODERADO;R02_NO2_MODERADO;Monitorizar evolucão. Sensiveis reduzam atividade ao ar livre.
UCI_Dataset;23/04/04 16:00;1;MODERADO;R02_NO2_MODERADO;Monitorizar evolucão. Sensiveis reduzam atividade ao ar livre.
UCI_Dataset;23/04/04 17:00;1;MODERADO;R02_NO2_MODERADO;Monitorizar evolucão. Sensiveis reduzam atividade ao ar livre.
UCI_Dataset;23/04/04 18:00;1;MODERADO;R02_NO2_MODERADO;Monitorizar evolucão. Sensiveis reduzam atividade ao ar livre.
UCI_Dataset;23/04/04 19:00;1;MODERADO;R02_NO2_MODERADO;Monitorizar evolucão. Sensiveis reduzam atividade ao ar livre.
UCI_Dataset;23/04/04 20:00;1;MODERADO;R02_NO2_MODERADO;Monitorizar evolucão. Sensiveis reduzam atividade ao ar livre.
UCI_Dataset;23/04/04 21:00;0;NORMAL;;Sem ação necessária.
UCI_Dataset;23/04/04 22:00;1;MODERADO;R02_NO2_MODERADO;Monitorizar evolucão. Sensiveis reduzam atividade ao ar livre.
UCI_Dataset;23/04/04 23:00;1;MODERADO;R02_NO2_MODERADO;Monitorizar evolucão. Sensiveis reduzam atividade ao ar livre.
UCI_Dataset;24/04/04 00:00;1;MODERADO;R02_NO2_MODERADO;Monitorizar evolucão. Sensiveis reduzam atividade ao ar livre.
UCI_Dataset;24/04/04 01:00;1;MODERADO;R02_NO2_MODERADO;Monitorizar evolucão. Sensiveis reduzam atividade ao ar livre.
UCI_Dataset;24/04/04 02:00;0;NORMAL;;Sem ação necessária.
UCI_Dataset;24/04/04 03:00;0;NORMAL;;Sem ação necessária.
UCI_Dataset;24/04/04 04:00;0;NORMAL;;Sem ação necessária.
UCI_Dataset;24/04/04 05:00;0;NORMAL;;Sem ação necessária.
UCI_Dataset;24/04/04 06:00;0;NORMAL;;Sem ação necessária.
UCI_Dataset;24/04/04 07:00;0;NORMAL;;Sem ação necessária.
UCI_Dataset;24/04/04 08:00;0;NORMAL;;Sem ação necessária.
UCI_Dataset;24/04/04 09:00;1;MODERADO;R02_NO2_MODERADO;Monitorizar evolucão. Sensiveis reduzam atividade ao ar livre.
UCI_Dataset;24/04/04 10:00;1;MODERADO;R02_NO2_MODERADO;Monitorizar evolucão. Sensiveis reduzam atividade ao ar livre.
UCI_Dataset;24/04/04 11:00;1;MODERADO;R02_NO2_MODERADO;Monitorizar evolucão. Sensiveis reduzam atividade ao ar livre.
UCI_Dataset;24/04/04 12:00;1;MODERADO;R02_NO2_MODERADO;Monitorizar evolucão. Sensiveis reduzam atividade ao ar livre.
UCI_Dataset;24/04/04 13:00;0;NORMAL;;Sem ação necessária.
UCI_Dataset;24/04/04 14:00;0;NORMAL;;Sem ação necessária.
UCI_Dataset;24/04/04 15:00;0;NORMAL;;Sem ação necessária.
UCI_Dataset;24/04/04 16:00;0;NORMAL;;Sem ação necessária.
UCI_Dataset;24/04/04 17:00;0;NORMAL;;Sem ação necessária.
UCI_Dataset;24/04/04 18:00;1;MODERADO;R02_NO2_MODERADO;Monitorizar evolucão. Sensiveis reduzam atividade ao ar livre.
UCI_Dataset;24/04/04 19:00;1;MODERADO;R02_NO2_MODERADO;Monitorizar evolucão. Sensiveis reduzam atividade ao ar livre.
UCI_Dataset;24/04/04 20:00;1;MODERADO;R02_NO2_MODERADO;Monitorizar evolucão. Sensiveis reduzam atividade ao ar livre.
UCI_Dataset;24/04/04 21:00;0;NORMAL;;Sem ação necessária.
UCI_Dataset;24/04/04 22:00;0;NORMAL;;Sem ação necessária.
UCI_Dataset;24/04/04 23:00;0;NORMAL;;Sem ação necessária.
UCI_Dataset;25/04/04 00:00;0;NORMAL;;Sem ação necessária.
UCI_Dataset;25/04/04 01:00;0;NORMAL;;Sem ação necessária.
UCI_Dataset;25/04/04 02:00;0;NORMAL;;Sem ação necessária.
UCI_Dataset;25/04/04 03:00;0;NORMAL;;Sem ação necessária.
UCI_Dataset;25/04/04 04:00;0;NORMAL;;Sem ação necessária.
UCI_Dataset;25/04/04 05:00;0;NORMAL;;Sem ação necessária.
UCI_Dataset;25/04/04 06:00;0;NORMAL;;Sem ação necessária.
UCI_Dataset;25/04/04 07:00;0;NORMAL;;Sem ação necessária.
UCI_Dataset;25/04/04 08:00;0;NORMAL;;Sem ação necessária.
UCI_Dataset;25/04/04 09:00;0;NORMAL;;Sem ação necessária.
UCI_Dataset;25/04/04 10:00;0;NORMAL;;Sem ação necessária.
UCI_Dataset;25/04/04 11:00;0;NORMAL;;Sem ação necessária.
UCI_Dataset;25/04/04 12:00;0;NORMAL;;Sem ação necessária.
UCI_Dataset;25/04/04 13:00;0;NORMAL;;Sem ação necessária.
UCI_Dataset;25/04/04 14:00;0;NORMAL;;Sem ação necessária.
UCI_Dataset;25/04/04 15:00;0;NORMAL;;Sem ação necessária.
UCI_Dataset;25/04/04 16:00;0;NORMAL;;Sem ação necessária.
UCI_Dataset;25/04/04 17:00;0;NORMAL;;Sem ação necessária.
UCI_Dataset;25/04/04 18:00;0;NORMAL;;Sem ação necessária.
UCI_Dataset;25/04/04 19:00;1;MODERADO;R02_NO2_MODERADO;Monitorizar evolucão. Sensiveis reduzam atividade ao ar livre.
UCI_Dataset;25/04/04 20:00;1;MODERADO;R02_NO2_MODERADO;Monitorizar evolucão. Sensiveis reduzam atividade ao ar livre.
UCI_Dataset;25/04/04 21:00;0;NORMAL;;Sem ação necessária.
UCI_Dataset;25/04/04 22:00;0;NORMAL;;Sem ação necessária.
UCI_Dataset;25/04/04 23:00;0;NORMAL;;Sem ação necessária.
UCI_Dataset;26/04/04 00:00;0;NORMAL;;Sem ação necessária.
UCI_Dataset;26/04/04 01:00;0;NORMAL;;Sem ação necessária.
UCI_Dataset;26/04/04 02:00;0;NORMAL;;Sem ação necessária.
UCI_Dataset;26/04/04 03:00;0;NORMAL;;Sem ação necessária.
UCI_Dataset;26/04/04 04:00;0;NORMAL;;Sem ação necessária.
UCI_Dataset;26/04/04 05:00;0;NORMAL;;Sem ação necessária.
UCI_Dataset;26/04/04 06:00;0;NORMAL;;Sem ação necessária.
UCI_Dataset;26/04/04 07:00;0;NORMAL;;Sem ação necessária.
UCI_Dataset;26/04/04 08:00;0;NORMAL;;Sem ação necessária.
UCI_Dataset;26/04/04 09:00;0;NORMAL;;Sem ação necessária.
UCI_Dataset;26/04/04 10:00;0;NORMAL;;Sem ação necessária.
UCI_Dataset;26/04/04 11:00;0;NORMAL;;Sem ação necessária.
UCI_Dataset;26/04/04 12:00;0;NORMAL;;Sem ação necessária.
UCI_Dataset;26/04/04 13:00;0;NORMAL;;Sem ação necessária.
UCI_Dataset;26/04/04 14:00;0;NORMAL;;Sem ação necessária.
UCI_Dataset;26/04/04 15:00;0;NORMAL;;Sem ação necessária.
UCI_Dataset;26/04/04 16:00;0;NORMAL;;Sem ação necessária.
UCI_Dataset;26/04/04 17:00;1;MODERADO;R02_NO2_MODERADO;Monitorizar evolucão. Sensiveis reduzam atividade ao ar livre.
UCI_Dataset;26/04/04 18:00;1;MODERADO;R02_NO2_MODERADO;Monitorizar evolucão. Sensiveis reduzam atividade ao ar livre.
UCI_Dataset;26/04/04 19:00;1;MODERADO;R02_NO2_MODERADO;Monitorizar evolucão. Sensiveis reduzam atividade ao ar livre.
UCI_Dataset;26/04/04 20:00;1;MODERADO;R02_NO2_MODERADO;Monitorizar evolucão. Sensiveis reduzam atividade ao ar livre.
UCI_Dataset;26/04/04 21:00;1;MODERADO;R02_NO2_MODERADO;Monitorizar evolucão. Sensiveis reduzam atividade ao ar livre.
UCI_Dataset;26/04/04 22:00;0;NORMAL;;Sem ação necessária.
UCI_Dataset;26/04/04 23:00;0;NORMAL;;Sem ação necessária.
UCI_Dataset;27/04/04 00:00;0;NORMAL;;Sem ação necessária.
UCI_Dataset;27/04/04 01:00;0;NORMAL;;Sem ação necessária.
UCI_Dataset;27/04/04 02:00;0;NORMAL;;Sem ação necessária.
UCI_Dataset;27/04/04 03:00;0;NORMAL;;Sem ação necessária.
UCI_Dataset;27/04/04 04:00;0;NORMAL;;Sem ação necessária.
UCI_Dataset;27/04/04 05:00;0;NORMAL;;Sem ação necessária.
UCI_Dataset;27/04/04 06:00;0;NORMAL;;Sem ação necessária.
UCI_Dataset;27/04/04 07:00;1;MODERADO;R02_NO2_MODERADO;Monitorizar evolucão. Sensiveis reduzam atividade ao ar livre.
UCI_Dataset;27/04/04 08:00;1;MODERADO;R02_NO2_MODERADO;Monitorizar evolucão. Sensiveis reduzam atividade ao ar livre.
UCI_Dataset;27/04/04 09:00;0;NORMAL;;Sem ação necessária.
UCI_Dataset;27/04/04 10:00;0;NORMAL;;Sem ação necessária.
UCI_Dataset;27/04/04 11:00;0;NORMAL;;Sem ação necessária.
UCI_Dataset;27/04/04 12:00;0;NORMAL;;Sem ação necessária.
UCI_Dataset;27/04/04 13:00;1;MODERADO;R02_NO2_MODERADO;Monitorizar evolucão. Sensiveis reduzam atividade ao ar livre.
UCI_Dataset;27/04/04 14:00;0;NORMAL;;Sem ação necessária.
UCI_Dataset;27/04/04 15:00;1;MODERADO;R02_NO2_MODERADO;Monitorizar evolucão. Sensiveis reduzam atividade ao ar livre.
UCI_Dataset;27/04/04 16:00;0;NORMAL;;Sem ação necessária.
UCI_Dataset;27/04/04 17:00;1;MODERADO;R02_NO2_MODERADO;Monitorizar evolucão. Sensiveis reduzam atividade ao ar livre.
UCI_Dataset;27/04/04 18:00;1;MODERADO;R02_NO2_MODERADO;Monitorizar evolucão. Sensiveis reduzam atividade ao ar livre.
UCI_Dataset;27/04/04 19:00;1;MODERADO;R02_NO2_MODERADO;Monitorizar evolucão. Sensiveis reduzam atividade ao ar livre.
UCI_Dataset;27/04/04 20:00;1;MODERADO;R02_NO2_MODERADO;Monitorizar evolucão. Sensiveis reduzam atividade ao ar livre.
UCI_Dataset;27/04/04 21:00;1;MODERADO;R02_NO2_MODERADO;Monitorizar evolucão. Sensiveis reduzam atividade ao ar livre.
UCI_Dataset;27/04/04 22:00;1;MODERADO;R02_NO2_MODERADO;Monitorizar evolucão. Sensiveis reduzam atividade ao ar livre.
UCI_Dataset;27/04/04 23:00;1;MODERADO;R02_NO2_MODERADO;Monitorizar evolucão. Sensiveis reduzam atividade ao ar livre.
UCI_Dataset;28/04/04 00:00;0;NORMAL;;Sem ação necessária.
UCI_Dataset;28/04/04 01:00;0;NORMAL;;Sem ação necessária.
UCI_Dataset;28/04/04 02:00;0;NORMAL;;Sem ação necessária.
UCI_Dataset;28/04/04 03:00;0;NORMAL;;Sem ação necessária.
UCI_Dataset;28/04/04 04:00;0;NORMAL;;Sem ação necessária.
UCI_Dataset;28/04/04 05:00;0;NORMAL;;Sem ação necessária.
UCI_Dataset;28/04/04 06:00;0;NORMAL;;Sem ação necessária.
UCI_Dataset;28/04/04 07:00;1;MODERADO;R02_NO2_MODERADO;Monitorizar evolucão. Sensiveis reduzam atividade ao ar livre.
UCI_Dataset;28/04/04 08:00;1;MODERADO;R02_NO2_MODERADO;Monitorizar evolucão. Sensiveis reduzam atividade ao ar livre.
UCI_Dataset;28/04/04 09:00;1;MODERADO;R02_NO2_MODERADO;Monitorizar evolucão. Sensiveis reduzam atividade ao ar livre.
UCI_Dataset;28/04/04 10:00;1;MODERADO;R02_NO2_MODERADO;Monitorizar evolucão. Sensiveis reduzam atividade ao ar livre.
UCI_Dataset;28/04/04 11:00;1;MODERADO;R02_NO2_MODERADO;Monitorizar evolucão. Sensiveis reduzam atividade ao ar livre.
UCI_Dataset;28/04/04 12:00;1;MODERADO;R02_NO2_MODERADO;Monitorizar evolucão. Sensiveis reduzam atividade ao ar livre.
UCI_Dataset;28/04/04 13:00;1;MODERADO;R02_NO2_MODERADO;Monitorizar evolucão. Sensiveis reduzam atividade ao ar livre.
UCI_Dataset;28/04/04 14:00;1;MODERADO;R02_NO2_MODERADO;Monitorizar evolucão. Sensiveis reduzam atividade ao ar livre.
UCI_Dataset;28/04/04 15:00;1;MODERADO;R02_NO2_MODERADO;Monitorizar evolucão. Sensiveis reduzam atividade ao ar livre.
UCI_Dataset;28/04/04 16:00;1;MODERADO;R02_NO2_MODERADO;Monitorizar evolucão. Sensiveis reduzam atividade ao ar livre.
UCI_Dataset;28/04/04 17:00;1;MODERADO;R02_NO2_MODERADO;Monitorizar evolucão. Sensiveis reduzam atividade ao ar livre.
UCI_Dataset;28/04/04 18:00;1;MODERADO;R02_NO2_MODERADO;Monitorizar evolucão. Sensiveis reduzam atividade ao ar livre.
UCI_Dataset;28/04/04 19:00;1;MODERADO;R02_NO2_MODERADO;Monitorizar evolucão. Sensiveis reduzam atividade ao ar livre.
UCI_Dataset;28/04/04 20:00;1;MODERADO;R02_NO2_MODERADO;Monitorizar evolucão. Sensiveis reduzam atividade ao ar livre.
UCI_Dataset;28/04/04 21:00;1;MODERADO;R02_NO2_MODERADO;Monitorizar evolucão. Sensiveis reduzam atividade ao ar livre.
UCI_Dataset;28/04/04 22:00;0;NORMAL;;Sem ação necessária.
UCI_Dataset;28/04/04 23:00;0;NORMAL;;Sem ação necessária.
UCI_Dataset;29/04/04 00:00;0;NORMAL;;Sem ação necessária.
UCI_Dataset;29/04/04 01:00;0;NORMAL;;Sem ação necessária.
UCI_Dataset;29/04/04 02:00;0;NORMAL;;Sem ação necessária.
UCI_Dataset;29/04/04 03:00;0;NORMAL;;Sem ação necessária.
UCI_Dataset;29/04/04 04:00;0;NORMAL;;Sem ação necessária.
UCI_Dataset;29/04/04 05:00;0;NORMAL;;Sem ação necessária.
UCI_Dataset;29/04/04 06:00;0;NORMAL;;Sem ação necessária.
UCI_Dataset;29/04/04 07:00;0;NORMAL;;Sem ação necessária.
UCI_Dataset;29/04/04 08:00;1;MODERADO;R02_NO2_MODERADO;Monitorizar evolucão. Sensiveis reduzam atividade ao ar livre.
UCI_Dataset;29/04/04 09:00;1;MODERADO;R02_NO2_MODERADO;Monitorizar evolucão. Sensiveis reduzam atividade ao ar livre.
UCI_Dataset;29/04/04 10:00;1;MODERADO;R02_NO2_MODERADO;Monitorizar evolucão. Sensiveis reduzam atividade ao ar livre.
UCI_Dataset;29/04/04 11:00;0;NORMAL;;Sem ação necessária.
UCI_Dataset;29/04/04 12:00;0;NORMAL;;Sem ação necessária.
UCI_Dataset;29/04/04 13:00;1;MODERADO;R02_NO2_MODERADO;Monitorizar evolucão. Sensiveis reduzam atividade ao ar livre.
UCI_Dataset;29/04/04 14:00;1;MODERADO;R02_NO2_MODERADO;Monitorizar evolucão. Sensiveis reduzam atividade ao ar livre.
UCI_Dataset;29/04/04 15:00;1;MODERADO;R02_NO2_MODERADO;Monitorizar evolucão. Sensiveis reduzam atividade ao ar livre.
UCI_Dataset;29/04/04 16:00;1;MODERADO;R02_NO2_MODERADO;Monitorizar evolucão. Sensiveis reduzam atividade ao ar livre.
UCI_Dataset;29/04/04 17:00;1;MODERADO;R02_NO2_MODERADO;Monitorizar evolucão. Sensiveis reduzam atividade ao ar livre.
UCI_Dataset;29/04/04 18:00;1;MODERADO;R02_NO2_MODERADO;Monitorizar evolucão. Sensiveis reduzam atividade ao ar livre.
UCI_Dataset;29/04/04 19:00;1;MODERADO;R02_NO2_MODERADO;Monitorizar evolucão. Sensiveis reduzam atividade ao ar livre.
UCI_Dataset;29/04/04 20:00;1;MODERADO;R02_NO2_MODERADO;Monitorizar evolucão. Sensiveis reduzam atividade ao ar livre.
UCI_Dataset;29/04/04 21:00;1;MODERADO;R02_NO2_MODERADO;Monitorizar evolucão. Sensiveis reduzam atividade ao ar livre.
UCI_Dataset;29/04/04 22:00;1;MODERADO;R02_NO2_MODERADO;Monitorizar evolucão. Sensiveis reduzam atividade ao ar livre.
UCI_Dataset;29/04/04 23:00;0;NORMAL;;Sem ação necessária.
UCI_Dataset;30/04/04 00:00;0;NORMAL;;Sem ação necessária.
UCI_Dataset;30/04/04 01:00;0;NORMAL;;Sem ação necessária.
UCI_Dataset;30/04/04 02:00;0;NORMAL;;Sem ação necessária.
UCI_Dataset;30/04/04 03:00;0;NORMAL;;Sem ação necessária.
UCI_Dataset;30/04/04 04:00;0;NORMAL;;Sem ação necessária.
UCI_Dataset;30/04/04 05:00;0;NORMAL;;Sem ação necessária.
UCI_Dataset;30/04/04 06:00;0;NORMAL;;Sem ação necessária.
UCI_Dataset;30/04/04 07:00;1;MODERADO;R02_NO2_MODERADO;Monitorizar evolucão. Sensiveis reduzam atividade ao ar livre.
UCI_Dataset;30/04/04 08:00;1;MODERADO;R02_NO2_MODERADO;Monitorizar evolucão. Sensiveis reduzam atividade ao ar livre.
UCI_Dataset;30/04/04 09:00;1;MODERADO;R02_NO2_MODERADO;Monitorizar evolucão. Sensiveis reduzam atividade ao ar livre.
UCI_Dataset;30/04/04 10:00;1;MODERADO;R02_NO2_MODERADO;Monitorizar evolucão. Sensiveis reduzam atividade ao ar livre.
UCI_Dataset;30/04/04 11:00;1;MODERADO;R02_NO2_MODERADO;Monitorizar evolucão. Sensiveis reduzam atividade ao ar livre.
UCI_Dataset;30/04/04 12:00;1;MODERADO;R02_NO2_MODERADO;Monitorizar evolucão. Sensiveis reduzam atividade ao ar livre.
UCI_Dataset;30/04/04 13:00;1;MODERADO;R02_NO2_MODERADO;Monitorizar evolucão. Sensiveis reduzam atividade ao ar livre.
UCI_Dataset;30/04/04 14:00;0;NORMAL;;Sem ação necessária.
UCI_Dataset;30/04/04 15:00;1;MODERADO;R02_NO2_MODERADO;Monitorizar evolucão. Sensiveis reduzam atividade ao ar livre.
UCI_Dataset;30/04/04 16:00;1;MODERADO;R02_NO2_MODERADO;Monitorizar evolucão. Sensiveis reduzam atividade ao ar livre.
UCI_Dataset;30/04/04 17:00;1;MODERADO;R02_NO2_MODERADO;Monitorizar evolucão. Sensiveis reduzam atividade ao ar livre.
UCI_Dataset;30/04/04 18:00;1;MODERADO;R02_NO2_MODERADO;Monitorizar evolucão. Sensiveis reduzam atividade ao ar livre.
UCI_Dataset;30/04/04 19:00;1;MODERADO;R02_NO2_MODERADO;Monitorizar evolucão. Sensiveis reduzam atividade ao ar livre.
UCI_Dataset;30/04/04 20:00;1;MODERADO;R02_NO2_MODERADO;Monitorizar evolucão. Sensiveis reduzam atividade ao ar livre.
UCI_Dataset;30/04/04 21:00;1;MODERADO;R02_NO2_MODERADO;Monitorizar evolucão. Sensiveis reduzam atividade ao ar livre.
UCI_Dataset;30/04/04 22:00;1;MODERADO;R02_NO2_MODERADO;Monitorizar evolucão. Sensiveis reduzam atividade ao ar livre.
UCI_Dataset;30/04/04 23:00;1;MODERADO;R02_NO2_MODERADO;Monitorizar evolucão. Sensiveis reduzam atividade ao ar livre.
UCI_Dataset;01/05/04 00:00;1;MODERADO;R02_NO2_MODERADO;Monitorizar evolucão. Sensiveis reduzam atividade ao ar livre.
UCI_Dataset;01/05/04 01:00;0;NORMAL;;Sem ação necessária.
UCI_Dataset;01/05/04 02:00;0;NORMAL;;Sem ação necessária.
UCI_Dataset;01/05/04 03:00;0;NORMAL;;Sem ação necessária.
UCI_Dataset;01/05/04 04:00;0;NORMAL;;Sem ação necessária.
UCI_Dataset;01/05/04 05:00;0;NORMAL;;Sem ação necessária.
UCI_Dataset;01/05/04 06:00;0;NORMAL;;Sem ação necessária.
UCI_Dataset;01/05/04 07:00;0;NORMAL;;Sem ação necessária.
UCI_Dataset;01/05/04 08:00;0;NORMAL;;Sem ação necessária.
UCI_Dataset;01/05/04 09:00;0;NORMAL;;Sem ação necessária.
UCI_Dataset;01/05/04 10:00;0;NORMAL;;Sem ação necessária.
UCI_Dataset;01/05/04 11:00;0;NORMAL;;Sem ação necessária.
UCI_Dataset;01/05/04 12:00;0;NORMAL;;Sem ação necessária.
UCI_Dataset;01/05/04 13:00;0;NORMAL;;Sem ação necessária.
UCI_Dataset;01/05/04 14:00;0;NORMAL;;Sem ação necessária.
UCI_Dataset;01/05/04 15:00;0;NORMAL;;Sem ação necessária.
UCI_Dataset;01/05/04 16:00;0;NORMAL;;Sem ação necessária.
UCI_Dataset;01/05/04 17:00;0;NORMAL;;Sem ação necessária.
UCI_Dataset;01/05/04 18:00;1;MODERADO;R02_NO2_MODERADO;Monitorizar evolucão. Sensiveis reduzam atividade ao ar livre.
UCI_Dataset;01/05/04 19:00;1;MODERADO;R02_NO2_MODERADO;Monitorizar evolucão. Sensiveis reduzam atividade ao ar livre.
UCI_Dataset;01/05/04 20:00;1;MODERADO;R02_NO2_MODERADO;Monitorizar evolucão. Sensiveis reduzam atividade ao ar livre.
UCI_Dataset;01/05/04 21:00;1;MODERADO;R02_NO2_MODERADO;Monitorizar evolucão. Sensiveis reduzam atividade ao ar livre.
UCI_Dataset;01/05/04 22:00;1;MODERADO;R02_NO2_MODERADO;Monitorizar evolucão. Sensiveis reduzam atividade ao ar livre.
UCI_Dataset;01/05/04 23:00;1;MODERADO;R02_NO2_MODERADO;Monitorizar evolucão. Sensiveis reduzam atividade ao ar livre.
UCI_Dataset;02/05/04 00:00;0;NORMAL;;Sem ação necessária.
UCI_Dataset;02/05/04 01:00;0;NORMAL;;Sem ação necessária.
UCI_Dataset;02/05/04 02:00;0;NORMAL;;Sem ação necessária.
UCI_Dataset;02/05/04 03:00;0;NORMAL;;Sem ação necessária.
UCI_Dataset;02/05/04 04:00;0;NORMAL;;Sem ação necessária.
UCI_Dataset;02/05/04 05:00;0;NORMAL;;Sem ação necessária.
UCI_Dataset;02/05/04 06:00;0;NORMAL;;Sem ação necessária.
UCI_Dataset;02/05/04 07:00;0;NORMAL;;Sem ação necessária.
UCI_Dataset;02/05/04 08:00;0;NORMAL;;Sem ação necessária.
UCI_Dataset;02/05/04 09:00;0;NORMAL;;Sem ação necessária.
UCI_Dataset;02/05/04 10:00;0;NORMAL;;Sem ação necessária.
UCI_Dataset;02/05/04 11:00;0;NORMAL;;Sem ação necessária.
UCI_Dataset;02/05/04 12:00;0;NORMAL;;Sem ação necessária.
UCI_Dataset;02/05/04 13:00;0;NORMAL;;Sem ação necessária.
UCI_Dataset;02/05/04 14:00;0;NORMAL;;Sem ação necessária.
UCI_Dataset;02/05/04 15:00;0;NORMAL;;Sem ação necessária.
UCI_Dataset;02/05/04 16:00;0;NORMAL;;Sem ação necessária.
UCI_Dataset;02/05/04 17:00;1;MODERADO;R02_NO2_MODERADO;Monitorizar evolucão. Sensiveis reduzam atividade ao ar livre.
UCI_Dataset;02/05/04 18:00;1;MODERADO;R02_NO2_MODERADO;Monitorizar evolucão. Sensiveis reduzam atividade ao ar livre.
UCI_Dataset;02/05/04 19:00;1;MODERADO;R02_NO2_MODERADO;Monitorizar evolucão. Sensiveis reduzam atividade ao ar livre.
UCI_Dataset;02/05/04 20:00;1;MODERADO;R02_NO2_MODERADO;Monitorizar evolucão. Sensiveis reduzam atividade ao ar livre.
UCI_Dataset;02/05/04 21:00;1;MODERADO;R02_NO2_MODERADO;Monitorizar evolucão. Sensiveis reduzam atividade ao ar livre.
UCI_Dataset;02/05/04 22:00;1;MODERADO;R02_NO2_MODERADO;Monitorizar evolucão. Sensiveis reduzam atividade ao ar livre.
UCI_Dataset;02/05/04 23:00;1;MODERADO;R02_NO2_MODERADO;Monitorizar evolucão. Sensiveis reduzam atividade ao ar livre.
UCI_Dataset;03/05/04 00:00;0;NORMAL;;Sem ação necessária.
UCI_Dataset;03/05/04 01:00;0;NORMAL;;Sem ação necessária.
UCI_Dataset;03/05/04 02:00;0;NORMAL;;Sem ação necessária.
UCI_Dataset;03/05/04 03:00;0;NORMAL;;Sem ação necessária.
UCI_Dataset;03/05/04 04:00;0;NORMAL;;Sem ação necessária.
UCI_Dataset;03/05/04 05:00;0;NORMAL;;Sem ação necessária.
UCI_Dataset;03/05/04 06:00;0;NORMAL;;Sem ação necessária.
UCI_Dataset;03/05/04 07:00;1;MODERADO;R02_NO2_MODERADO;Monitorizar evolucão. Sensiveis reduzam atividade ao ar livre.
UCI_Dataset;03/05/04 08:00;1;MODERADO;R02_NO2_MODERADO;Monitorizar evolucão. Sensiveis reduzam atividade ao ar livre.
UCI_Dataset;03/05/04 09:00;1;MODERADO;R02_NO2_MODERADO;Monitorizar evolucão. Sensiveis reduzam atividade ao ar livre.
UCI_Dataset;03/05/04 10:00;1;MODERADO;R02_NO2_MODERADO;Monitorizar evolucão. Sensiveis reduzam atividade ao ar livre.
UCI_Dataset;03/05/04 11:00;1;MODERADO;R02_NO2_MODERADO;Monitorizar evolucão. Sensiveis reduzam atividade ao ar livre.
UCI_Dataset;03/05/04 12:00;0;NORMAL;;Sem ação necessária.
UCI_Dataset;03/05/04 13:00;0;NORMAL;;Sem ação necessária.
UCI_Dataset;03/05/04 14:00;0;NORMAL;;Sem ação necessária.
UCI_Dataset;03/05/04 15:00;0;NORMAL;;Sem ação necessária.
UCI_Dataset;03/05/04 16:00;1;MODERADO;R02_NO2_MODERADO;Monitorizar evolucão. Sensiveis reduzam atividade ao ar livre.
UCI_Dataset;03/05/04 17:00;1;MODERADO;R02_NO2_MODERADO;Monitorizar evolucão. Sensiveis reduzam atividade ao ar livre.
UCI_Dataset;03/05/04 18:00;1;MODERADO;R02_NO2_MODERADO;Monitorizar evolucão. Sensiveis reduzam atividade ao ar livre.
UCI_Dataset;03/05/04 19:00;1;MODERADO;R02_NO2_MODERADO;Monitorizar evolucão. Sensiveis reduzam atividade ao ar livre.
UCI_Dataset;03/05/04 20:00;1;MODERADO;R02_NO2_MODERADO;Monitorizar evolucão. Sensiveis reduzam atividade ao ar livre.
UCI_Dataset;03/05/04 21:00;1;MODERADO;R02_NO2_MODERADO;Monitorizar evolucão. Sensiveis reduzam atividade ao ar livre.
UCI_Dataset;03/05/04 22:00;0;NORMAL;;Sem ação necessária.
UCI_Dataset;03/05/04 23:00;0;NORMAL;;Sem ação necessária.
UCI_Dataset;04/05/04 00:00;0;NORMAL;;Sem ação necessária.
UCI_Dataset;04/05/04 01:00;0;NORMAL;;Sem ação necessária.
UCI_Dataset;04/05/04 02:00;0;NORMAL;;Sem ação necessária.
UCI_Dataset;04/05/04 03:00;0;NORMAL;;Sem ação necessária.
UCI_Dataset;04/05/04 04:00;0;NORMAL;;Sem ação necessária.
UCI_Dataset;04/05/04 05:00;0;NORMAL;;Sem ação necessária.
UCI_Dataset;04/05/04 06:00;0;NORMAL;;Sem ação necessária.
UCI_Dataset;04/05/04 07:00;1;MODERADO;R02_NO2_MODERADO;Monitorizar evolucão. Sensiveis reduzam atividade ao ar livre.
UCI_Dataset;04/05/04 08:00;1;MODERADO;R02_NO2_MODERADO;Monitorizar evolucão. Sensiveis reduzam atividade ao ar livre.
UCI_Dataset;04/05/04 09:00;1;MODERADO;R02_NO2_MODERADO;Monitorizar evolucão. Sensiveis reduzam atividade ao ar livre.
UCI_Dataset;04/05/04 10:00;0;NORMAL;;Sem ação necessária.
UCI_Dataset;04/05/04 11:00;0;NORMAL;;Sem ação necessária.
UCI_Dataset;04/05/04 12:00;0;NORMAL;;Sem ação necessária.
UCI_Dataset;04/05/04 13:00;1;MODERADO;R02_NO2_MODERADO;Monitorizar evolucão. Sensiveis reduzam atividade ao ar livre.
UCI_Dataset;04/05/04 14:00;1;MODERADO;R02_NO2_MODERADO;Monitorizar evolucão. Sensiveis reduzam atividade ao ar livre.
UCI_Dataset;04/05/04 15:00;0;NORMAL;;Sem ação necessária.
UCI_Dataset;04/05/04 16:00;0;NORMAL;;Sem ação necessária.
UCI_Dataset;04/05/04 17:00;0;NORMAL;;Sem ação necessária.
UCI_Dataset;04/05/04 18:00;1;MODERADO;R02_NO2_MODERADO;Monitorizar evolucão. Sensiveis reduzam atividade ao ar livre.
UCI_Dataset;04/05/04 19:00;1;MODERADO;R02_NO2_MODERADO;Monitorizar evolucão. Sensiveis reduzam atividade ao ar livre.
UCI_Dataset;04/05/04 20:00;1;MODERADO;R02_NO2_MODERADO;Monitorizar evolucão. Sensiveis reduzam atividade ao ar livre.
UCI_Dataset;04/05/04 21:00;1;MODERADO;R02_NO2_MODERADO;Monitorizar evolucão. Sensiveis reduzam atividade ao ar livre.
UCI_Dataset;04/05/04 22:00;0;NORMAL;;Sem ação necessária.
UCI_Dataset;04/05/04 23:00;0;NORMAL;;Sem ação necessária.
UCI_Dataset;05/05/04 00:00;0;NORMAL;;Sem ação necessária.
UCI_Dataset;05/05/04 01:00;0;NORMAL;;Sem ação necessária.
UCI_Dataset;05/05/04 02:00;0;NORMAL;;Sem ação necessária.
UCI_Dataset;05/05/04 03:00;0;NORMAL;;Sem ação necessária.
UCI_Dataset;05/05/04 04:00;0;NORMAL;;Sem ação necessária.
UCI_Dataset;05/05/04 05:00;0;NORMAL;;Sem ação necessária.
UCI_Dataset;05/05/04 06:00;0;NORMAL;;Sem ação necessária.
UCI_Dataset;05/05/04 07:00;1;MODERADO;R02_NO2_MODERADO;Monitorizar evolucão. Sensiveis reduzam atividade ao ar livre.
UCI_Dataset;05/05/04 08:00;0;NORMAL;;Sem ação necessária.
UCI_Dataset;05/05/04 09:00;1;MODERADO;R02_NO2_MODERADO;Monitorizar evolucão. Sensiveis reduzam atividade ao ar livre.
UCI_Dataset;05/05/04 10:00;1;MODERADO;R02_NO2_MODERADO;Monitorizar evolucão. Sensiveis reduzam atividade ao ar livre.
UCI_Dataset;05/05/04 11:00;1;MODERADO;R02_NO2_MODERADO;Monitorizar evolucão. Sensiveis reduzam atividade ao ar livre.
UCI_Dataset;05/05/04 12:00;1;MODERADO;R02_NO2_MODERADO;Monitorizar evolucão. Sensiveis reduzam atividade ao ar livre.
UCI_Dataset;05/05/04 13:00;1;MODERADO;R02_NO2_MODERADO;Monitorizar evolucão. Sensiveis reduzam atividade ao ar livre.
UCI_Dataset;05/05/04 14:00;1;MODERADO;R02_NO2_MODERADO;Monitorizar evolucão. Sensiveis reduzam atividade ao ar livre.
UCI_Dataset;05/05/04 15:00;1;MODERADO;R02_NO2_MODERADO;Monitorizar evolucão. Sensiveis reduzam atividade ao ar livre.
UCI_Dataset;05/05/04 16:00;0;NORMAL;;Sem ação necessária.
UCI_Dataset;05/05/04 17:00;0;NORMAL;;Sem ação necessária.
UCI_Dataset;05/05/04 18:00;1;MODERADO;R02_NO2_MODERADO;Monitorizar evolucão. Sensiveis reduzam atividade ao ar livre.
UCI_Dataset;05/05/04 19:00;0;NORMAL;;Sem ação necessária.
UCI_Dataset;05/05/04 20:00;0;NORMAL;;Sem ação necessária.
UCI_Dataset;05/05/04 21:00;0;NORMAL;;Sem ação necessária.
UCI_Dataset;05/05/04 22:00;0;NORMAL;;Sem ação necessária.
UCI_Dataset;05/05/04 23:00;0;NORMAL;;Sem ação necessária.
UCI_Dataset;06/05/04 00:00;0;NORMAL;;Sem ação necessária.
UCI_Dataset;06/05/04 01:00;0;NORMAL;;Sem ação necessária.
UCI_Dataset;06/05/04 02:00;0;NORMAL;;Sem ação necessária.
UCI_Dataset;06/05/04 03:00;0;NORMAL;;Sem ação necessária.
UCI_Dataset;06/05/04 04:00;0;NORMAL;;Sem ação necessária.
UCI_Dataset;06/05/04 05:00;0;NORMAL;;Sem ação necessária.
UCI_Dataset;06/05/04 06:00;0;NORMAL;;Sem ação necessária.
UCI_Dataset;06/05/04 07:00;1;MODERADO;R02_NO2_MODERADO;Monitorizar evolucão. Sensiveis reduzam atividade ao ar livre.
UCI_Dataset;06/05/04 08:00;1;MODERADO;R02_NO2_MODERADO;Monitorizar evolucão. Sensiveis reduzam atividade ao ar livre.
UCI_Dataset;06/05/04 09:00;1;MODERADO;R02_NO2_MODERADO;Monitorizar evolucão. Sensiveis reduzam atividade ao ar livre.
UCI_Dataset;06/05/04 10:00;1;MODERADO;R02_NO2_MODERADO;Monitorizar evolucão. Sensiveis reduzam atividade ao ar livre.
UCI_Dataset;06/05/04 11:00;1;MODERADO;R02_NO2_MODERADO;Monitorizar evolucão. Sensiveis reduzam atividade ao ar livre.
UCI_Dataset;06/05/04 12:00;0;NORMAL;;Sem ação necessária.
UCI_Dataset;06/05/04 13:00;0;NORMAL;;Sem ação necessária.
UCI_Dataset;06/05/04 14:00;1;MODERADO;R02_NO2_MODERADO;Monitorizar evolucão. Sensiveis reduzam atividade ao ar livre.
UCI_Dataset;06/05/04 15:00;1;MODERADO;R02_NO2_MODERADO;Monitorizar evolucão. Sensiveis reduzam atividade ao ar livre.
UCI_Dataset;06/05/04 16:00;1;MODERADO;R02_NO2_MODERADO;Monitorizar evolucão. Sensiveis reduzam atividade ao ar livre.
UCI_Dataset;06/05/04 17:00;1;MODERADO;R02_NO2_MODERADO;Monitorizar evolucão. Sensiveis reduzam atividade ao ar livre.
UCI_Dataset;06/05/04 18:00;0;NORMAL;;Sem ação necessária.
UCI_Dataset;06/05/04 19:00;0;NORMAL;;Sem ação necessária.
UCI_Dataset;06/05/04 20:00;0;NORMAL;;Sem ação necessária.
UCI_Dataset;06/05/04 21:00;0;NORMAL;;Sem ação necessária.
UCI_Dataset;06/05/04 22:00;0;NORMAL;;Sem ação necessária.
UCI_Dataset;06/05/04 23:00;0;NORMAL;;Sem ação necessária.
UCI_Dataset;07/05/04 00:00;1;MODERADO;R02_NO2_MODERADO;Monitorizar evolucão. Sensiveis reduzam atividade ao ar livre.
UCI_Dataset;07/05/04 01:00;0;NORMAL;;Sem ação necessária.
UCI_Dataset;07/05/04 02:00;0;NORMAL;;Sem ação necessária.
UCI_Dataset;07/05/04 03:00;0;NORMAL;;Sem ação necessária.
UCI_Dataset;07/05/04 04:00;0;NORMAL;;Sem ação necessária.
UCI_Dataset;07/05/04 05:00;0;NORMAL;;Sem ação necessária.
UCI_Dataset;07/05/04 06:00;0;NORMAL;;Sem ação necessária.
UCI_Dataset;07/05/04 07:00;1;MODERADO;R02_NO2_MODERADO;Monitorizar evolucão. Sensiveis reduzam atividade ao ar livre.
UCI_Dataset;07/05/04 08:00;1;MODERADO;R02_NO2_MODERADO;Monitorizar evolucão. Sensiveis reduzam atividade ao ar livre.
UCI_Dataset;07/05/04 09:00;1;MODERADO;R02_NO2_MODERADO;Monitorizar evolucão. Sensiveis reduzam atividade ao ar livre.
UCI_Dataset;07/05/04 10:00;1;MODERADO;R02_NO2_MODERADO;Monitorizar evolucão. Sensiveis reduzam atividade ao ar livre.
UCI_Dataset;07/05/04 11:00;1;MODERADO;R02_NO2_MODERADO;Monitorizar evolucão. Sensiveis reduzam atividade ao ar livre.
UCI_Dataset;07/05/04 12:00;0;NORMAL;;Sem ação necessária.
UCI_Dataset;07/05/04 13:00;1;MODERADO;R02_NO2_MODERADO;Monitorizar evolucão. Sensiveis reduzam atividade ao ar livre.
UCI_Dataset;07/05/04 14:00;1;MODERADO;R02_NO2_MODERADO;Monitorizar evolucão. Sensiveis reduzam atividade ao ar livre.
UCI_Dataset;07/05/04 15:00;1;MODERADO;R02_NO2_MODERADO;Monitorizar evolucão. Sensiveis reduzam atividade ao ar livre.
UCI_Dataset;07/05/04 16:00;1;MODERADO;R02_NO2_MODERADO;Monitorizar evolucão. Sensiveis reduzam atividade ao ar livre.
UCI_Dataset;07/05/04 17:00;1;MODERADO;R02_NO2_MODERADO;Monitorizar evolucão. Sensiveis reduzam atividade ao ar livre.
UCI_Dataset;07/05/04 18:00;1;MODERADO;R02_NO2_MODERADO;Monitorizar evolucão. Sensiveis reduzam atividade ao ar livre.
UCI_Dataset;07/05/04 19:00;0;NORMAL;;Sem ação necessária.
UCI_Dataset;07/05/04 20:00;0;NORMAL;;Sem ação necessária.
UCI_Dataset;07/05/04 21:00;0;NORMAL;;Sem ação necessária.
UCI_Dataset;07/05/04 22:00;0;NORMAL;;Sem ação necessária.
UCI_Dataset;07/05/04 23:00;1;MODERADO;R02_NO2_MODERADO;Monitorizar evolucão. Sensiveis reduzam atividade ao ar livre.
UCI_Dataset;08/05/04 00:00;0;NORMAL;;Sem ação necessária.
UCI_Dataset;08/05/04 01:00;0;NORMAL;;Sem ação necessária.
UCI_Dataset;08/05/04 02:00;0;NORMAL;;Sem ação necessária.
UCI_Dataset;08/05/04 03:00;0;NORMAL;;Sem ação necessária.
UCI_Dataset;08/05/04 04:00;0;NORMAL;;Sem ação necessária.
UCI_Dataset;08/05/04 05:00;0;NORMAL;;Sem ação necessária.
UCI_Dataset;08/05/04 06:00;0;NORMAL;;Sem ação necessária.
UCI_Dataset;08/05/04 07:00;0;NORMAL;;Sem ação necessária.
UCI_Dataset;08/05/04 08:00;0;NORMAL;;Sem ação necessária.
UCI_Dataset;08/05/04 09:00;0;NORMAL;;Sem ação necessária.
UCI_Dataset;08/05/04 10:00;0;NORMAL;;Sem ação necessária.
UCI_Dataset;08/05/04 11:00;0;NORMAL;;Sem ação necessária.
UCI_Dataset;08/05/04 12:00;0;NORMAL;;Sem ação necessária.
UCI_Dataset;08/05/04 13:00;0;NORMAL;;Sem ação necessária.
UCI_Dataset;08/05/04 14:00;0;NORMAL;;Sem ação necessária.
UCI_Dataset;08/05/04 15:00;0;NORMAL;;Sem ação necessária.
UCI_Dataset;08/05/04 16:00;0;NORMAL;;Sem ação necessária.
UCI_Dataset;08/05/04 17:00;0;NORMAL;;Sem ação necessária.
UCI_Dataset;08/05/04 18:00;0;NORMAL;;Sem ação necessária.
UCI_Dataset;08/05/04 19:00;0;NORMAL;;Sem ação necessária.
UCI_Dataset;08/05/04 20:00;0;NORMAL;;Sem ação necessária.
UCI_Dataset;08/05/04 21:00;0;NORMAL;;Sem ação necessária.
UCI_Dataset;08/05/04 22:00;0;NORMAL;;Sem ação necessária.
UCI_Dataset;08/05/04 23:00;0;NORMAL;;Sem ação necessária.
UCI_Dataset;09/05/04 00:00;0;NORMAL;;Sem ação necessária.
UCI_Dataset;09/05/04 01:00;0;NORMAL;;Sem ação necessária.
UCI_Dataset;09/05/04 02:00;0;NORMAL;;Sem ação necessária.
UCI_Dataset;09/05/04 03:00;0;NORMAL;;Sem ação necessária.
UCI_Dataset;09/05/04 04:00;0;NORMAL;;Sem ação necessária.
UCI_Dataset;09/05/04 05:00;0;NORMAL;;Sem ação necessária.
UCI_Dataset;09/05/04 06:00;0;NORMAL;;Sem ação necessária.
UCI_Dataset;09/05/04 07:00;0;NORMAL;;Sem ação necessária.
UCI_Dataset;09/05/04 08:00;0;NORMAL;;Sem ação necessária.
UCI_Dataset;09/05/04 09:00;0;NORMAL;;Sem ação necessária.
UCI_Dataset;09/05/04 10:00;0;NORMAL;;Sem ação necessária.
UCI_Dataset;09/05/04 11:00;0;NORMAL;;Sem ação necessária.
UCI_Dataset;09/05/04 12:00;0;NORMAL;;Sem ação necessária.
UCI_Dataset;09/05/04 13:00;0;NORMAL;;Sem ação necessária.
UCI_Dataset;09/05/04 14:00;0;NORMAL;;Sem ação necessária.
UCI_Dataset;09/05/04 15:00;0;NORMAL;;Sem ação necessária.
UCI_Dataset;09/05/04 16:00;0;NORMAL;;Sem ação necessária.
UCI_Dataset;09/05/04 17:00;0;NORMAL;;Sem ação necessária.
UCI_Dataset;09/05/04 18:00;0;NORMAL;;Sem ação necessária.
UCI_Dataset;09/05/04 19:00;0;NORMAL;;Sem ação necessária.
UCI_Dataset;09/05/04 20:00;0;NORMAL;;Sem ação necessária.
UCI_Dataset;09/05/04 21:00;0;NORMAL;;Sem ação necessária.
UCI_Dataset;09/05/04 22:00;0;NORMAL;;Sem ação necessária.
UCI_Dataset;09/05/04 23:00;0;NORMAL;;Sem ação necessária.
UCI_Dataset;10/05/04 00:00;0;NORMAL;;Sem ação necessária.
UCI_Dataset;10/05/04 01:00;0;NORMAL;;Sem ação necessária.
UCI_Dataset;10/05/04 02:00;0;NORMAL;;Sem ação necessária.
UCI_Dataset;10/05/04 03:00;0;NORMAL;;Sem ação necessária.
UCI_Dataset;10/05/04 04:00;0;NORMAL;;Sem ação necessária.
UCI_Dataset;10/05/04 05:00;0;NORMAL;;Sem ação necessária.
UCI_Dataset;10/05/04 06:00;0;NORMAL;;Sem ação necessária.
UCI_Dataset;10/05/04 07:00;0;NORMAL;;Sem ação necessária.
UCI_Dataset;10/05/04 08:00;0;NORMAL;;Sem ação necessária.
UCI_Dataset;10/05/04 09:00;1;MODERADO;R02_NO2_MODERADO;Monitorizar evolucão. Sensiveis reduzam atividade ao ar livre.
UCI_Dataset;10/05/04 10:00;1;MODERADO;R02_NO2_MODERADO;Monitorizar evolucão. Sensiveis reduzam atividade ao ar livre.
UCI_Dataset;10/05/04 11:00;0;NORMAL;;Sem ação necessária.
UCI_Dataset;10/05/04 12:00;0;NORMAL;;Sem ação necessária.
UCI_Dataset;10/05/04 13:00;1;MODERADO;R02_NO2_MODERADO;Monitorizar evolucão. Sensiveis reduzam atividade ao ar livre.
UCI_Dataset;10/05/04 14:00;1;MODERADO;R02_NO2_MODERADO;Monitorizar evolucão. Sensiveis reduzam atividade ao ar livre.
UCI_Dataset;10/05/04 15:00;1;MODERADO;R02_NO2_MODERADO;Monitorizar evolucão. Sensiveis reduzam atividade ao ar livre.
UCI_Dataset;10/05/04 16:00;0;NORMAL;;Sem ação necessária.
UCI_Dataset;10/05/04 17:00;1;MODERADO;R02_NO2_MODERADO;Monitorizar evolucão. Sensiveis reduzam atividade ao ar livre.
UCI_Dataset;10/05/04 18:00;1;MODERADO;R02_NO2_MODERADO;Monitorizar evolucão. Sensiveis reduzam atividade ao ar livre.
UCI_Dataset;10/05/04 19:00;1;MODERADO;R02_NO2_MODERADO;Monitorizar evolucão. Sensiveis reduzam atividade ao ar livre.
UCI_Dataset;10/05/04 20:00;1;MODERADO;R02_NO2_MODERADO;Monitorizar evolucão. Sensiveis reduzam atividade ao ar livre.
UCI_Dataset;10/05/04 21:00;1;MODERADO;R02_NO2_MODERADO;Monitorizar evolucão. Sensiveis reduzam atividade ao ar livre.
UCI_Dataset;10/05/04 22:00;0;NORMAL;;Sem ação necessária.
UCI_Dataset;10/05/04 23:00;0;NORMAL;;Sem ação necessária.
UCI_Dataset;11/05/04 00:00;0;NORMAL;;Sem ação necessária.
UCI_Dataset;11/05/04 01:00;0;NORMAL;;Sem ação necessária.
UCI_Dataset;11/05/04 02:00;0;NORMAL;;Sem ação necessária.
UCI_Dataset;11/05/04 03:00;0;NORMAL;;Sem ação necessária.
UCI_Dataset;11/05/04 04:00;0;NORMAL;;Sem ação necessária.
UCI_Dataset;11/05/04 05:00;0;NORMAL;;Sem ação necessária.
UCI_Dataset;11/05/04 06:00;0;NORMAL;;Sem ação necessária.
UCI_Dataset;11/05/04 07:00;0;NORMAL;;Sem ação necessária.
UCI_Dataset;11/05/04 08:00;1;MODERADO;R02_NO2_MODERADO;Monitorizar evolucão. Sensiveis reduzam atividade ao ar livre.
UCI_Dataset;11/05/04 09:00;1;MODERADO;R02_NO2_MODERADO;Monitorizar evolucão. Sensiveis reduzam atividade ao ar livre.
UCI_Dataset;11/05/04 10:00;1;MODERADO;R02_NO2_MODERADO;Monitorizar evolucão. Sensiveis reduzam atividade ao ar livre.
UCI_Dataset;11/05/04 11:00;1;MODERADO;R02_NO2_MODERADO;Monitorizar evolucão. Sensiveis reduzam atividade ao ar livre.
UCI_Dataset;11/05/04 12:00;0;NORMAL;;Sem ação necessária.
UCI_Dataset;11/05/04 13:00;0;NORMAL;;Sem ação necessária.
UCI_Dataset;11/05/04 14:00;0;NORMAL;;Sem ação necessária.
UCI_Dataset;11/05/04 15:00;0;NORMAL;;Sem ação necessária.
UCI_Dataset;11/05/04 16:00;0;NORMAL;;Sem ação necessária.
UCI_Dataset;11/05/04 17:00;1;MODERADO;R02_NO2_MODERADO;Monitorizar evolucão. Sensiveis reduzam atividade ao ar livre.
UCI_Dataset;11/05/04 18:00;1;MODERADO;R02_NO2_MODERADO;Monitorizar evolucão. Sensiveis reduzam atividade ao ar livre.
UCI_Dataset;11/05/04 19:00;1;MODERADO;R02_NO2_MODERADO;Monitorizar evolucão. Sensiveis reduzam atividade ao ar livre.
UCI_Dataset;11/05/04 20:00;1;MODERADO;R02_NO2_MODERADO;Monitorizar evolucão. Sensiveis reduzam atividade ao ar livre.
UCI_Dataset;11/05/04 21:00;1;MODERADO;R02_NO2_MODERADO;Monitorizar evolucão. Sensiveis reduzam atividade ao ar livre.
UCI_Dataset;11/05/04 22:00;1;MODERADO;R02_NO2_MODERADO;Monitorizar evolucão. Sensiveis reduzam atividade ao ar livre.
UCI_Dataset;11/05/04 23:00;1;MODERADO;R02_NO2_MODERADO;Monitorizar evolucão. Sensiveis reduzam atividade ao ar livre.
UCI_Dataset;12/05/04 00:00;0;NORMAL;;Sem ação necessária.
UCI_Dataset;12/05/04 01:00;0;NORMAL;;Sem ação necessária.
UCI_Dataset;12/05/04 02:00;0;NORMAL;;Sem ação necessária.
UCI_Dataset;12/05/04 03:00;0;NORMAL;;Sem ação necessária.
UCI_Dataset;12/05/04 04:00;0;NORMAL;;Sem ação necessária.
UCI_Dataset;12/05/04 05:00;0;NORMAL;;Sem ação necessária.
UCI_Dataset;12/05/04 06:00;0;NORMAL;;Sem ação necessária.
UCI_Dataset;12/05/04 07:00;0;NORMAL;;Sem ação necessária.
UCI_Dataset;12/05/04 08:00;1;MODERADO;R02_NO2_MODERADO;Monitorizar evolucão. Sensiveis reduzam atividade ao ar livre.
UCI_Dataset;12/05/04 09:00;1;MODERADO;R02_NO2_MODERADO;Monitorizar evolucão. Sensiveis reduzam atividade ao ar livre.
UCI_Dataset;12/05/04 10:00;1;MODERADO;R02_NO2_MODERADO;Monitorizar evolucão. Sensiveis reduzam atividade ao ar livre.
UCI_Dataset;12/05/04 11:00;1;MODERADO;R02_NO2_MODERADO;Monitorizar evolucão. Sensiveis reduzam atividade ao ar livre.
UCI_Dataset;12/05/04 12:00;1;MODERADO;R02_NO2_MODERADO;Monitorizar evolucão. Sensiveis reduzam atividade ao ar livre.
UCI_Dataset;12/05/04 13:00;1;MODERADO;R02_NO2_MODERADO;Monitorizar evolucão. Sensiveis reduzam atividade ao ar livre.
UCI_Dataset;12/05/04 14:00;1;MODERADO;R02_NO2_MODERADO;Monitorizar evolucão. Sensiveis reduzam atividade ao ar livre.
UCI_Dataset;12/05/04 15:00;1;MODERADO;R02_NO2_MODERADO;Monitorizar evolucão. Sensiveis reduzam atividade ao ar livre.
UCI_Dataset;12/05/04 16:00;1;MODERADO;R02_NO2_MODERADO;Monitorizar evolucão. Sensiveis reduzam atividade ao ar livre.
UCI_Dataset;12/05/04 17:00;1;MODERADO;R02_NO2_MODERADO;Monitorizar evolucão. Sensiveis reduzam atividade ao ar livre.
UCI_Dataset;12/05/04 18:00;1;MODERADO;R02_NO2_MODERADO;Monitorizar evolucão. Sensiveis reduzam atividade ao ar livre.
UCI_Dataset;12/05/04 19:00;1;MODERADO;R02_NO2_MODERADO;Monitorizar evolucão. Sensiveis reduzam atividade ao ar livre.
UCI_Dataset;12/05/04 20:00;1;MODERADO;R02_NO2_MODERADO;Monitorizar evolucão. Sensiveis reduzam atividade ao ar livre.
UCI_Dataset;12/05/04 21:00;1;MODERADO;R02_NO2_MODERADO;Monitorizar evolucão. Sensiveis reduzam atividade ao ar livre.
UCI_Dataset;12/05/04 22:00;0;NORMAL;;Sem ação necessária.
UCI_Dataset;12/05/04 23:00;0;NORMAL;;Sem ação necessária.
UCI_Dataset;13/05/04 00:00;0;NORMAL;;Sem ação necessária.
UCI_Dataset;13/05/04 01:00;0;NORMAL;;Sem ação necessária.
UCI_Dataset;13/05/04 02:00;0;NORMAL;;Sem ação necessária.
UCI_Dataset;13/05/04 03:00;0;NORMAL;;Sem ação necessária.
UCI_Dataset;13/05/04 04:00;0;NORMAL;;Sem ação necessária.
UCI_Dataset;13/05/04 05:00;0;NORMAL;;Sem ação necessária.
UCI_Dataset;13/05/04 06:00;0;NORMAL;;Sem ação necessária.
UCI_Dataset;13/05/04 07:00;1;MODERADO;R02_NO2_MODERADO;Monitorizar evolucão. Sensiveis reduzam atividade ao ar livre.
UCI_Dataset;13/05/04 08:00;1;MODERADO;R02_NO2_MODERADO;Monitorizar evolucão. Sensiveis reduzam atividade ao ar livre.
UCI_Dataset;13/05/04 09:00;1;MODERADO;R02_NO2_MODERADO;Monitorizar evolucão. Sensiveis reduzam atividade ao ar livre.
UCI_Dataset;13/05/04 10:00;1;MODERADO;R02_NO2_MODERADO;Monitorizar evolucão. Sensiveis reduzam atividade ao ar livre.
UCI_Dataset;13/05/04 11:00;0;NORMAL;;Sem ação necessária.
UCI_Dataset;13/05/04 12:00;0;NORMAL;;Sem ação necessária.
UCI_Dataset;13/05/04 13:00;0;NORMAL;;Sem ação necessária.
UCI_Dataset;13/05/04 14:00;0;NORMAL;;Sem ação necessária.
UCI_Dataset;13/05/04 15:00;0;NORMAL;;Sem ação necessária.
UCI_Dataset;13/05/04 16:00;1;MODERADO;R02_NO2_MODERADO;Monitorizar evolucão. Sensiveis reduzam atividade ao ar livre.
UCI_Dataset;13/05/04 17:00;1;MODERADO;R02_NO2_MODERADO;Monitorizar evolucão. Sensiveis reduzam atividade ao ar livre.
UCI_Dataset;13/05/04 18:00;1;MODERADO;R02_NO2_MODERADO;Monitorizar evolucão. Sensiveis reduzam atividade ao ar livre.
UCI_Dataset;13/05/04 19:00;1;MODERADO;R02_NO2_MODERADO;Monitorizar evolucão. Sensiveis reduzam atividade ao ar livre.
UCI_Dataset;13/05/04 20:00;1;MODERADO;R02_NO2_MODERADO;Monitorizar evolucão. Sensiveis reduzam atividade ao ar livre.
UCI_Dataset;13/05/04 21:00;1;MODERADO;R02_NO2_MODERADO;Monitorizar evolucão. Sensiveis reduzam atividade ao ar livre.
UCI_Dataset;13/05/04 22:00;1;MODERADO;R02_NO2_MODERADO;Monitorizar evolucão. Sensiveis reduzam atividade ao ar livre.
UCI_Dataset;13/05/04 23:00;1;MODERADO;R02_NO2_MODERADO;Monitorizar evolucão. Sensiveis reduzam atividade ao ar livre.
UCI_Dataset;14/05/04 00:00;1;MODERADO;R02_NO2_MODERADO;Monitorizar evolucão. Sensiveis reduzam atividade ao ar livre.
UCI_Dataset;14/05/04 01:00;1;MODERADO;R02_NO2_MODERADO;Monitorizar evolucão. Sensiveis reduzam atividade ao ar livre.
UCI_Dataset;14/05/04 02:00;0;NORMAL;;Sem ação necessária.
UCI_Dataset;14/05/04 03:00;0;NORMAL;;Sem ação necessária.
UCI_Dataset;14/05/04 04:00;0;NORMAL;;Sem ação necessária.
UCI_Dataset;14/05/04 05:00;1;MODERADO;R02_NO2_MODERADO;Monitorizar evolucão. Sensiveis reduzam atividade ao ar livre.
UCI_Dataset;14/05/04 06:00;0;NORMAL;;Sem ação necessária.
UCI_Dataset;14/05/04 07:00;1;MODERADO;R02_NO2_MODERADO;Monitorizar evolucão. Sensiveis reduzam atividade ao ar livre.
UCI_Dataset;14/05/04 08:00;0;NORMAL;;Sem ação necessária.
UCI_Dataset;14/05/04 09:00;1;MODERADO;R02_NO2_MODERADO;Monitorizar evolucão. Sensiveis reduzam atividade ao ar livre.
UCI_Dataset;14/05/04 10:00;1;MODERADO;R02_NO2_MODERADO;Monitorizar evolucão. Sensiveis reduzam atividade ao ar livre.
UCI_Dataset;14/05/04 11:00;1;MODERADO;R02_NO2_MODERADO;Monitorizar evolucão. Sensiveis reduzam atividade ao ar livre.
UCI_Dataset;14/05/04 12:00;0;NORMAL;;Sem ação necessária.
UCI_Dataset;14/05/04 13:00;1;MODERADO;R02_NO2_MODERADO;Monitorizar evolucão. Sensiveis reduzam atividade ao ar livre.
UCI_Dataset;14/05/04 14:00;1;MODERADO;R02_NO2_MODERADO;Monitorizar evolucão. Sensiveis reduzam atividade ao ar livre.
UCI_Dataset;14/05/04 15:00;1;MODERADO;R02_NO2_MODERADO;Monitorizar evolucão. Sensiveis reduzam atividade ao ar livre.
UCI_Dataset;14/05/04 16:00;1;MODERADO;R02_NO2_MODERADO;Monitorizar evolucão. Sensiveis reduzam atividade ao ar livre.
UCI_Dataset;14/05/04 17:00;1;MODERADO;R02_NO2_MODERADO;Monitorizar evolucão. Sensiveis reduzam atividade ao ar livre.
UCI_Dataset;14/05/04 18:00;1;MODERADO;R02_NO2_MODERADO;Monitorizar evolucão. Sensiveis reduzam atividade ao ar livre.
UCI_Dataset;14/05/04 19:00;1;MODERADO;R02_NO2_MODERADO;Monitorizar evolucão. Sensiveis reduzam atividade ao ar livre.
UCI_Dataset;14/05/04 20:00;1;MODERADO;R02_NO2_MODERADO;Monitorizar evolucão. Sensiveis reduzam atividade ao ar livre.
UCI_Dataset;14/05/04 21:00;1;MODERADO;R02_NO2_MODERADO;Monitorizar evolucão. Sensiveis reduzam atividade ao ar livre.
UCI_Dataset;14/05/04 22:00;1;MODERADO;R02_NO2_MODERADO;Monitorizar evolucão. Sensiveis reduzam atividade ao ar livre.
UCI_Dataset;14/05/04 23:00;1;MODERADO;R02_NO2_MODERADO;Monitorizar evolucão. Sensiveis reduzam atividade ao ar livre.
UCI_Dataset;15/05/04 00:00;1;MODERADO;R02_NO2_MODERADO;Monitorizar evolucão. Sensiveis reduzam atividade ao ar livre.
UCI_Dataset;15/05/04 01:00;0;NORMAL;;Sem ação necessária.
UCI_Dataset;15/05/04 02:00;0;NORMAL;;Sem ação necessária.
UCI_Dataset;15/05/04 03:00;0;NORMAL;;Sem ação necessária.
UCI_Dataset;15/05/04 04:00;0;NORMAL;;Sem ação necessária.
UCI_Dataset;15/05/04 05:00;0;NORMAL;;Sem ação necessária.
UCI_Dataset;15/05/04 06:00;0;NORMAL;;Sem ação necessária.
UCI_Dataset;15/05/04 07:00;0;NORMAL;;Sem ação necessária.
UCI_Dataset;15/05/04 08:00;1;MODERADO;R02_NO2_MODERADO;Monitorizar evolucão. Sensiveis reduzam atividade ao ar livre.
UCI_Dataset;15/05/04 09:00;1;MODERADO;R02_NO2_MODERADO;Monitorizar evolucão. Sensiveis reduzam atividade ao ar livre.
UCI_Dataset;15/05/04 10:00;1;MODERADO;R02_NO2_MODERADO;Monitorizar evolucão. Sensiveis reduzam atividade ao ar livre.
UCI_Dataset;15/05/04 11:00;0;NORMAL;;Sem ação necessária.
UCI_Dataset;15/05/04 12:00;0;NORMAL;;Sem ação necessária.
UCI_Dataset;15/05/04 13:00;0;NORMAL;;Sem ação necessária.
UCI_Dataset;15/05/04 14:00;0;NORMAL;;Sem ação necessária.
UCI_Dataset;15/05/04 15:00;0;NORMAL;;Sem ação necessária.
UCI_Dataset;15/05/04 16:00;0;NORMAL;;Sem ação necessária.
UCI_Dataset;15/05/04 17:00;0;NORMAL;;Sem ação necessária.
UCI_Dataset;15/05/04 18:00;1;MODERADO;R02_NO2_MODERADO;Monitorizar evolucão. Sensiveis reduzam atividade ao ar livre.
UCI_Dataset;15/05/04 19:00;1;MODERADO;R02_NO2_MODERADO;Monitorizar evolucão. Sensiveis reduzam atividade ao ar livre.
UCI_Dataset;15/05/04 20:00;1;MODERADO;R02_NO2_MODERADO;Monitorizar evolucão. Sensiveis reduzam atividade ao ar livre.
UCI_Dataset;15/05/04 21:00;1;MODERADO;R02_NO2_MODERADO;Monitorizar evolucão. Sensiveis reduzam atividade ao ar livre.
UCI_Dataset;15/05/04 22:00;0;NORMAL;;Sem ação necessária.
UCI_Dataset;15/05/04 23:00;1;MODERADO;R02_NO2_MODERADO;Monitorizar evolucão. Sensiveis reduzam atividade ao ar livre.
UCI_Dataset;16/05/04 00:00;0;NORMAL;;Sem ação necessária.
UCI_Dataset;16/05/04 01:00;0;NORMAL;;Sem ação necessária.
UCI_Dataset;16/05/04 02:00;0;NORMAL;;Sem ação necessária.
UCI_Dataset;16/05/04 03:00;0;NORMAL;;Sem ação necessária.
UCI_Dataset;16/05/04 04:00;0;NORMAL;;Sem ação necessária.
UCI_Dataset;16/05/04 05:00;0;NORMAL;;Sem ação necessária.
UCI_Dataset;16/05/04 06:00;0;NORMAL;;Sem ação necessária.
UCI_Dataset;16/05/04 07:00;0;NORMAL;;Sem ação necessária.
UCI_Dataset;16/05/04 08:00;0;NORMAL;;Sem ação necessária.
UCI_Dataset;16/05/04 09:00;0;NORMAL;;Sem ação necessária.
UCI_Dataset;16/05/04 10:00;1;MODERADO;R02_NO2_MODERADO;Monitorizar evolucão. Sensiveis reduzam atividade ao ar livre.
UCI_Dataset;16/05/04 11:00;0;NORMAL;;Sem ação necessária.
UCI_Dataset;16/05/04 12:00;0;NORMAL;;Sem ação necessária.
UCI_Dataset;16/05/04 13:00;0;NORMAL;;Sem ação necessária.
UCI_Dataset;16/05/04 14:00;0;NORMAL;;Sem ação necessária.
UCI_Dataset;16/05/04 15:00;0;NORMAL;;Sem ação necessária.
UCI_Dataset;16/05/04 16:00;0;NORMAL;;Sem ação necessária.
UCI_Dataset;16/05/04 17:00;1;MODERADO;R02_NO2_MODERADO;Monitorizar evolucão. Sensiveis reduzam atividade ao ar livre.
UCI_Dataset;16/05/04 18:00;1;MODERADO;R02_NO2_MODERADO;Monitorizar evolucão. Sensiveis reduzam atividade ao ar livre.
UCI_Dataset;16/05/04 19:00;1;MODERADO;R02_NO2_MODERADO;Monitorizar evolucão. Sensiveis reduzam atividade ao ar livre.
UCI_Dataset;16/05/04 20:00;1;MODERADO;R02_NO2_MODERADO;Monitorizar evolucão. Sensiveis reduzam atividade ao ar livre.
UCI_Dataset;16/05/04 21:00;0;NORMAL;;Sem ação necessária.
UCI_Dataset;16/05/04 22:00;0;NORMAL;;Sem ação necessária.
UCI_Dataset;16/05/04 23:00;0;NORMAL;;Sem ação necessária.
UCI_Dataset;17/05/04 00:00;0;NORMAL;;Sem ação necessária.
UCI_Dataset;17/05/04 01:00;0;NORMAL;;Sem ação necessária.
UCI_Dataset;17/05/04 02:00;0;NORMAL;;Sem ação necessária.
UCI_Dataset;17/05/04 03:00;0;NORMAL;;Sem ação necessária.
UCI_Dataset;17/05/04 04:00;0;NORMAL;;Sem ação necessária.
UCI_Dataset;17/05/04 05:00;0;NORMAL;;Sem ação necessária.
UCI_Dataset;17/05/04 06:00;1;MODERADO;R02_NO2_MODERADO;Monitorizar evolucão. Sensiveis reduzam atividade ao ar livre.
UCI_Dataset;17/05/04 07:00;1;MODERADO;R02_NO2_MODERADO;Monitorizar evolucão. Sensiveis reduzam atividade ao ar livre.
UCI_Dataset;17/05/04 08:00;1;MODERADO;R02_NO2_MODERADO;Monitorizar evolucão. Sensiveis reduzam atividade ao ar livre.
UCI_Dataset;17/05/04 09:00;0;NORMAL;;Sem ação necessária.
UCI_Dataset;17/05/04 10:00;0;NORMAL;;Sem ação necessária.
UCI_Dataset;17/05/04 11:00;0;NORMAL;;Sem ação necessária.
UCI_Dataset;17/05/04 12:00;0;NORMAL;;Sem ação necessária.
UCI_Dataset;17/05/04 13:00;0;NORMAL;;Sem ação necessária.
UCI_Dataset;17/05/04 14:00;0;NORMAL;;Sem ação necessária.
UCI_Dataset;17/05/04 15:00;0;NORMAL;;Sem ação necessária.
UCI_Dataset;17/05/04 16:00;0;NORMAL;;Sem ação necessária.
UCI_Dataset;17/05/04 17:00;1;MODERADO;R02_NO2_MODERADO;Monitorizar evolucão. Sensiveis reduzam atividade ao ar livre.
UCI_Dataset;17/05/04 18:00;1;MODERADO;R02_NO2_MODERADO;Monitorizar evolucão. Sensiveis reduzam atividade ao ar livre.
UCI_Dataset;17/05/04 19:00;1;MODERADO;R02_NO2_MODERADO;Monitorizar evolucão. Sensiveis reduzam atividade ao ar livre.
UCI_Dataset;17/05/04 20:00;1;MODERADO;R02_NO2_MODERADO;Monitorizar evolucão. Sensiveis reduzam atividade ao ar livre.
UCI_Dataset;17/05/04 21:00;0;NORMAL;;Sem ação necessária.
UCI_Dataset;17/05/04 22:00;0;NORMAL;;Sem ação necessária.
UCI_Dataset;17/05/04 23:00;0;NORMAL;;Sem ação necessária.
UCI_Dataset;18/05/04 00:00;0;NORMAL;;Sem ação necessária.
UCI_Dataset;18/05/04 01:00;0;NORMAL;;Sem ação necessária.
UCI_Dataset;18/05/04 02:00;0;NORMAL;;Sem ação necessária.
UCI_Dataset;18/05/04 03:00;0;NORMAL;;Sem ação necessária.
UCI_Dataset;18/05/04 04:00;0;NORMAL;;Sem ação necessária.
UCI_Dataset;18/05/04 05:00;0;NORMAL;;Sem ação necessária.
UCI_Dataset;18/05/04 06:00;0;NORMAL;;Sem ação necessária.
UCI_Dataset;18/05/04 07:00;0;NORMAL;;Sem ação necessária.
UCI_Dataset;18/05/04 08:00;1;MODERADO;R02_NO2_MODERADO;Monitorizar evolucão. Sensiveis reduzam atividade ao ar livre.
UCI_Dataset;18/05/04 09:00;1;MODERADO;R02_NO2_MODERADO;Monitorizar evolucão. Sensiveis reduzam atividade ao ar livre.
UCI_Dataset;18/05/04 10:00;1;MODERADO;R02_NO2_MODERADO;Monitorizar evolucão. Sensiveis reduzam atividade ao ar livre.
UCI_Dataset;18/05/04 11:00;1;MODERADO;R02_NO2_MODERADO;Monitorizar evolucão. Sensiveis reduzam atividade ao ar livre.
UCI_Dataset;18/05/04 12:00;1;MODERADO;R02_NO2_MODERADO;Monitorizar evolucão. Sensiveis reduzam atividade ao ar livre.
UCI_Dataset;18/05/04 13:00;1;MODERADO;R02_NO2_MODERADO;Monitorizar evolucão. Sensiveis reduzam atividade ao ar livre.
UCI_Dataset;18/05/04 14:00;1;MODERADO;R02_NO2_MODERADO;Monitorizar evolucão. Sensiveis reduzam atividade ao ar livre.
UCI_Dataset;18/05/04 15:00;1;MODERADO;R02_NO2_MODERADO;Monitorizar evolucão. Sensiveis reduzam atividade ao ar livre.
UCI_Dataset;18/05/04 16:00;1;MODERADO;R02_NO2_MODERADO;Monitorizar evolucão. Sensiveis reduzam atividade ao ar livre.
UCI_Dataset;18/05/04 17:00;1;MODERADO;R02_NO2_MODERADO;Monitorizar evolucão. Sensiveis reduzam atividade ao ar livre.
UCI_Dataset;18/05/04 18:00;1;MODERADO;R02_NO2_MODERADO;Monitorizar evolucão. Sensiveis reduzam atividade ao ar livre.
UCI_Dataset;18/05/04 19:00;1;MODERADO;R02_NO2_MODERADO;Monitorizar evolucão. Sensiveis reduzam atividade ao ar livre.
UCI_Dataset;18/05/04 20:00;1;MODERADO;R02_NO2_MODERADO;Monitorizar evolucão. Sensiveis reduzam atividade ao ar livre.
UCI_Dataset;18/05/04 21:00;1;MODERADO;R02_NO2_MODERADO;Monitorizar evolucão. Sensiveis reduzam atividade ao ar livre.
UCI_Dataset;18/05/04 22:00;0;NORMAL;;Sem ação necessária.
UCI_Dataset;18/05/04 23:00;0;NORMAL;;Sem ação necessária.
UCI_Dataset;19/05/04 00:00;0;NORMAL;;Sem ação necessária.
UCI_Dataset;19/05/04 01:00;0;NORMAL;;Sem ação necessária.
UCI_Dataset;19/05/04 02:00;0;NORMAL;;Sem ação necessária.
UCI_Dataset;19/05/04 03:00;0;NORMAL;;Sem ação necessária.
UCI_Dataset;19/05/04 04:00;0;NORMAL;;Sem ação necessária.
UCI_Dataset;19/05/04 05:00;0;NORMAL;;Sem ação necessária.
UCI_Dataset;19/05/04 06:00;0;NORMAL;;Sem ação necessária.
UCI_Dataset;19/05/04 07:00;0;NORMAL;;Sem ação necessária.
UCI_Dataset;19/05/04 08:00;1;MODERADO;R02_NO2_MODERADO;Monitorizar evolucão. Sensiveis reduzam atividade ao ar livre.
UCI_Dataset;19/05/04 09:00;1;MODERADO;R02_NO2_MODERADO;Monitorizar evolucão. Sensiveis reduzam atividade ao ar livre.
UCI_Dataset;19/05/04 10:00;1;MODERADO;R02_NO2_MODERADO;Monitorizar evolucão. Sensiveis reduzam atividade ao ar livre.
UCI_Dataset;19/05/04 11:00;1;MODERADO;R02_NO2_MODERADO;Monitorizar evolucão. Sensiveis reduzam atividade ao ar livre.
UCI_Dataset;19/05/04 12:00;1;MODERADO;R02_NO2_MODERADO;Monitorizar evolucão. Sensiveis reduzam atividade ao ar livre.
UCI_Dataset;19/05/04 13:00;1;MODERADO;R02_NO2_MODERADO;Monitorizar evolucão. Sensiveis reduzam atividade ao ar livre.
UCI_Dataset;19/05/04 14:00;1;MODERADO;R02_NO2_MODERADO;Monitorizar evolucão. Sensiveis reduzam atividade ao ar livre.
UCI_Dataset;19/05/04 15:00;1;MODERADO;R02_NO2_MODERADO;Monitorizar evolucão. Sensiveis reduzam atividade ao ar livre.
UCI_Dataset;19/05/04 16:00;1;MODERADO;R02_NO2_MODERADO;Monitorizar evolucão. Sensiveis reduzam atividade ao ar livre.
UCI_Dataset;19/05/04 17:00;1;MODERADO;R02_NO2_MODERADO;Monitorizar evolucão. Sensiveis reduzam atividade ao ar livre.
UCI_Dataset;19/05/04 18:00;1;MODERADO;R02_NO2_MODERADO;Monitorizar evolucão. Sensiveis reduzam atividade ao ar livre.
UCI_Dataset;19/05/04 19:00;1;MODERADO;R02_NO2_MODERADO;Monitorizar evolucão. Sensiveis reduzam atividade ao ar livre.
UCI_Dataset;19/05/04 20:00;1;MODERADO;R02_NO2_MODERADO;Monitorizar evolucão. Sensiveis reduzam atividade ao ar livre.
UCI_Dataset;19/05/04 21:00;1;MODERADO;R02_NO2_MODERADO;Monitorizar evolucão. Sensiveis reduzam atividade ao ar livre.
UCI_Dataset;19/05/04 22:00;1;MODERADO;R02_NO2_MODERADO;Monitorizar evolucão. Sensiveis reduzam atividade ao ar livre.
UCI_Dataset;19/05/04 23:00;1;MODERADO;R02_NO2_MODERADO;Monitorizar evolucão. Sensiveis reduzam atividade ao ar livre.
UCI_Dataset;20/05/04 00:00;1;MODERADO;R02_NO2_MODERADO;Monitorizar evolucão. Sensiveis reduzam atividade ao ar livre.
UCI_Dataset;20/05/04 01:00;0;NORMAL;;Sem ação necessária.
UCI_Dataset;20/05/04 02:00;0;NORMAL;;Sem ação necessária.
UCI_Dataset;20/05/04 03:00;0;NORMAL;;Sem ação necessária.
UCI_Dataset;20/05/04 04:00;0;NORMAL;;Sem ação necessária.
UCI_Dataset;20/05/04 05:00;0;NORMAL;;Sem ação necessária.
UCI_Dataset;20/05/04 06:00;0;NORMAL;;Sem ação necessária.
UCI_Dataset;20/05/04 07:00;0;NORMAL;;Sem ação necessária.
UCI_Dataset;20/05/04 08:00;1;MODERADO;R02_NO2_MODERADO;Monitorizar evolucão. Sensiveis reduzam atividade ao ar livre.
UCI_Dataset;20/05/04 09:00;0;NORMAL;;Sem ação necessária.
UCI_Dataset;20/05/04 10:00;1;MODERADO;R02_NO2_MODERADO;Monitorizar evolucão. Sensiveis reduzam atividade ao ar livre.
UCI_Dataset;20/05/04 11:00;1;MODERADO;R02_NO2_MODERADO;Monitorizar evolucão. Sensiveis reduzam atividade ao ar livre.
UCI_Dataset;20/05/04 12:00;1;MODERADO;R02_NO2_MODERADO;Monitorizar evolucão. Sensiveis reduzam atividade ao ar livre.
UCI_Dataset;20/05/04 13:00;1;MODERADO;R02_NO2_MODERADO;Monitorizar evolucão. Sensiveis reduzam atividade ao ar livre.
UCI_Dataset;20/05/04 14:00;1;MODERADO;R02_NO2_MODERADO;Monitorizar evolucão. Sensiveis reduzam atividade ao ar livre.
UCI_Dataset;20/05/04 15:00;1;MODERADO;R02_NO2_MODERADO;Monitorizar evolucão. Sensiveis reduzam atividade ao ar livre.
UCI_Dataset;20/05/04 16:00;1;MODERADO;R02_NO2_MODERADO;Monitorizar evolucão. Sensiveis reduzam atividade ao ar livre.
UCI_Dataset;20/05/04 17:00;1;MODERADO;R02_NO2_MODERADO;Monitorizar evolucão. Sensiveis reduzam atividade ao ar livre.
UCI_Dataset;20/05/04 18:00;1;MODERADO;R02_NO2_MODERADO;Monitorizar evolucão. Sensiveis reduzam atividade ao ar livre.
UCI_Dataset;20/05/04 19:00;1;MODERADO;R02_NO2_MODERADO;Monitorizar evolucão. Sensiveis reduzam atividade ao ar livre.
UCI_Dataset;20/05/04 20:00;1;MODERADO;R02_NO2_MODERADO;Monitorizar evolucão. Sensiveis reduzam atividade ao ar livre.
UCI_Dataset;20/05/04 21:00;1;MODERADO;R02_NO2_MODERADO;Monitorizar evolucão. Sensiveis reduzam atividade ao ar livre.
UCI_Dataset;20/05/04 22:00;1;MODERADO;R02_NO2_MODERADO;Monitorizar evolucão. Sensiveis reduzam atividade ao ar livre.
UCI_Dataset;20/05/04 23:00;1;MODERADO;R02_NO2_MODERADO;Monitorizar evolucão. Sensiveis reduzam atividade ao ar livre.
UCI_Dataset;21/05/04 00:00;0;NORMAL;;Sem ação necessária.
UCI_Dataset;21/05/04 01:00;0;NORMAL;;Sem ação necessária.
UCI_Dataset;21/05/04 02:00;0;NORMAL;;Sem ação necessária.
UCI_Dataset;21/05/04 03:00;0;NORMAL;;Sem ação necessária.
UCI_Dataset;21/05/04 04:00;0;NORMAL;;Sem ação necessária.
UCI_Dataset;21/05/04 05:00;0;NORMAL;;Sem ação necessária.
UCI_Dataset;21/05/04 06:00;0;NORMAL;;Sem ação necessária.
UCI_Dataset;21/05/04 07:00;1;MODERADO;R02_NO2_MODERADO;Monitorizar evolucão. Sensiveis reduzam atividade ao ar livre.
UCI_Dataset;21/05/04 08:00;1;MODERADO;R02_NO2_MODERADO;Monitorizar evolucão. Sensiveis reduzam atividade ao ar livre.
UCI_Dataset;21/05/04 09:00;1;MODERADO;R02_NO2_MODERADO;Monitorizar evolucão. Sensiveis reduzam atividade ao ar livre.
UCI_Dataset;21/05/04 10:00;1;MODERADO;R02_NO2_MODERADO;Monitorizar evolucão. Sensiveis reduzam atividade ao ar livre.
UCI_Dataset;21/05/04 11:00;1;MODERADO;R02_NO2_MODERADO;Monitorizar evolucão. Sensiveis reduzam atividade ao ar livre.
UCI_Dataset;21/05/04 12:00;1;MODERADO;R02_NO2_MODERADO;Monitorizar evolucão. Sensiveis reduzam atividade ao ar livre.
UCI_Dataset;21/05/04 13:00;0;NORMAL;;Sem ação necessária.
UCI_Dataset;21/05/04 14:00;0;NORMAL;;Sem ação necessária.
UCI_Dataset;21/05/04 15:00;1;MODERADO;R02_NO2_MODERADO;Monitorizar evolucão. Sensiveis reduzam atividade ao ar livre.
UCI_Dataset;21/05/04 16:00;1;MODERADO;R02_NO2_MODERADO;Monitorizar evolucão. Sensiveis reduzam atividade ao ar livre.
UCI_Dataset;21/05/04 17:00;1;MODERADO;R02_NO2_MODERADO;Monitorizar evolucão. Sensiveis reduzam atividade ao ar livre.
UCI_Dataset;21/05/04 18:00;1;MODERADO;R02_NO2_MODERADO;Monitorizar evolucão. Sensiveis reduzam atividade ao ar livre.
UCI_Dataset;21/05/04 19:00;1;MODERADO;R02_NO2_MODERADO;Monitorizar evolucão. Sensiveis reduzam atividade ao ar livre.
UCI_Dataset;21/05/04 20:00;1;MODERADO;R02_NO2_MODERADO;Monitorizar evolucão. Sensiveis reduzam atividade ao ar livre.
UCI_Dataset;21/05/04 21:00;1;MODERADO;R02_NO2_MODERADO;Monitorizar evolucão. Sensiveis reduzam atividade ao ar livre.
UCI_Dataset;21/05/04 22:00;1;MODERADO;R02_NO2_MODERADO;Monitorizar evolucão. Sensiveis reduzam atividade ao ar livre.
UCI_Dataset;21/05/04 23:00;1;MODERADO;R02_NO2_MODERADO;Monitorizar evolucão. Sensiveis reduzam atividade ao ar livre.
UCI_Dataset;22/05/04 00:00;1;MODERADO;R02_NO2_MODERADO;Monitorizar evolucão. Sensiveis reduzam atividade ao ar livre.
UCI_Dataset;22/05/04 01:00;1;MODERADO;R02_NO2_MODERADO;Monitorizar evolucão. Sensiveis reduzam atividade ao ar livre.
UCI_Dataset;22/05/04 02:00;0;NORMAL;;Sem ação necessária.
UCI_Dataset;22/05/04 03:00;0;NORMAL;;Sem ação necessária.
UCI_Dataset;22/05/04 04:00;0;NORMAL;;Sem ação necessária.
UCI_Dataset;22/05/04 05:00;0;NORMAL;;Sem ação necessária.
UCI_Dataset;22/05/04 06:00;0;NORMAL;;Sem ação necessária.
UCI_Dataset;22/05/04 07:00;0;NORMAL;;Sem ação necessária.
UCI_Dataset;22/05/04 08:00;0;NORMAL;;Sem ação necessária.
UCI_Dataset;22/05/04 09:00;1;MODERADO;R02_NO2_MODERADO;Monitorizar evolucão. Sensiveis reduzam atividade ao ar livre.
UCI_Dataset;22/05/04 10:00;0;NORMAL;;Sem ação necessária.
UCI_Dataset;22/05/04 11:00;0;NORMAL;;Sem ação necessária.
UCI_Dataset;22/05/04 12:00;1;MODERADO;R02_NO2_MODERADO;Monitorizar evolucão. Sensiveis reduzam atividade ao ar livre.
UCI_Dataset;22/05/04 13:00;0;NORMAL;;Sem ação necessária.
UCI_Dataset;22/05/04 14:00;0;NORMAL;;Sem ação necessária.
UCI_Dataset;22/05/04 15:00;0;NORMAL;;Sem ação necessária.
UCI_Dataset;22/05/04 16:00;1;MODERADO;R02_NO2_MODERADO;Monitorizar evolucão. Sensiveis reduzam atividade ao ar livre.
UCI_Dataset;22/05/04 17:00;1;MODERADO;R02_NO2_MODERADO;Monitorizar evolucão. Sensiveis reduzam atividade ao ar livre.
UCI_Dataset;22/05/04 18:00;1;MODERADO;R02_NO2_MODERADO;Monitorizar evolucão. Sensiveis reduzam atividade ao ar livre.
UCI_Dataset;22/05/04 19:00;1;MODERADO;R02_NO2_MODERADO;Monitorizar evolucão. Sensiveis reduzam atividade ao ar livre.
UCI_Dataset;22/05/04 20:00;0;NORMAL;;Sem ação necessária.
UCI_Dataset;22/05/04 21:00;0;NORMAL;;Sem ação necessária.
UCI_Dataset;22/05/04 22:00;0;NORMAL;;Sem ação necessária.
UCI_Dataset;22/05/04 23:00;1;MODERADO;R02_NO2_MODERADO;Monitorizar evolucão. Sensiveis reduzam atividade ao ar livre.
UCI_Dataset;23/05/04 00:00;1;MODERADO;R02_NO2_MODERADO;Monitorizar evolucão. Sensiveis reduzam atividade ao ar livre.
UCI_Dataset;23/05/04 01:00;1;MODERADO;R02_NO2_MODERADO;Monitorizar evolucão. Sensiveis reduzam atividade ao ar livre.
UCI_Dataset;23/05/04 02:00;0;NORMAL;;Sem ação necessária.
UCI_Dataset;23/05/04 03:00;0;NORMAL;;Sem ação necessária.
UCI_Dataset;23/05/04 04:00;0;NORMAL;;Sem ação necessária.
UCI_Dataset;23/05/04 05:00;0;NORMAL;;Sem ação necessária.
UCI_Dataset;23/05/04 06:00;0;NORMAL;;Sem ação necessária.
UCI_Dataset;23/05/04 07:00;0;NORMAL;;Sem ação necessária.
UCI_Dataset;23/05/04 08:00;0;NORMAL;;Sem ação necessária.
UCI_Dataset;23/05/04 09:00;0;NORMAL;;Sem ação necessária.
UCI_Dataset;23/05/04 10:00;0;NORMAL;;Sem ação necessária.
UCI_Dataset;23/05/04 11:00;0;NORMAL;;Sem ação necessária.
UCI_Dataset;23/05/04 12:00;0;NORMAL;;Sem ação necessária.
UCI_Dataset;23/05/04 13:00;0;NORMAL;;Sem ação necessária.
UCI_Dataset;23/05/04 14:00;0;NORMAL;;Sem ação necessária.
UCI_Dataset;23/05/04 15:00;0;NORMAL;;Sem ação necessária.
UCI_Dataset;23/05/04 16:00;0;NORMAL;;Sem ação necessária.
UCI_Dataset;23/05/04 17:00;0;NORMAL;;Sem ação necessária.
UCI_Dataset;23/05/04 18:00;0;NORMAL;;Sem ação necessária.
UCI_Dataset;23/05/04 19:00;0;NORMAL;;Sem ação necessária.
UCI_Dataset;23/05/04 20:00;0;NORMAL;;Sem ação necessária.
UCI_Dataset;23/05/04 21:00;0;NORMAL;;Sem ação necessária.
UCI_Dataset;23/05/04 22:00;0;NORMAL;;Sem ação necessária.
UCI_Dataset;23/05/04 23:00;0;NORMAL;;Sem ação necessária.
UCI_Dataset;24/05/04 00:00;0;NORMAL;;Sem ação necessária.
UCI_Dataset;24/05/04 01:00;0;NORMAL;;Sem ação necessária.
UCI_Dataset;24/05/04 02:00;0;NORMAL;;Sem ação necessária.
UCI_Dataset;24/05/04 03:00;0;NORMAL;;Sem ação necessária.
UCI_Dataset;24/05/04 04:00;0;NORMAL;;Sem ação necessária.
UCI_Dataset;24/05/04 05:00;0;NORMAL;;Sem ação necessária.
UCI_Dataset;24/05/04 06:00;0;NORMAL;;Sem ação necessária.
UCI_Dataset;24/05/04 07:00;1;MODERADO;R02_NO2_MODERADO;Monitorizar evolucão. Sensiveis reduzam atividade ao ar livre.
UCI_Dataset;24/05/04 08:00;0;NORMAL;;Sem ação necessária.
UCI_Dataset;24/05/04 09:00;0;NORMAL;;Sem ação necessária.
UCI_Dataset;24/05/04 10:00;0;NORMAL;;Sem ação necessária.
UCI_Dataset;24/05/04 11:00;0;NORMAL;;Sem ação necessária.
UCI_Dataset;24/05/04 12:00;0;NORMAL;;Sem ação necessária.
UCI_Dataset;24/05/04 13:00;0;NORMAL;;Sem ação necessária.
UCI_Dataset;24/05/04 14:00;0;NORMAL;;Sem ação necessária.
UCI_Dataset;24/05/04 15:00;0;NORMAL;;Sem ação necessária.
UCI_Dataset;24/05/04 16:00;0;NORMAL;;Sem ação necessária.
UCI_Dataset;24/05/04 17:00;1;MODERADO;R02_NO2_MODERADO;Monitorizar evolucão. Sensiveis reduzam atividade ao ar livre.
UCI_Dataset;24/05/04 18:00;1;MODERADO;R02_NO2_MODERADO;Monitorizar evolucão. Sensiveis reduzam atividade ao ar livre.
UCI_Dataset;24/05/04 19:00;1;MODERADO;R02_NO2_MODERADO;Monitorizar evolucão. Sensiveis reduzam atividade ao ar livre.
UCI_Dataset;24/05/04 20:00;0;NORMAL;;Sem ação necessária.
UCI_Dataset;24/05/04 21:00;0;NORMAL;;Sem ação necessária.
UCI_Dataset;24/05/04 22:00;0;NORMAL;;Sem ação necessária.
UCI_Dataset;24/05/04 23:00;0;NORMAL;;Sem ação necessária.
UCI_Dataset;25/05/04 00:00;0;NORMAL;;Sem ação necessária.
UCI_Dataset;25/05/04 01:00;0;NORMAL;;Sem ação necessária.
UCI_Dataset;25/05/04 02:00;0;NORMAL;;Sem ação necessária.
UCI_Dataset;25/05/04 03:00;0;NORMAL;;Sem ação necessária.
UCI_Dataset;25/05/04 04:00;0;NORMAL;;Sem ação necessária.
UCI_Dataset;25/05/04 05:00;0;NORMAL;;Sem ação necessária.
UCI_Dataset;25/05/04 06:00;0;NORMAL;;Sem ação necessária.
UCI_Dataset;25/05/04 07:00;0;NORMAL;;Sem ação necessária.
UCI_Dataset;25/05/04 08:00;1;MODERADO;R02_NO2_MODERADO;Monitorizar evolucão. Sensiveis reduzam atividade ao ar livre.
UCI_Dataset;25/05/04 09:00;0;NORMAL;;Sem ação necessária.
UCI_Dataset;25/05/04 10:00;1;MODERADO;R02_NO2_MODERADO;Monitorizar evolucão. Sensiveis reduzam atividade ao ar livre.
UCI_Dataset;25/05/04 11:00;1;MODERADO;R02_NO2_MODERADO;Monitorizar evolucão. Sensiveis reduzam atividade ao ar livre.
UCI_Dataset;25/05/04 12:00;1;MODERADO;R02_NO2_MODERADO;Monitorizar evolucão. Sensiveis reduzam atividade ao ar livre.
UCI_Dataset;25/05/04 13:00;1;MODERADO;R02_NO2_MODERADO;Monitorizar evolucão. Sensiveis reduzam atividade ao ar livre.
UCI_Dataset;25/05/04 14:00;1;MODERADO;R02_NO2_MODERADO;Monitorizar evolucão. Sensiveis reduzam atividade ao ar livre.
UCI_Dataset;25/05/04 15:00;0;NORMAL;;Sem ação necessária.
UCI_Dataset;25/05/04 16:00;0;NORMAL;;Sem ação necessária.
UCI_Dataset;25/05/04 17:00;0;NORMAL;;Sem ação necessária.
UCI_Dataset;25/05/04 18:00;0;NORMAL;;Sem ação necessária.
UCI_Dataset;26/05/04 09:00;0;NORMAL;;Sem ação necessária.
UCI_Dataset;26/05/04 10:00;1;MODERADO;R02_NO2_MODERADO;Monitorizar evolucão. Sensiveis reduzam atividade ao ar livre.
UCI_Dataset;26/05/04 11:00;1;MODERADO;R02_NO2_MODERADO;Monitorizar evolucão. Sensiveis reduzam atividade ao ar livre.
UCI_Dataset;26/05/04 12:00;1;MODERADO;R02_NO2_MODERADO;Monitorizar evolucão. Sensiveis reduzam atividade ao ar livre.
UCI_Dataset;26/05/04 13:00;1;MODERADO;R02_NO2_MODERADO;Monitorizar evolucão. Sensiveis reduzam atividade ao ar livre.
UCI_Dataset;26/05/04 14:00;1;MODERADO;R02_NO2_MODERADO;Monitorizar evolucão. Sensiveis reduzam atividade ao ar livre.
UCI_Dataset;26/05/04 15:00;1;MODERADO;R02_NO2_MODERADO;Monitorizar evolucão. Sensiveis reduzam atividade ao ar livre.
UCI_Dataset;26/05/04 16:00;1;MODERADO;R02_NO2_MODERADO;Monitorizar evolucão. Sensiveis reduzam atividade ao ar livre.
UCI_Dataset;26/05/04 17:00;0;NORMAL;;Sem ação necessária.
UCI_Dataset;26/05/04 18:00;0;NORMAL;;Sem ação necessária.
UCI_Dataset;26/05/04 19:00;0;NORMAL;;Sem ação necessária.
UCI_Dataset;26/05/04 20:00;0;NORMAL;;Sem ação necessária.
UCI_Dataset;26/05/04 21:00;0;NORMAL;;Sem ação necessária.
UCI_Dataset;26/05/04 22:00;0;NORMAL;;Sem ação necessária.
UCI_Dataset;26/05/04 23:00;0;NORMAL;;Sem ação necessária.
UCI_Dataset;27/05/04 00:00;0;NORMAL;;Sem ação necessária.
UCI_Dataset;27/05/04 01:00;0;NORMAL;;Sem ação necessária.
UCI_Dataset;27/05/04 02:00;0;NORMAL;;Sem ação necessária.
UCI_Dataset;27/05/04 03:00;0;NORMAL;;Sem ação necessária.
UCI_Dataset;27/05/04 04:00;0;NORMAL;;Sem ação necessária.
UCI_Dataset;27/05/04 05:00;0;NORMAL;;Sem ação necessária.
UCI_Dataset;27/05/04 06:00;0;NORMAL;;Sem ação necessária.
UCI_Dataset;27/05/04 07:00;0;NORMAL;;Sem ação necessária.
UCI_Dataset;27/05/04 08:00;0;NORMAL;;Sem ação necessária.
UCI_Dataset;27/05/04 09:00;0;NORMAL;;Sem ação necessária.
UCI_Dataset;27/05/04 10:00;0;NORMAL;;Sem ação necessária.
UCI_Dataset;27/05/04 11:00;0;NORMAL;;Sem ação necessária.
UCI_Dataset;27/05/04 12:00;0;NORMAL;;Sem ação necessária.
UCI_Dataset;27/05/04 13:00;0;NORMAL;;Sem ação necessária.
UCI_Dataset;27/05/04 14:00;0;NORMAL;;Sem ação necessária.
UCI_Dataset;27/05/04 15:00;0;NORMAL;;Sem ação necessária.
UCI_Dataset;27/05/04 16:00;0;NORMAL;;Sem ação necessária.
UCI_Dataset;27/05/04 17:00;0;NORMAL;;Sem ação necessária.
UCI_Dataset;27/05/04 18:00;0;NORMAL;;Sem ação necessária.
UCI_Dataset;27/05/04 19:00;0;NORMAL;;Sem ação necessária.
UCI_Dataset;27/05/04 20:00;0;NORMAL;;Sem ação necessária.
UCI_Dataset;27/05/04 21:00;0;NORMAL;;Sem ação necessária.
UCI_Dataset;27/05/04 22:00;0;NORMAL;;Sem ação necessária.
UCI_Dataset;27/05/04 23:00;0;NORMAL;;Sem ação necessária.
UCI_Dataset;28/05/04 00:00;0;NORMAL;;Sem ação necessária.
UCI_Dataset;28/05/04 01:00;0;NORMAL;;Sem ação necessária.
UCI_Dataset;28/05/04 02:00;0;NORMAL;;Sem ação necessária.
UCI_Dataset;28/05/04 03:00;0;NORMAL;;Sem ação necessária.
UCI_Dataset;28/05/04 04:00;0;NORMAL;;Sem ação necessária.
UCI_Dataset;28/05/04 05:00;0;NORMAL;;Sem ação necessária.
UCI_Dataset;28/05/04 06:00;0;NORMAL;;Sem ação necessária.
UCI_Dataset;28/05/04 07:00;0;NORMAL;;Sem ação necessária.
UCI_Dataset;28/05/04 08:00;0;NORMAL;;Sem ação necessária.
UCI_Dataset;28/05/04 09:00;0;NORMAL;;Sem ação necessária.
UCI_Dataset;28/05/04 10:00;0;NORMAL;;Sem ação necessária.
UCI_Dataset;28/05/04 11:00;0;NORMAL;;Sem ação necessária.
UCI_Dataset;28/05/04 12:00;0;NORMAL;;Sem ação necessária.
UCI_Dataset;28/05/04 13:00;0;NORMAL;;Sem ação necessária.
UCI_Dataset;28/05/04 14:00;0;NORMAL;;Sem ação necessária.
UCI_Dataset;28/05/04 15:00;1;MODERADO;R02_NO2_MODERADO;Monitorizar evolucão. Sensiveis reduzam atividade ao ar livre.
UCI_Dataset;28/05/04 16:00;1;MODERADO;R02_NO2_MODERADO;Monitorizar evolucão. Sensiveis reduzam atividade ao ar livre.
UCI_Dataset;28/05/04 17:00;1;MODERADO;R02_NO2_MODERADO;Monitorizar evolucão. Sensiveis reduzam atividade ao ar livre.
UCI_Dataset;28/05/04 18:00;1;MODERADO;R02_NO2_MODERADO;Monitorizar evolucão. Sensiveis reduzam atividade ao ar livre.
UCI_Dataset;28/05/04 19:00;1;MODERADO;R02_NO2_MODERADO;Monitorizar evolucão. Sensiveis reduzam atividade ao ar livre.
UCI_Dataset;28/05/04 20:00;1;MODERADO;R02_NO2_MODERADO;Monitorizar evolucão. Sensiveis reduzam atividade ao ar livre.
UCI_Dataset;28/05/04 21:00;1;MODERADO;R02_NO2_MODERADO;Monitorizar evolucão. Sensiveis reduzam atividade ao ar livre.
UCI_Dataset;28/05/04 22:00;0;NORMAL;;Sem ação necessária.
UCI_Dataset;28/05/04 23:00;1;MODERADO;R02_NO2_MODERADO;Monitorizar evolucão. Sensiveis reduzam atividade ao ar livre.
UCI_Dataset;29/05/04 00:00;1;MODERADO;R02_NO2_MODERADO;Monitorizar evolucão. Sensiveis reduzam atividade ao ar livre.
UCI_Dataset;29/05/04 01:00;1;MODERADO;R02_NO2_MODERADO;Monitorizar evolucão. Sensiveis reduzam atividade ao ar livre.
UCI_Dataset;29/05/04 02:00;0;NORMAL;;Sem ação necessária.
UCI_Dataset;29/05/04 03:00;0;NORMAL;;Sem ação necessária.
UCI_Dataset;29/05/04 04:00;0;NORMAL;;Sem ação necessária.
UCI_Dataset;29/05/04 05:00;0;NORMAL;;Sem ação necessária.
UCI_Dataset;29/05/04 06:00;0;NORMAL;;Sem ação necessária.
UCI_Dataset;29/05/04 07:00;0;NORMAL;;Sem ação necessária.
UCI_Dataset;29/05/04 08:00;0;NORMAL;;Sem ação necessária.
UCI_Dataset;29/05/04 09:00;0;NORMAL;;Sem ação necessária.
UCI_Dataset;29/05/04 10:00;0;NORMAL;;Sem ação necessária.
UCI_Dataset;29/05/04 11:00;0;NORMAL;;Sem ação necessária.
UCI_Dataset;29/05/04 12:00;0;NORMAL;;Sem ação necessária.
UCI_Dataset;29/05/04 13:00;0;NORMAL;;Sem ação necessária.
UCI_Dataset;29/05/04 14:00;0;NORMAL;;Sem ação necessária.
UCI_Dataset;29/05/04 15:00;0;NORMAL;;Sem ação necessária.
UCI_Dataset;29/05/04 16:00;0;NORMAL;;Sem ação necessária.
UCI_Dataset;29/05/04 17:00;0;NORMAL;;Sem ação necessária.
UCI_Dataset;29/05/04 18:00;0;NORMAL;;Sem ação necessária.
UCI_Dataset;29/05/04 19:00;0;NORMAL;;Sem ação necessária.
UCI_Dataset;29/05/04 20:00;1;MODERADO;R02_NO2_MODERADO;Monitorizar evolucão. Sensiveis reduzam atividade ao ar livre.
UCI_Dataset;29/05/04 21:00;1;MODERADO;R02_NO2_MODERADO;Monitorizar evolucão. Sensiveis reduzam atividade ao ar livre.
UCI_Dataset;29/05/04 22:00;0;NORMAL;;Sem ação necessária.
UCI_Dataset;29/05/04 23:00;1;MODERADO;R02_NO2_MODERADO;Monitorizar evolucão. Sensiveis reduzam atividade ao ar livre.
UCI_Dataset;30/05/04 00:00;1;MODERADO;R02_NO2_MODERADO;Monitorizar evolucão. Sensiveis reduzam atividade ao ar livre.
UCI_Dataset;30/05/04 01:00;1;MODERADO;R02_NO2_MODERADO;Monitorizar evolucão. Sensiveis reduzam atividade ao ar livre.
UCI_Dataset;30/05/04 02:00;0;NORMAL;;Sem ação necessária.
UCI_Dataset;30/05/04 03:00;0;NORMAL;;Sem ação necessária.
UCI_Dataset;30/05/04 04:00;0;NORMAL;;Sem ação necessária.
UCI_Dataset;30/05/04 05:00;0;NORMAL;;Sem ação necessária.
UCI_Dataset;30/05/04 06:00;0;NORMAL;;Sem ação necessária.
UCI_Dataset;30/05/04 07:00;0;NORMAL;;Sem ação necessária.
UCI_Dataset;30/05/04 08:00;0;NORMAL;;Sem ação necessária.
UCI_Dataset;30/05/04 09:00;0;NORMAL;;Sem ação necessária.
UCI_Dataset;30/05/04 10:00;0;NORMAL;;Sem ação necessária.
UCI_Dataset;30/05/04 11:00;0;NORMAL;;Sem ação necessária.
UCI_Dataset;30/05/04 12:00;0;NORMAL;;Sem ação necessária.
UCI_Dataset;30/05/04 13:00;0;NORMAL;;Sem ação necessária.
UCI_Dataset;30/05/04 14:00;0;NORMAL;;Sem ação necessária.
UCI_Dataset;30/05/04 15:00;0;NORMAL;;Sem ação necessária.
UCI_Dataset;30/05/04 16:00;0;NORMAL;;Sem ação necessária.
UCI_Dataset;30/05/04 17:00;0;NORMAL;;Sem ação necessária.
UCI_Dataset;30/05/04 18:00;0;NORMAL;;Sem ação necessária.
UCI_Dataset;30/05/04 19:00;0;NORMAL;;Sem ação necessária.
UCI_Dataset;30/05/04 20:00;1;MODERADO;R02_NO2_MODERADO;Monitorizar evolucão. Sensiveis reduzam atividade ao ar livre.
UCI_Dataset;30/05/04 21:00;1;MODERADO;R02_NO2_MODERADO;Monitorizar evolucão. Sensiveis reduzam atividade ao ar livre.
UCI_Dataset;30/05/04 22:00;1;MODERADO;R02_NO2_MODERADO;Monitorizar evolucão. Sensiveis reduzam atividade ao ar livre.
UCI_Dataset;30/05/04 23:00;0;NORMAL;;Sem ação necessária.
UCI_Dataset;31/05/04 00:00;0;NORMAL;;Sem ação necessária.
UCI_Dataset;31/05/04 01:00;0;NORMAL;;Sem ação necessária.
UCI_Dataset;31/05/04 02:00;0;NORMAL;;Sem ação necessária.
UCI_Dataset;31/05/04 03:00;0;NORMAL;;Sem ação necessária.
UCI_Dataset;31/05/04 04:00;0;NORMAL;;Sem ação necessária.
UCI_Dataset;31/05/04 05:00;0;NORMAL;;Sem ação necessária.
UCI_Dataset;31/05/04 06:00;0;NORMAL;;Sem ação necessária.
UCI_Dataset;31/05/04 07:00;0;NORMAL;;Sem ação necessária.
UCI_Dataset;31/05/04 08:00;1;MODERADO;R02_NO2_MODERADO;Monitorizar evolucão. Sensiveis reduzam atividade ao ar livre.
UCI_Dataset;31/05/04 09:00;1;MODERADO;R02_NO2_MODERADO;Monitorizar evolucão. Sensiveis reduzam atividade ao ar livre.
UCI_Dataset;31/05/04 10:00;1;MODERADO;R02_NO2_MODERADO;Monitorizar evolucão. Sensiveis reduzam atividade ao ar livre.
UCI_Dataset;31/05/04 11:00;1;MODERADO;R02_NO2_MODERADO;Monitorizar evolucão. Sensiveis reduzam atividade ao ar livre.
UCI_Dataset;31/05/04 12:00;1;MODERADO;R02_NO2_MODERADO;Monitorizar evolucão. Sensiveis reduzam atividade ao ar livre.
UCI_Dataset;31/05/04 13:00;1;MODERADO;R02_NO2_MODERADO;Monitorizar evolucão. Sensiveis reduzam atividade ao ar livre.
UCI_Dataset;31/05/04 14:00;1;MODERADO;R02_NO2_MODERADO;Monitorizar evolucão. Sensiveis reduzam atividade ao ar livre.
UCI_Dataset;31/05/04 15:00;1;MODERADO;R02_NO2_MODERADO;Monitorizar evolucão. Sensiveis reduzam atividade ao ar livre.
UCI_Dataset;31/05/04 16:00;1;MODERADO;R02_NO2_MODERADO;Monitorizar evolucão. Sensiveis reduzam atividade ao ar livre.
UCI_Dataset;31/05/04 17:00;1;MODERADO;R02_NO2_MODERADO;Monitorizar evolucão. Sensiveis reduzam atividade ao ar livre.
UCI_Dataset;31/05/04 18:00;1;MODERADO;R02_NO2_MODERADO;Monitorizar evolucão. Sensiveis reduzam atividade ao ar livre.
UCI_Dataset;31/05/04 19:00;1;MODERADO;R02_NO2_MODERADO;Monitorizar evolucão. Sensiveis reduzam atividade ao ar livre.
UCI_Dataset;31/05/04 20:00;0;NORMAL;;Sem ação necessária.
UCI_Dataset;31/05/04 21:00;0;NORMAL;;Sem ação necessária.
UCI_Dataset;31/05/04 22:00;0;NORMAL;;Sem ação necessária.
UCI_Dataset;31/05/04 23:00;0;NORMAL;;Sem ação necessária.
UCI_Dataset;01/06/04 00:00;0;NORMAL;;Sem ação necessária.
UCI_Dataset;01/06/04 01:00;0;NORMAL;;Sem ação necessária.
UCI_Dataset;01/06/04 02:00;0;NORMAL;;Sem ação necessária.
UCI_Dataset;01/06/04 03:00;0;NORMAL;;Sem ação necessária.
UCI_Dataset;01/06/04 04:00;0;NORMAL;;Sem ação necessária.
UCI_Dataset;01/06/04 05:00;0;NORMAL;;Sem ação necessária.
UCI_Dataset;01/06/04 06:00;0;NORMAL;;Sem ação necessária.
UCI_Dataset;01/06/04 07:00;0;NORMAL;;Sem ação necessária.
UCI_Dataset;01/06/04 08:00;1;MODERADO;R02_NO2_MODERADO;Monitorizar evolucão. Sensiveis reduzam atividade ao ar livre.
UCI_Dataset;01/06/04 09:00;1;MODERADO;R02_NO2_MODERADO;Monitorizar evolucão. Sensiveis reduzam atividade ao ar livre.
UCI_Dataset;01/06/04 10:00;0;NORMAL;;Sem ação necessária.
UCI_Dataset;01/06/04 11:00;0;NORMAL;;Sem ação necessária.
UCI_Dataset;01/06/04 12:00;0;NORMAL;;Sem ação necessária.
UCI_Dataset;01/06/04 13:00;0;NORMAL;;Sem ação necessária.
UCI_Dataset;01/06/04 14:00;0;NORMAL;;Sem ação necessária.
UCI_Dataset;01/06/04 15:00;0;NORMAL;;Sem ação necessária.
UCI_Dataset;01/06/04 16:00;0;NORMAL;;Sem ação necessária.
UCI_Dataset;01/06/04 17:00;1;MODERADO;R02_NO2_MODERADO;Monitorizar evolucão. Sensiveis reduzam atividade ao ar livre.
UCI_Dataset;01/06/04 18:00;0;NORMAL;;Sem ação necessária.
UCI_Dataset;01/06/04 19:00;1;MODERADO;R02_NO2_MODERADO;Monitorizar evolucão. Sensiveis reduzam atividade ao ar livre.
UCI_Dataset;01/06/04 20:00;0;NORMAL;;Sem ação necessária.
UCI_Dataset;01/06/04 21:00;0;NORMAL;;Sem ação necessária.
UCI_Dataset;01/06/04 22:00;0;NORMAL;;Sem ação necessária.
UCI_Dataset;01/06/04 23:00;0;NORMAL;;Sem ação necessária.
UCI_Dataset;02/06/04 00:00;0;NORMAL;;Sem ação necessária.
UCI_Dataset;02/06/04 01:00;0;NORMAL;;Sem ação necessária.
UCI_Dataset;02/06/04 02:00;0;NORMAL;;Sem ação necessária.
UCI_Dataset;02/06/04 03:00;0;NORMAL;;Sem ação necessária.
UCI_Dataset;02/06/04 04:00;0;NORMAL;;Sem ação necessária.
UCI_Dataset;02/06/04 05:00;0;NORMAL;;Sem ação necessária.
UCI_Dataset;02/06/04 06:00;0;NORMAL;;Sem ação necessária.
UCI_Dataset;02/06/04 07:00;0;NORMAL;;Sem ação necessária.
UCI_Dataset;02/06/04 08:00;0;NORMAL;;Sem ação necessária.
UCI_Dataset;02/06/04 09:00;0;NORMAL;;Sem ação necessária.
UCI_Dataset;02/06/04 10:00;0;NORMAL;;Sem ação necessária.
UCI_Dataset;02/06/04 11:00;0;NORMAL;;Sem ação necessária.
UCI_Dataset;02/06/04 12:00;0;NORMAL;;Sem ação necessária.
UCI_Dataset;02/06/04 13:00;0;NORMAL;;Sem ação necessária.
UCI_Dataset;02/06/04 14:00;0;NORMAL;;Sem ação necessária.
UCI_Dataset;02/06/04 15:00;0;NORMAL;;Sem ação necessária.
UCI_Dataset;02/06/04 16:00;0;NORMAL;;Sem ação necessária.
UCI_Dataset;02/06/04 17:00;0;NORMAL;;Sem ação necessária.
UCI_Dataset;02/06/04 18:00;0;NORMAL;;Sem ação necessária.
UCI_Dataset;02/06/04 19:00;0;NORMAL;;Sem ação necessária.
UCI_Dataset;02/06/04 20:00;0;NORMAL;;Sem ação necessária.
UCI_Dataset;02/06/04 21:00;0;NORMAL;;Sem ação necessária.
UCI_Dataset;02/06/04 22:00;0;NORMAL;;Sem ação necessária.
UCI_Dataset;02/06/04 23:00;0;NORMAL;;Sem ação necessária.
UCI_Dataset;03/06/04 00:00;0;NORMAL;;Sem ação necessária.
UCI_Dataset;03/06/04 01:00;0;NORMAL;;Sem ação necessária.
UCI_Dataset;03/06/04 02:00;0;NORMAL;;Sem ação necessária.
UCI_Dataset;03/06/04 03:00;0;NORMAL;;Sem ação necessária.
UCI_Dataset;03/06/04 04:00;0;NORMAL;;Sem ação necessária.
UCI_Dataset;03/06/04 05:00;0;NORMAL;;Sem ação necessária.
UCI_Dataset;03/06/04 06:00;0;NORMAL;;Sem ação necessária.
UCI_Dataset;03/06/04 07:00;0;NORMAL;;Sem ação necessária.
UCI_Dataset;03/06/04 08:00;0;NORMAL;;Sem ação necessária.
UCI_Dataset;03/06/04 09:00;1;MODERADO;R02_NO2_MODERADO;Monitorizar evolucão. Sensiveis reduzam atividade ao ar livre.
UCI_Dataset;03/06/04 10:00;0;NORMAL;;Sem ação necessária.
UCI_Dataset;03/06/04 11:00;0;NORMAL;;Sem ação necessária.
UCI_Dataset;03/06/04 12:00;0;NORMAL;;Sem ação necessária.
UCI_Dataset;03/06/04 13:00;0;NORMAL;;Sem ação necessária.
UCI_Dataset;03/06/04 14:00;0;NORMAL;;Sem ação necessária.
UCI_Dataset;03/06/04 15:00;0;NORMAL;;Sem ação necessária.
UCI_Dataset;03/06/04 16:00;0;NORMAL;;Sem ação necessária.
UCI_Dataset;03/06/04 17:00;0;NORMAL;;Sem ação necessária.
UCI_Dataset;03/06/04 18:00;0;NORMAL;;Sem ação necessária.
UCI_Dataset;03/06/04 19:00;0;NORMAL;;Sem ação necessária.
UCI_Dataset;03/06/04 20:00;0;NORMAL;;Sem ação necessária.
UCI_Dataset;03/06/04 21:00;0;NORMAL;;Sem ação necessária.
UCI_Dataset;03/06/04 22:00;0;NORMAL;;Sem ação necessária.
UCI_Dataset;03/06/04 23:00;0;NORMAL;;Sem ação necessária.
UCI_Dataset;04/06/04 00:00;0;NORMAL;;Sem ação necessária.
UCI_Dataset;04/06/04 01:00;0;NORMAL;;Sem ação necessária.
UCI_Dataset;04/06/04 02:00;0;NORMAL;;Sem ação necessária.
UCI_Dataset;04/06/04 03:00;0;NORMAL;;Sem ação necessária.
UCI_Dataset;04/06/04 04:00;0;NORMAL;;Sem ação necessária.
UCI_Dataset;04/06/04 05:00;0;NORMAL;;Sem ação necessária.
UCI_Dataset;04/06/04 06:00;0;NORMAL;;Sem ação necessária.
UCI_Dataset;04/06/04 07:00;0;NORMAL;;Sem ação necessária.
UCI_Dataset;04/06/04 08:00;0;NORMAL;;Sem ação necessária.
UCI_Dataset;04/06/04 09:00;0;NORMAL;;Sem ação necessária.
UCI_Dataset;04/06/04 10:00;0;NORMAL;;Sem ação necessária.
UCI_Dataset;04/06/04 11:00;0;NORMAL;;Sem ação necessária.
UCI_Dataset;04/06/04 12:00;0;NORMAL;;Sem ação necessária.
UCI_Dataset;04/06/04 13:00;0;NORMAL;;Sem ação necessária.
UCI_Dataset;04/06/04 14:00;0;NORMAL;;Sem ação necessária.
UCI_Dataset;04/06/04 15:00;0;NORMAL;;Sem ação necessária.
UCI_Dataset;04/06/04 16:00;0;NORMAL;;Sem ação necessária.
UCI_Dataset;04/06/04 17:00;0;NORMAL;;Sem ação necessária.
UCI_Dataset;04/06/04 18:00;0;NORMAL;;Sem ação necessária.
UCI_Dataset;04/06/04 19:00;0;NORMAL;;Sem ação necessária.
UCI_Dataset;04/06/04 20:00;0;NORMAL;;Sem ação necessária.
UCI_Dataset;04/06/04 21:00;0;NORMAL;;Sem ação necessária.
UCI_Dataset;04/06/04 22:00;0;NORMAL;;Sem ação necessária.
UCI_Dataset;04/06/04 23:00;0;NORMAL;;Sem ação necessária.
UCI_Dataset;05/06/04 00:00;0;NORMAL;;Sem ação necessária.
UCI_Dataset;05/06/04 01:00;0;NORMAL;;Sem ação necessária.
UCI_Dataset;05/06/04 02:00;0;NORMAL;;Sem ação necessária.
UCI_Dataset;05/06/04 03:00;0;NORMAL;;Sem ação necessária.
UCI_Dataset;05/06/04 04:00;0;NORMAL;;Sem ação necessária.
UCI_Dataset;05/06/04 05:00;0;NORMAL;;Sem ação necessária.
UCI_Dataset;05/06/04 06:00;0;NORMAL;;Sem ação necessária.
UCI_Dataset;05/06/04 07:00;0;NORMAL;;Sem ação necessária.
UCI_Dataset;05/06/04 08:00;0;NORMAL;;Sem ação necessária.
UCI_Dataset;05/06/04 09:00;0;NORMAL;;Sem ação necessária.
UCI_Dataset;05/06/04 10:00;0;NORMAL;;Sem ação necessária.
UCI_Dataset;05/06/04 11:00;0;NORMAL;;Sem ação necessária.
UCI_Dataset;05/06/04 12:00;0;NORMAL;;Sem ação necessária.
UCI_Dataset;05/06/04 13:00;0;NORMAL;;Sem ação necessária.
UCI_Dataset;05/06/04 14:00;0;NORMAL;;Sem ação necessária.
UCI_Dataset;05/06/04 15:00;0;NORMAL;;Sem ação necessária.
UCI_Dataset;05/06/04 16:00;0;NORMAL;;Sem ação necessária.
UCI_Dataset;05/06/04 17:00;0;NORMAL;;Sem ação necessária.
UCI_Dataset;05/06/04 18:00;1;MODERADO;R02_NO2_MODERADO;Monitorizar evolucão. Sensiveis reduzam atividade ao ar livre.
UCI_Dataset;05/06/04 19:00;1;MODERADO;R02_NO2_MODERADO;Monitorizar evolucão. Sensiveis reduzam atividade ao ar livre.
UCI_Dataset;05/06/04 20:00;1;MODERADO;R02_NO2_MODERADO;Monitorizar evolucão. Sensiveis reduzam atividade ao ar livre.
UCI_Dataset;05/06/04 21:00;0;NORMAL;;Sem ação necessária.
UCI_Dataset;05/06/04 22:00;0;NORMAL;;Sem ação necessária.
UCI_Dataset;05/06/04 23:00;0;NORMAL;;Sem ação necessária.
UCI_Dataset;06/06/04 00:00;0;NORMAL;;Sem ação necessária.
UCI_Dataset;06/06/04 01:00;0;NORMAL;;Sem ação necessária.
UCI_Dataset;06/06/04 02:00;0;NORMAL;;Sem ação necessária.
UCI_Dataset;06/06/04 03:00;0;NORMAL;;Sem ação necessária.
UCI_Dataset;06/06/04 04:00;0;NORMAL;;Sem ação necessária.
UCI_Dataset;06/06/04 05:00;0;NORMAL;;Sem ação necessária.
UCI_Dataset;06/06/04 06:00;0;NORMAL;;Sem ação necessária.
UCI_Dataset;06/06/04 07:00;0;NORMAL;;Sem ação necessária.
UCI_Dataset;06/06/04 08:00;0;NORMAL;;Sem ação necessária.
UCI_Dataset;06/06/04 09:00;0;NORMAL;;Sem ação necessária.
UCI_Dataset;06/06/04 10:00;0;NORMAL;;Sem ação necessária.
UCI_Dataset;06/06/04 11:00;0;NORMAL;;Sem ação necessária.
UCI_Dataset;06/06/04 12:00;0;NORMAL;;Sem ação necessária.
UCI_Dataset;06/06/04 13:00;0;NORMAL;;Sem ação necessária.
UCI_Dataset;06/06/04 14:00;0;NORMAL;;Sem ação necessária.
UCI_Dataset;06/06/04 15:00;0;NORMAL;;Sem ação necessária.
UCI_Dataset;06/06/04 16:00;0;NORMAL;;Sem ação necessária.
UCI_Dataset;06/06/04 17:00;0;NORMAL;;Sem ação necessária.
UCI_Dataset;06/06/04 18:00;0;NORMAL;;Sem ação necessária.
UCI_Dataset;06/06/04 19:00;0;NORMAL;;Sem ação necessária.
UCI_Dataset;06/06/04 20:00;0;NORMAL;;Sem ação necessária.
UCI_Dataset;06/06/04 21:00;0;NORMAL;;Sem ação necessária.
UCI_Dataset;06/06/04 22:00;0;NORMAL;;Sem ação necessária.
UCI_Dataset;06/06/04 23:00;0;NORMAL;;Sem ação necessária.
UCI_Dataset;07/06/04 00:00;0;NORMAL;;Sem ação necessária.
UCI_Dataset;07/06/04 01:00;0;NORMAL;;Sem ação necessária.
UCI_Dataset;07/06/04 02:00;0;NORMAL;;Sem ação necessária.
UCI_Dataset;07/06/04 03:00;0;NORMAL;;Sem ação necessária.
UCI_Dataset;07/06/04 04:00;0;NORMAL;;Sem ação necessária.
UCI_Dataset;07/06/04 05:00;0;NORMAL;;Sem ação necessária.
UCI_Dataset;07/06/04 06:00;0;NORMAL;;Sem ação necessária.
UCI_Dataset;07/06/04 07:00;0;NORMAL;;Sem ação necessária.
UCI_Dataset;07/06/04 08:00;1;MODERADO;R02_NO2_MODERADO;Monitorizar evolucão. Sensiveis reduzam atividade ao ar livre.
UCI_Dataset;07/06/04 09:00;1;MODERADO;R02_NO2_MODERADO;Monitorizar evolucão. Sensiveis reduzam atividade ao ar livre.
UCI_Dataset;07/06/04 10:00;1;MODERADO;R02_NO2_MODERADO;Monitorizar evolucão. Sensiveis reduzam atividade ao ar livre.
UCI_Dataset;07/06/04 11:00;1;MODERADO;R02_NO2_MODERADO;Monitorizar evolucão. Sensiveis reduzam atividade ao ar livre.
UCI_Dataset;07/06/04 12:00;1;MODERADO;R02_NO2_MODERADO;Monitorizar evolucão. Sensiveis reduzam atividade ao ar livre.
UCI_Dataset;07/06/04 13:00;1;MODERADO;R02_NO2_MODERADO;Monitorizar evolucão. Sensiveis reduzam atividade ao ar livre.
UCI_Dataset;07/06/04 14:00;1;MODERADO;R02_NO2_MODERADO;Monitorizar evolucão. Sensiveis reduzam atividade ao ar livre.
UCI_Dataset;07/06/04 15:00;2;ALTO;R09_RISCO_INCENDIO, R02_NO2_MODERADO;Risco máximo incendio florestal. Proibir queimadas. Vigilancia reforcada.
UCI_Dataset;07/06/04 16:00;1;MODERADO;R02_NO2_MODERADO;Monitorizar evolucão. Sensiveis reduzam atividade ao ar livre.
UCI_Dataset;07/06/04 17:00;1;MODERADO;R02_NO2_MODERADO;Monitorizar evolucão. Sensiveis reduzam atividade ao ar livre.
UCI_Dataset;07/06/04 18:00;1;MODERADO;R02_NO2_MODERADO;Monitorizar evolucão. Sensiveis reduzam atividade ao ar livre.
UCI_Dataset;07/06/04 19:00;1;MODERADO;R02_NO2_MODERADO;Monitorizar evolucão. Sensiveis reduzam atividade ao ar livre.
UCI_Dataset;07/06/04 20:00;1;MODERADO;R02_NO2_MODERADO;Monitorizar evolucão. Sensiveis reduzam atividade ao ar livre.
UCI_Dataset;07/06/04 21:00;1;MODERADO;R02_NO2_MODERADO;Monitorizar evolucão. Sensiveis reduzam atividade ao ar livre.
UCI_Dataset;07/06/04 22:00;1;MODERADO;R02_NO2_MODERADO;Monitorizar evolucão. Sensiveis reduzam atividade ao ar livre.
UCI_Dataset;07/06/04 23:00;1;MODERADO;R02_NO2_MODERADO;Monitorizar evolucão. Sensiveis reduzam atividade ao ar livre.
UCI_Dataset;08/06/04 00:00;0;NORMAL;;Sem ação necessária.
UCI_Dataset;08/06/04 01:00;0;NORMAL;;Sem ação necessária.
UCI_Dataset;08/06/04 02:00;0;NORMAL;;Sem ação necessária.
UCI_Dataset;08/06/04 03:00;0;NORMAL;;Sem ação necessária.
UCI_Dataset;08/06/04 04:00;0;NORMAL;;Sem ação necessária.
UCI_Dataset;08/06/04 05:00;0;NORMAL;;Sem ação necessária.
UCI_Dataset;08/06/04 06:00;0;NORMAL;;Sem ação necessária.
UCI_Dataset;08/06/04 07:00;1;MODERADO;R02_NO2_MODERADO;Monitorizar evolucão. Sensiveis reduzam atividade ao ar livre.
UCI_Dataset;08/06/04 08:00;1;MODERADO;R02_NO2_MODERADO;Monitorizar evolucão. Sensiveis reduzam atividade ao ar livre.
UCI_Dataset;08/06/04 09:00;1;MODERADO;R02_NO2_MODERADO;Monitorizar evolucão. Sensiveis reduzam atividade ao ar livre.
UCI_Dataset;08/06/04 10:00;1;MODERADO;R02_NO2_MODERADO;Monitorizar evolucão. Sensiveis reduzam atividade ao ar livre.
UCI_Dataset;08/06/04 11:00;1;MODERADO;R02_NO2_MODERADO;Monitorizar evolucão. Sensiveis reduzam atividade ao ar livre.
UCI_Dataset;08/06/04 12:00;1;MODERADO;R02_NO2_MODERADO;Monitorizar evolucão. Sensiveis reduzam atividade ao ar livre.
UCI_Dataset;08/06/04 13:00;2;ALTO;R09_RISCO_INCENDIO, R02_NO2_MODERADO;Risco máximo incendio florestal. Proibir queimadas. Vigilancia reforcada.
UCI_Dataset;08/06/04 14:00;2;ALTO;R09_RISCO_INCENDIO, R02_NO2_MODERADO;Risco máximo incendio florestal. Proibir queimadas. Vigilancia reforcada.
UCI_Dataset;08/06/04 15:00;2;ALTO;R09_RISCO_INCENDIO, R02_NO2_MODERADO;Risco máximo incendio florestal. Proibir queimadas. Vigilancia reforcada.
UCI_Dataset;08/06/04 16:00;1;ALTO;R09_RISCO_INCENDIO;Risco máximo incendio florestal. Proibir queimadas. Vigilancia reforcada.
UCI_Dataset;08/06/04 17:00;2;ALTO;R09_RISCO_INCENDIO, R02_NO2_MODERADO;Risco máximo incendio florestal. Proibir queimadas. Vigilancia reforcada.
UCI_Dataset;08/06/04 18:00;1;MODERADO;R02_NO2_MODERADO;Monitorizar evolucão. Sensiveis reduzam atividade ao ar livre.
UCI_Dataset;08/06/04 19:00;1;MODERADO;R02_NO2_MODERADO;Monitorizar evolucão. Sensiveis reduzam atividade ao ar livre.
UCI_Dataset;08/06/04 20:00;1;MODERADO;R02_NO2_MODERADO;Monitorizar evolucão. Sensiveis reduzam atividade ao ar livre.
UCI_Dataset;08/06/04 21:00;1;MODERADO;R02_NO2_MODERADO;Monitorizar evolucão. Sensiveis reduzam atividade ao ar livre.
UCI_Dataset;08/06/04 22:00;0;NORMAL;;Sem ação necessária.
UCI_Dataset;08/06/04 23:00;0;NORMAL;;Sem ação necessária.
UCI_Dataset;09/06/04 00:00;0;NORMAL;;Sem ação necessária.
UCI_Dataset;09/06/04 01:00;0;NORMAL;;Sem ação necessária.
UCI_Dataset;09/06/04 02:00;0;NORMAL;;Sem ação necessária.
UCI_Dataset;09/06/04 03:00;0;NORMAL;;Sem ação necessária.
UCI_Dataset;09/06/04 04:00;0;NORMAL;;Sem ação necessária.
UCI_Dataset;09/06/04 05:00;0;NORMAL;;Sem ação necessária.
UCI_Dataset;09/06/04 06:00;0;NORMAL;;Sem ação necessária.
UCI_Dataset;09/06/04 07:00;1;MODERADO;R02_NO2_MODERADO;Monitorizar evolucão. Sensiveis reduzam atividade ao ar livre.
UCI_Dataset;09/06/04 08:00;1;MODERADO;R02_NO2_MODERADO;Monitorizar evolucão. Sensiveis reduzam atividade ao ar livre.
UCI_Dataset;09/06/04 09:00;1;MODERADO;R02_NO2_MODERADO;Monitorizar evolucão. Sensiveis reduzam atividade ao ar livre.
UCI_Dataset;09/06/04 10:00;1;MODERADO;R02_NO2_MODERADO;Monitorizar evolucão. Sensiveis reduzam atividade ao ar livre.
UCI_Dataset;09/06/04 11:00;1;MODERADO;R02_NO2_MODERADO;Monitorizar evolucão. Sensiveis reduzam atividade ao ar livre.
UCI_Dataset;09/06/04 12:00;2;ALTO;R09_RISCO_INCENDIO, R02_NO2_MODERADO;Risco máximo incendio florestal. Proibir queimadas. Vigilancia reforcada.
UCI_Dataset;09/06/04 13:00;2;ALTO;R09_RISCO_INCENDIO, R02_NO2_MODERADO;Risco máximo incendio florestal. Proibir queimadas. Vigilancia reforcada.
UCI_Dataset;09/06/04 14:00;3;ALTO;R08_CALOR_EXTREMO, R09_RISCO_INCENDIO, R02_NO2_MODERADO;Alerta vermelho calor. Ativar Plano de Contingencia. Populações vulneráveis em risco.
UCI_Dataset;09/06/04 15:00;3;ALTO;R08_CALOR_EXTREMO, R09_RISCO_INCENDIO, R02_NO2_MODERADO;Alerta vermelho calor. Ativar Plano de Contingencia. Populações vulneráveis em risco.
UCI_Dataset;09/06/04 16:00;3;ALTO;R08_CALOR_EXTREMO, R09_RISCO_INCENDIO, R02_NO2_MODERADO;Alerta vermelho calor. Ativar Plano de Contingencia. Populações vulneráveis em risco.
UCI_Dataset;09/06/04 17:00;2;ALTO;R09_RISCO_INCENDIO, R02_NO2_MODERADO;Risco máximo incendio florestal. Proibir queimadas. Vigilancia reforcada.
UCI_Dataset;09/06/04 18:00;2;ALTO;R01_NO2_ALTO, R09_RISCO_INCENDIO;Limitar trafego automovel. Grupos sensiveis evitem exposição prolongada.
UCI_Dataset;09/06/04 19:00;1;ALTO;R01_NO2_ALTO;Limitar trafego automovel. Grupos sensiveis evitem exposição prolongada.
UCI_Dataset;09/06/04 20:00;1;MODERADO;R02_NO2_MODERADO;Monitorizar evolucão. Sensiveis reduzam atividade ao ar livre.
UCI_Dataset;09/06/04 21:00;1;MODERADO;R02_NO2_MODERADO;Monitorizar evolucão. Sensiveis reduzam atividade ao ar livre.
UCI_Dataset;09/06/04 22:00;1;MODERADO;R02_NO2_MODERADO;Monitorizar evolucão. Sensiveis reduzam atividade ao ar livre.
UCI_Dataset;09/06/04 23:00;0;NORMAL;;Sem ação necessária.
UCI_Dataset;10/06/04 00:00;0;NORMAL;;Sem ação necessária.
UCI_Dataset;10/06/04 01:00;0;NORMAL;;Sem ação necessária.
UCI_Dataset;10/06/04 02:00;0;NORMAL;;Sem ação necessária.
UCI_Dataset;10/06/04 03:00;0;NORMAL;;Sem ação necessária.
UCI_Dataset;10/06/04 04:00;0;NORMAL;;Sem ação necessária.
UCI_Dataset;10/06/04 05:00;0;NORMAL;;Sem ação necessária.
UCI_Dataset;10/06/04 06:00;0;NORMAL;;Sem ação necessária.
UCI_Dataset;10/06/04 07:00;1;MODERADO;R02_NO2_MODERADO;Monitorizar evolucão. Sensiveis reduzam atividade ao ar livre.
UCI_Dataset;10/06/04 08:00;1;MODERADO;R02_NO2_MODERADO;Monitorizar evolucão. Sensiveis reduzam atividade ao ar livre.
UCI_Dataset;10/06/04 09:00;1;MODERADO;R02_NO2_MODERADO;Monitorizar evolucão. Sensiveis reduzam atividade ao ar livre.
UCI_Dataset;10/06/04 10:00;1;MODERADO;R02_NO2_MODERADO;Monitorizar evolucão. Sensiveis reduzam atividade ao ar livre.
UCI_Dataset;10/06/04 11:00;1;MODERADO;R02_NO2_MODERADO;Monitorizar evolucão. Sensiveis reduzam atividade ao ar livre.
UCI_Dataset;10/06/04 12:00;2;ALTO;R09_RISCO_INCENDIO, R02_NO2_MODERADO;Risco máximo incendio florestal. Proibir queimadas. Vigilancia reforcada.
UCI_Dataset;10/06/04 13:00;2;ALTO;R09_RISCO_INCENDIO, R02_NO2_MODERADO;Risco máximo incendio florestal. Proibir queimadas. Vigilancia reforcada.
UCI_Dataset;10/06/04 14:00;2;ALTO;R09_RISCO_INCENDIO, R02_NO2_MODERADO;Risco máximo incendio florestal. Proibir queimadas. Vigilancia reforcada.
UCI_Dataset;10/06/04 15:00;3;ALTO;R08_CALOR_EXTREMO, R09_RISCO_INCENDIO, R02_NO2_MODERADO;Alerta vermelho calor. Ativar Plano de Contingencia. Populações vulneráveis em risco.
UCI_Dataset;10/06/04 16:00;3;ALTO;R08_CALOR_EXTREMO, R09_RISCO_INCENDIO, R02_NO2_MODERADO;Alerta vermelho calor. Ativar Plano de Contingencia. Populações vulneráveis em risco.
UCI_Dataset;10/06/04 17:00;2;ALTO;R09_RISCO_INCENDIO, R02_NO2_MODERADO;Risco máximo incendio florestal. Proibir queimadas. Vigilancia reforcada.
UCI_Dataset;10/06/04 18:00;2;ALTO;R01_NO2_ALTO, R09_RISCO_INCENDIO;Limitar trafego automovel. Grupos sensiveis evitem exposição prolongada.
UCI_Dataset;10/06/04 19:00;1;ALTO;R01_NO2_ALTO;Limitar trafego automovel. Grupos sensiveis evitem exposição prolongada.
UCI_Dataset;10/06/04 20:00;1;MODERADO;R02_NO2_MODERADO;Monitorizar evolucão. Sensiveis reduzam atividade ao ar livre.
UCI_Dataset;10/06/04 21:00;1;MODERADO;R02_NO2_MODERADO;Monitorizar evolucão. Sensiveis reduzam atividade ao ar livre.
UCI_Dataset;10/06/04 22:00;1;MODERADO;R02_NO2_MODERADO;Monitorizar evolucão. Sensiveis reduzam atividade ao ar livre.
UCI_Dataset;10/06/04 23:00;1;MODERADO;R02_NO2_MODERADO;Monitorizar evolucão. Sensiveis reduzam atividade ao ar livre.
UCI_Dataset;11/06/04 00:00;0;NORMAL;;Sem ação necessária.
UCI_Dataset;11/06/04 01:00;0;NORMAL;;Sem ação necessária.
UCI_Dataset;11/06/04 02:00;0;NORMAL;;Sem ação necessária.
UCI_Dataset;11/06/04 03:00;0;NORMAL;;Sem ação necessária.
UCI_Dataset;11/06/04 04:00;0;NORMAL;;Sem ação necessária.
UCI_Dataset;11/06/04 05:00;0;NORMAL;;Sem ação necessária.
UCI_Dataset;11/06/04 06:00;0;NORMAL;;Sem ação necessária.
UCI_Dataset;11/06/04 07:00;1;MODERADO;R02_NO2_MODERADO;Monitorizar evolucão. Sensiveis reduzam atividade ao ar livre.
UCI_Dataset;11/06/04 08:00;1;MODERADO;R02_NO2_MODERADO;Monitorizar evolucão. Sensiveis reduzam atividade ao ar livre.
UCI_Dataset;11/06/04 09:00;1;MODERADO;R02_NO2_MODERADO;Monitorizar evolucão. Sensiveis reduzam atividade ao ar livre.
UCI_Dataset;11/06/04 10:00;0;NORMAL;;Sem ação necessária.
UCI_Dataset;11/06/04 11:00;0;NORMAL;;Sem ação necessária.
UCI_Dataset;11/06/04 12:00;2;ALTO;R09_RISCO_INCENDIO, R02_NO2_MODERADO;Risco máximo incendio florestal. Proibir queimadas. Vigilancia reforcada.
UCI_Dataset;11/06/04 13:00;2;ALTO;R09_RISCO_INCENDIO, R02_NO2_MODERADO;Risco máximo incendio florestal. Proibir queimadas. Vigilancia reforcada.
UCI_Dataset;11/06/04 14:00;2;ALTO;R09_RISCO_INCENDIO, R02_NO2_MODERADO;Risco máximo incendio florestal. Proibir queimadas. Vigilancia reforcada.
UCI_Dataset;11/06/04 15:00;2;ALTO;R09_RISCO_INCENDIO, R02_NO2_MODERADO;Risco máximo incendio florestal. Proibir queimadas. Vigilancia reforcada.
UCI_Dataset;11/06/04 16:00;2;ALTO;R09_RISCO_INCENDIO, R02_NO2_MODERADO;Risco máximo incendio florestal. Proibir queimadas. Vigilancia reforcada.
UCI_Dataset;11/06/04 17:00;2;ALTO;R09_RISCO_INCENDIO, R02_NO2_MODERADO;Risco máximo incendio florestal. Proibir queimadas. Vigilancia reforcada.
UCI_Dataset;11/06/04 18:00;1;MODERADO;R02_NO2_MODERADO;Monitorizar evolucão. Sensiveis reduzam atividade ao ar livre.
UCI_Dataset;11/06/04 19:00;1;MODERADO;R02_NO2_MODERADO;Monitorizar evolucão. Sensiveis reduzam atividade ao ar livre.
UCI_Dataset;11/06/04 20:00;1;MODERADO;R02_NO2_MODERADO;Monitorizar evolucão. Sensiveis reduzam atividade ao ar livre.
UCI_Dataset;11/06/04 21:00;1;MODERADO;R02_NO2_MODERADO;Monitorizar evolucão. Sensiveis reduzam atividade ao ar livre.
UCI_Dataset;11/06/04 22:00;1;MODERADO;R02_NO2_MODERADO;Monitorizar evolucão. Sensiveis reduzam atividade ao ar livre.
UCI_Dataset;11/06/04 23:00;0;NORMAL;;Sem ação necessária.
UCI_Dataset;12/06/04 00:00;0;NORMAL;;Sem ação necessária.
UCI_Dataset;12/06/04 01:00;0;NORMAL;;Sem ação necessária.
UCI_Dataset;12/06/04 02:00;0;NORMAL;;Sem ação necessária.
UCI_Dataset;12/06/04 03:00;0;NORMAL;;Sem ação necessária.
UCI_Dataset;12/06/04 04:00;0;NORMAL;;Sem ação necessária.
UCI_Dataset;12/06/04 05:00;0;NORMAL;;Sem ação necessária.
UCI_Dataset;12/06/04 06:00;0;NORMAL;;Sem ação necessária.
UCI_Dataset;12/06/04 07:00;0;NORMAL;;Sem ação necessária.
UCI_Dataset;12/06/04 08:00;0;NORMAL;;Sem ação necessária.
UCI_Dataset;12/06/04 09:00;0;NORMAL;;Sem ação necessária.
UCI_Dataset;12/06/04 10:00;1;MODERADO;R02_NO2_MODERADO;Monitorizar evolucão. Sensiveis reduzam atividade ao ar livre.
UCI_Dataset;12/06/04 11:00;0;NORMAL;;Sem ação necessária.
UCI_Dataset;12/06/04 12:00;1;MODERADO;R02_NO2_MODERADO;Monitorizar evolucão. Sensiveis reduzam atividade ao ar livre.
UCI_Dataset;12/06/04 13:00;1;ALTO;R09_RISCO_INCENDIO;Risco máximo incendio florestal. Proibir queimadas. Vigilancia reforcada.
UCI_Dataset;12/06/04 14:00;1;ALTO;R09_RISCO_INCENDIO;Risco máximo incendio florestal. Proibir queimadas. Vigilancia reforcada.
UCI_Dataset;12/06/04 15:00;1;ALTO;R09_RISCO_INCENDIO;Risco máximo incendio florestal. Proibir queimadas. Vigilancia reforcada.
UCI_Dataset;12/06/04 16:00;1;ALTO;R09_RISCO_INCENDIO;Risco máximo incendio florestal. Proibir queimadas. Vigilancia reforcada.
UCI_Dataset;12/06/04 17:00;1;ALTO;R09_RISCO_INCENDIO;Risco máximo incendio florestal. Proibir queimadas. Vigilancia reforcada.
UCI_Dataset;12/06/04 18:00;0;NORMAL;;Sem ação necessária.
UCI_Dataset;12/06/04 19:00;0;NORMAL;;Sem ação necessária.
UCI_Dataset;12/06/04 20:00;0;NORMAL;;Sem ação necessária.
UCI_Dataset;12/06/04 21:00;0;NORMAL;;Sem ação necessária.
UCI_Dataset;12/06/04 22:00;1;MODERADO;R02_NO2_MODERADO;Monitorizar evolucão. Sensiveis reduzam atividade ao ar livre.
UCI_Dataset;12/06/04 23:00;1;MODERADO;R02_NO2_MODERADO;Monitorizar evolucão. Sensiveis reduzam atividade ao ar livre.
UCI_Dataset;13/06/04 00:00;0;NORMAL;;Sem ação necessária.
UCI_Dataset;13/06/04 01:00;0;NORMAL;;Sem ação necessária.
UCI_Dataset;13/06/04 02:00;0;NORMAL;;Sem ação necessária.
UCI_Dataset;13/06/04 03:00;0;NORMAL;;Sem ação necessária.
UCI_Dataset;13/06/04 04:00;0;NORMAL;;Sem ação necessária.
UCI_Dataset;13/06/04 05:00;0;NORMAL;;Sem ação necessária.
UCI_Dataset;13/06/04 06:00;0;NORMAL;;Sem ação necessária.
UCI_Dataset;13/06/04 07:00;0;NORMAL;;Sem ação necessária.
UCI_Dataset;13/06/04 08:00;0;NORMAL;;Sem ação necessária.
UCI_Dataset;13/06/04 09:00;0;NORMAL;;Sem ação necessária.
UCI_Dataset;13/06/04 10:00;0;NORMAL;;Sem ação necessária.
UCI_Dataset;13/06/04 11:00;0;NORMAL;;Sem ação necessária.
UCI_Dataset;13/06/04 12:00;0;NORMAL;;Sem ação necessária.
UCI_Dataset;13/06/04 13:00;0;NORMAL;;Sem ação necessária.
UCI_Dataset;13/06/04 14:00;0;NORMAL;;Sem ação necessária.
UCI_Dataset;13/06/04 15:00;0;NORMAL;;Sem ação necessária.
UCI_Dataset;13/06/04 16:00;0;NORMAL;;Sem ação necessária.
UCI_Dataset;13/06/04 17:00;0;NORMAL;;Sem ação necessária.
UCI_Dataset;13/06/04 18:00;0;NORMAL;;Sem ação necessária.
UCI_Dataset;13/06/04 19:00;0;NORMAL;;Sem ação necessária.
UCI_Dataset;13/06/04 20:00;0;NORMAL;;Sem ação necessária.
UCI_Dataset;13/06/04 21:00;0;NORMAL;;Sem ação necessária.
UCI_Dataset;13/06/04 22:00;0;NORMAL;;Sem ação necessária.
UCI_Dataset;13/06/04 23:00;0;NORMAL;;Sem ação necessária.
UCI_Dataset;14/06/04 00:00;0;NORMAL;;Sem ação necessária.
UCI_Dataset;14/06/04 01:00;0;NORMAL;;Sem ação necessária.
UCI_Dataset;14/06/04 02:00;0;NORMAL;;Sem ação necessária.
UCI_Dataset;14/06/04 03:00;0;NORMAL;;Sem ação necessária.
UCI_Dataset;14/06/04 04:00;0;NORMAL;;Sem ação necessária.
UCI_Dataset;14/06/04 05:00;0;NORMAL;;Sem ação necessária.
UCI_Dataset;14/06/04 06:00;0;NORMAL;;Sem ação necessária.
UCI_Dataset;14/06/04 07:00;0;NORMAL;;Sem ação necessária.
UCI_Dataset;14/06/04 08:00;0;NORMAL;;Sem ação necessária.
UCI_Dataset;14/06/04 09:00;0;NORMAL;;Sem ação necessária.
UCI_Dataset;14/06/04 10:00;0;NORMAL;;Sem ação necessária.
UCI_Dataset;14/06/04 11:00;0;NORMAL;;Sem ação necessária.
UCI_Dataset;14/06/04 12:00;0;NORMAL;;Sem ação necessária.
UCI_Dataset;14/06/04 13:00;0;NORMAL;;Sem ação necessária.
UCI_Dataset;14/06/04 14:00;0;NORMAL;;Sem ação necessária.
UCI_Dataset;14/06/04 15:00;0;NORMAL;;Sem ação necessária.
UCI_Dataset;14/06/04 16:00;0;NORMAL;;Sem ação necessária.
UCI_Dataset;14/06/04 17:00;0;NORMAL;;Sem ação necessária.
UCI_Dataset;14/06/04 18:00;1;MODERADO;R02_NO2_MODERADO;Monitorizar evolucão. Sensiveis reduzam atividade ao ar livre.
UCI_Dataset;14/06/04 19:00;0;NORMAL;;Sem ação necessária.
UCI_Dataset;14/06/04 20:00;0;NORMAL;;Sem ação necessária.
UCI_Dataset;14/06/04 21:00;0;NORMAL;;Sem ação necessária.
UCI_Dataset;14/06/04 22:00;0;NORMAL;;Sem ação necessária.
UCI_Dataset;14/06/04 23:00;0;NORMAL;;Sem ação necessária.
UCI_Dataset;15/06/04 00:00;0;NORMAL;;Sem ação necessária.
UCI_Dataset;15/06/04 01:00;0;NORMAL;;Sem ação necessária.
UCI_Dataset;15/06/04 02:00;0;NORMAL;;Sem ação necessária.
UCI_Dataset;15/06/04 03:00;0;NORMAL;;Sem ação necessária.
UCI_Dataset;15/06/04 04:00;0;NORMAL;;Sem ação necessária.
UCI_Dataset;15/06/04 05:00;0;NORMAL;;Sem ação necessária.
UCI_Dataset;15/06/04 06:00;0;NORMAL;;Sem ação necessária.
UCI_Dataset;15/06/04 07:00;1;MODERADO;R02_NO2_MODERADO;Monitorizar evolucão. Sensiveis reduzam atividade ao ar livre.
UCI_Dataset;15/06/04 08:00;1;MODERADO;R02_NO2_MODERADO;Monitorizar evolucão. Sensiveis reduzam atividade ao ar livre.
UCI_Dataset;15/06/04 09:00;0;NORMAL;;Sem ação necessária.
UCI_Dataset;15/06/04 10:00;1;MODERADO;R02_NO2_MODERADO;Monitorizar evolucão. Sensiveis reduzam atividade ao ar livre.
UCI_Dataset;15/06/04 11:00;1;MODERADO;R02_NO2_MODERADO;Monitorizar evolucão. Sensiveis reduzam atividade ao ar livre.
UCI_Dataset;15/06/04 12:00;1;MODERADO;R02_NO2_MODERADO;Monitorizar evolucão. Sensiveis reduzam atividade ao ar livre.
UCI_Dataset;15/06/04 13:00;1;MODERADO;R02_NO2_MODERADO;Monitorizar evolucão. Sensiveis reduzam atividade ao ar livre.
UCI_Dataset;15/06/04 14:00;2;ALTO;R09_RISCO_INCENDIO, R02_NO2_MODERADO;Risco máximo incendio florestal. Proibir queimadas. Vigilancia reforcada.
UCI_Dataset;15/06/04 15:00;1;MODERADO;R02_NO2_MODERADO;Monitorizar evolucão. Sensiveis reduzam atividade ao ar livre.
UCI_Dataset;15/06/04 16:00;2;ALTO;R09_RISCO_INCENDIO, R02_NO2_MODERADO;Risco máximo incendio florestal. Proibir queimadas. Vigilancia reforcada.
UCI_Dataset;15/06/04 17:00;1;MODERADO;R02_NO2_MODERADO;Monitorizar evolucão. Sensiveis reduzam atividade ao ar livre.
UCI_Dataset;15/06/04 18:00;1;MODERADO;R02_NO2_MODERADO;Monitorizar evolucão. Sensiveis reduzam atividade ao ar livre.
UCI_Dataset;15/06/04 19:00;1;MODERADO;R02_NO2_MODERADO;Monitorizar evolucão. Sensiveis reduzam atividade ao ar livre.
UCI_Dataset;15/06/04 20:00;1;MODERADO;R02_NO2_MODERADO;Monitorizar evolucão. Sensiveis reduzam atividade ao ar livre.
UCI_Dataset;15/06/04 21:00;1;MODERADO;R02_NO2_MODERADO;Monitorizar evolucão. Sensiveis reduzam atividade ao ar livre.
UCI_Dataset;15/06/04 22:00;1;MODERADO;R02_NO2_MODERADO;Monitorizar evolucão. Sensiveis reduzam atividade ao ar livre.
UCI_Dataset;15/06/04 23:00;1;MODERADO;R02_NO2_MODERADO;Monitorizar evolucão. Sensiveis reduzam atividade ao ar livre.
UCI_Dataset;16/06/04 00:00;1;MODERADO;R02_NO2_MODERADO;Monitorizar evolucão. Sensiveis reduzam atividade ao ar livre.
UCI_Dataset;16/06/04 01:00;0;NORMAL;;Sem ação necessária.
UCI_Dataset;16/06/04 02:00;0;NORMAL;;Sem ação necessária.
UCI_Dataset;16/06/04 03:00;0;NORMAL;;Sem ação necessária.
UCI_Dataset;16/06/04 04:00;0;NORMAL;;Sem ação necessária.
UCI_Dataset;16/06/04 05:00;0;NORMAL;;Sem ação necessária.
UCI_Dataset;16/06/04 06:00;0;NORMAL;;Sem ação necessária.
UCI_Dataset;16/06/04 07:00;0;NORMAL;;Sem ação necessária.
UCI_Dataset;16/06/04 08:00;1;MODERADO;R02_NO2_MODERADO;Monitorizar evolucão. Sensiveis reduzam atividade ao ar livre.
UCI_Dataset;16/06/04 09:00;1;MODERADO;R02_NO2_MODERADO;Monitorizar evolucão. Sensiveis reduzam atividade ao ar livre.
UCI_Dataset;16/06/04 10:00;1;MODERADO;R02_NO2_MODERADO;Monitorizar evolucão. Sensiveis reduzam atividade ao ar livre.
UCI_Dataset;16/06/04 11:00;0;NORMAL;;Sem ação necessária.
UCI_Dataset;16/06/04 12:00;0;NORMAL;;Sem ação necessária.
UCI_Dataset;16/06/04 13:00;1;MODERADO;R02_NO2_MODERADO;Monitorizar evolucão. Sensiveis reduzam atividade ao ar livre.
UCI_Dataset;16/06/04 14:00;1;MODERADO;R02_NO2_MODERADO;Monitorizar evolucão. Sensiveis reduzam atividade ao ar livre.
UCI_Dataset;16/06/04 15:00;1;MODERADO;R02_NO2_MODERADO;Monitorizar evolucão. Sensiveis reduzam atividade ao ar livre.
UCI_Dataset;16/06/04 16:00;1;MODERADO;R02_NO2_MODERADO;Monitorizar evolucão. Sensiveis reduzam atividade ao ar livre.
UCI_Dataset;16/06/04 17:00;1;MODERADO;R02_NO2_MODERADO;Monitorizar evolucão. Sensiveis reduzam atividade ao ar livre.
UCI_Dataset;16/06/04 18:00;1;MODERADO;R02_NO2_MODERADO;Monitorizar evolucão. Sensiveis reduzam atividade ao ar livre.
UCI_Dataset;16/06/04 19:00;1;MODERADO;R02_NO2_MODERADO;Monitorizar evolucão. Sensiveis reduzam atividade ao ar livre.
UCI_Dataset;16/06/04 20:00;1;MODERADO;R02_NO2_MODERADO;Monitorizar evolucão. Sensiveis reduzam atividade ao ar livre.
UCI_Dataset;16/06/04 21:00;1;MODERADO;R02_NO2_MODERADO;Monitorizar evolucão. Sensiveis reduzam atividade ao ar livre.
UCI_Dataset;16/06/04 22:00;1;MODERADO;R02_NO2_MODERADO;Monitorizar evolucão. Sensiveis reduzam atividade ao ar livre.
UCI_Dataset;16/06/04 23:00;0;NORMAL;;Sem ação necessária.
UCI_Dataset;17/06/04 00:00;0;NORMAL;;Sem ação necessária.
UCI_Dataset;17/06/04 01:00;0;NORMAL;;Sem ação necessária.
UCI_Dataset;17/06/04 02:00;0;NORMAL;;Sem ação necessária.
UCI_Dataset;17/06/04 03:00;0;NORMAL;;Sem ação necessária.
UCI_Dataset;17/06/04 04:00;0;NORMAL;;Sem ação necessária.
UCI_Dataset;17/06/04 05:00;0;NORMAL;;Sem ação necessária.
UCI_Dataset;17/06/04 06:00;0;NORMAL;;Sem ação necessária.
UCI_Dataset;17/06/04 07:00;1;MODERADO;R02_NO2_MODERADO;Monitorizar evolucão. Sensiveis reduzam atividade ao ar livre.
UCI_Dataset;17/06/04 08:00;1;MODERADO;R02_NO2_MODERADO;Monitorizar evolucão. Sensiveis reduzam atividade ao ar livre.
UCI_Dataset;17/06/04 09:00;1;MODERADO;R02_NO2_MODERADO;Monitorizar evolucão. Sensiveis reduzam atividade ao ar livre.
UCI_Dataset;17/06/04 10:00;1;MODERADO;R02_NO2_MODERADO;Monitorizar evolucão. Sensiveis reduzam atividade ao ar livre.
UCI_Dataset;17/06/04 11:00;1;MODERADO;R02_NO2_MODERADO;Monitorizar evolucão. Sensiveis reduzam atividade ao ar livre.
UCI_Dataset;17/06/04 12:00;1;MODERADO;R02_NO2_MODERADO;Monitorizar evolucão. Sensiveis reduzam atividade ao ar livre.
UCI_Dataset;17/06/04 13:00;1;MODERADO;R02_NO2_MODERADO;Monitorizar evolucão. Sensiveis reduzam atividade ao ar livre.
UCI_Dataset;17/06/04 14:00;1;MODERADO;R02_NO2_MODERADO;Monitorizar evolucão. Sensiveis reduzam atividade ao ar livre.
UCI_Dataset;17/06/04 15:00;1;MODERADO;R02_NO2_MODERADO;Monitorizar evolucão. Sensiveis reduzam atividade ao ar livre.
UCI_Dataset;17/06/04 16:00;1;MODERADO;R02_NO2_MODERADO;Monitorizar evolucão. Sensiveis reduzam atividade ao ar livre.
UCI_Dataset;17/06/04 17:00;1;MODERADO;R02_NO2_MODERADO;Monitorizar evolucão. Sensiveis reduzam atividade ao ar livre.
UCI_Dataset;17/06/04 18:00;1;MODERADO;R02_NO2_MODERADO;Monitorizar evolucão. Sensiveis reduzam atividade ao ar livre.
UCI_Dataset;17/06/04 19:00;1;MODERADO;R02_NO2_MODERADO;Monitorizar evolucão. Sensiveis reduzam atividade ao ar livre.
UCI_Dataset;17/06/04 20:00;1;MODERADO;R02_NO2_MODERADO;Monitorizar evolucão. Sensiveis reduzam atividade ao ar livre.
UCI_Dataset;17/06/04 21:00;0;NORMAL;;Sem ação necessária.
UCI_Dataset;17/06/04 22:00;0;NORMAL;;Sem ação necessária.
UCI_Dataset;17/06/04 23:00;1;MODERADO;R02_NO2_MODERADO;Monitorizar evolucão. Sensiveis reduzam atividade ao ar livre.
UCI_Dataset;18/06/04 00:00;1;MODERADO;R02_NO2_MODERADO;Monitorizar evolucão. Sensiveis reduzam atividade ao ar livre.
UCI_Dataset;18/06/04 01:00;0;NORMAL;;Sem ação necessária.
UCI_Dataset;18/06/04 02:00;0;NORMAL;;Sem ação necessária.
UCI_Dataset;18/06/04 03:00;0;NORMAL;;Sem ação necessária.
UCI_Dataset;18/06/04 04:00;0;NORMAL;;Sem ação necessária.
UCI_Dataset;18/06/04 05:00;0;NORMAL;;Sem ação necessária.
UCI_Dataset;18/06/04 06:00;0;NORMAL;;Sem ação necessária.
UCI_Dataset;18/06/04 07:00;0;NORMAL;;Sem ação necessária.
UCI_Dataset;18/06/04 08:00;1;MODERADO;R02_NO2_MODERADO;Monitorizar evolucão. Sensiveis reduzam atividade ao ar livre.
UCI_Dataset;18/06/04 09:00;1;MODERADO;R02_NO2_MODERADO;Monitorizar evolucão. Sensiveis reduzam atividade ao ar livre.
UCI_Dataset;18/06/04 10:00;1;MODERADO;R02_NO2_MODERADO;Monitorizar evolucão. Sensiveis reduzam atividade ao ar livre.
UCI_Dataset;18/06/04 11:00;1;MODERADO;R02_NO2_MODERADO;Monitorizar evolucão. Sensiveis reduzam atividade ao ar livre.
UCI_Dataset;18/06/04 12:00;1;MODERADO;R02_NO2_MODERADO;Monitorizar evolucão. Sensiveis reduzam atividade ao ar livre.
UCI_Dataset;18/06/04 13:00;2;ALTO;R09_RISCO_INCENDIO, R02_NO2_MODERADO;Risco máximo incendio florestal. Proibir queimadas. Vigilancia reforcada.
UCI_Dataset;18/06/04 14:00;2;ALTO;R09_RISCO_INCENDIO, R02_NO2_MODERADO;Risco máximo incendio florestal. Proibir queimadas. Vigilancia reforcada.
UCI_Dataset;18/06/04 15:00;2;ALTO;R09_RISCO_INCENDIO, R02_NO2_MODERADO;Risco máximo incendio florestal. Proibir queimadas. Vigilancia reforcada.
UCI_Dataset;18/06/04 16:00;2;ALTO;R09_RISCO_INCENDIO, R02_NO2_MODERADO;Risco máximo incendio florestal. Proibir queimadas. Vigilancia reforcada.
UCI_Dataset;18/06/04 17:00;2;ALTO;R09_RISCO_INCENDIO, R02_NO2_MODERADO;Risco máximo incendio florestal. Proibir queimadas. Vigilancia reforcada.
UCI_Dataset;18/06/04 18:00;1;MODERADO;R02_NO2_MODERADO;Monitorizar evolucão. Sensiveis reduzam atividade ao ar livre.
UCI_Dataset;18/06/04 19:00;1;MODERADO;R02_NO2_MODERADO;Monitorizar evolucão. Sensiveis reduzam atividade ao ar livre.
UCI_Dataset;18/06/04 20:00;1;MODERADO;R02_NO2_MODERADO;Monitorizar evolucão. Sensiveis reduzam atividade ao ar livre.
UCI_Dataset;18/06/04 21:00;1;MODERADO;R02_NO2_MODERADO;Monitorizar evolucão. Sensiveis reduzam atividade ao ar livre.
UCI_Dataset;18/06/04 22:00;0;NORMAL;;Sem ação necessária.
UCI_Dataset;18/06/04 23:00;1;MODERADO;R02_NO2_MODERADO;Monitorizar evolucão. Sensiveis reduzam atividade ao ar livre.
UCI_Dataset;19/06/04 00:00;0;NORMAL;;Sem ação necessária.
UCI_Dataset;19/06/04 01:00;0;NORMAL;;Sem ação necessária.
UCI_Dataset;19/06/04 02:00;0;NORMAL;;Sem ação necessária.
UCI_Dataset;19/06/04 03:00;0;NORMAL;;Sem ação necessária.
UCI_Dataset;19/06/04 04:00;0;NORMAL;;Sem ação necessária.
UCI_Dataset;19/06/04 05:00;0;NORMAL;;Sem ação necessária.
UCI_Dataset;19/06/04 06:00;0;NORMAL;;Sem ação necessária.
UCI_Dataset;19/06/04 07:00;0;NORMAL;;Sem ação necessária.
UCI_Dataset;19/06/04 08:00;0;NORMAL;;Sem ação necessária.
UCI_Dataset;19/06/04 09:00;0;NORMAL;;Sem ação necessária.
UCI_Dataset;19/06/04 10:00;0;NORMAL;;Sem ação necessária.
UCI_Dataset;19/06/04 11:00;1;MODERADO;R02_NO2_MODERADO;Monitorizar evolucão. Sensiveis reduzam atividade ao ar livre.
UCI_Dataset;19/06/04 12:00;0;NORMAL;;Sem ação necessária.
UCI_Dataset;19/06/04 13:00;1;ALTO;R09_RISCO_INCENDIO;Risco máximo incendio florestal. Proibir queimadas. Vigilancia reforcada.
UCI_Dataset;19/06/04 14:00;0;NORMAL;;Sem ação necessária.
UCI_Dataset;19/06/04 15:00;0;NORMAL;;Sem ação necessária.
UCI_Dataset;19/06/04 16:00;0;NORMAL;;Sem ação necessária.
UCI_Dataset;19/06/04 17:00;0;NORMAL;;Sem ação necessária.
UCI_Dataset;19/06/04 18:00;0;NORMAL;;Sem ação necessária.
UCI_Dataset;19/06/04 19:00;0;NORMAL;;Sem ação necessária.
UCI_Dataset;19/06/04 20:00;0;NORMAL;;Sem ação necessária.
UCI_Dataset;19/06/04 21:00;0;NORMAL;;Sem ação necessária.
UCI_Dataset;19/06/04 22:00;0;NORMAL;;Sem ação necessária.
UCI_Dataset;19/06/04 23:00;1;MODERADO;R02_NO2_MODERADO;Monitorizar evolucão. Sensiveis reduzam atividade ao ar livre.
UCI_Dataset;20/06/04 00:00;1;MODERADO;R02_NO2_MODERADO;Monitorizar evolucão. Sensiveis reduzam atividade ao ar livre.
UCI_Dataset;20/06/04 01:00;0;NORMAL;;Sem ação necessária.
UCI_Dataset;20/06/04 02:00;0;NORMAL;;Sem ação necessária.
UCI_Dataset;20/06/04 03:00;0;NORMAL;;Sem ação necessária.
UCI_Dataset;20/06/04 04:00;0;NORMAL;;Sem ação necessária.
UCI_Dataset;20/06/04 05:00;0;NORMAL;;Sem ação necessária.
UCI_Dataset;20/06/04 06:00;0;NORMAL;;Sem ação necessária.
UCI_Dataset;20/06/04 07:00;0;NORMAL;;Sem ação necessária.
UCI_Dataset;20/06/04 08:00;0;NORMAL;;Sem ação necessária.
UCI_Dataset;20/06/04 09:00;0;NORMAL;;Sem ação necessária.
UCI_Dataset;20/06/04 10:00;0;NORMAL;;Sem ação necessária.
UCI_Dataset;20/06/04 11:00;0;NORMAL;;Sem ação necessária.
UCI_Dataset;20/06/04 12:00;0;NORMAL;;Sem ação necessária.
UCI_Dataset;20/06/04 13:00;0;NORMAL;;Sem ação necessária.
UCI_Dataset;20/06/04 14:00;0;NORMAL;;Sem ação necessária.
UCI_Dataset;20/06/04 15:00;0;NORMAL;;Sem ação necessária.
UCI_Dataset;20/06/04 16:00;0;NORMAL;;Sem ação necessária.
UCI_Dataset;20/06/04 17:00;0;NORMAL;;Sem ação necessária.
UCI_Dataset;20/06/04 18:00;1;MODERADO;R02_NO2_MODERADO;Monitorizar evolucão. Sensiveis reduzam atividade ao ar livre.
UCI_Dataset;20/06/04 19:00;1;MODERADO;R02_NO2_MODERADO;Monitorizar evolucão. Sensiveis reduzam atividade ao ar livre.
UCI_Dataset;20/06/04 20:00;0;NORMAL;;Sem ação necessária.
UCI_Dataset;20/06/04 21:00;0;NORMAL;;Sem ação necessária.
UCI_Dataset;20/06/04 22:00;0;NORMAL;;Sem ação necessária.
UCI_Dataset;20/06/04 23:00;1;MODERADO;R02_NO2_MODERADO;Monitorizar evolucão. Sensiveis reduzam atividade ao ar livre.
UCI_Dataset;21/06/04 00:00;0;NORMAL;;Sem ação necessária.
UCI_Dataset;21/06/04 01:00;0;NORMAL;;Sem ação necessária.
UCI_Dataset;21/06/04 02:00;0;NORMAL;;Sem ação necessária.
UCI_Dataset;21/06/04 03:00;0;NORMAL;;Sem ação necessária.
UCI_Dataset;21/06/04 04:00;0;NORMAL;;Sem ação necessária.
UCI_Dataset;21/06/04 05:00;0;NORMAL;;Sem ação necessária.
UCI_Dataset;21/06/04 06:00;0;NORMAL;;Sem ação necessária.
UCI_Dataset;21/06/04 07:00;0;NORMAL;;Sem ação necessária.
UCI_Dataset;21/06/04 08:00;1;MODERADO;R02_NO2_MODERADO;Monitorizar evolucão. Sensiveis reduzam atividade ao ar livre.
UCI_Dataset;21/06/04 09:00;1;MODERADO;R02_NO2_MODERADO;Monitorizar evolucão. Sensiveis reduzam atividade ao ar livre.
UCI_Dataset;21/06/04 10:00;1;MODERADO;R02_NO2_MODERADO;Monitorizar evolucão. Sensiveis reduzam atividade ao ar livre.
UCI_Dataset;21/06/04 11:00;1;MODERADO;R02_NO2_MODERADO;Monitorizar evolucão. Sensiveis reduzam atividade ao ar livre.
UCI_Dataset;21/06/04 12:00;1;MODERADO;R02_NO2_MODERADO;Monitorizar evolucão. Sensiveis reduzam atividade ao ar livre.
UCI_Dataset;21/06/04 13:00;0;NORMAL;;Sem ação necessária.
UCI_Dataset;21/06/04 14:00;0;NORMAL;;Sem ação necessária.
UCI_Dataset;21/06/04 15:00;1;MODERADO;R02_NO2_MODERADO;Monitorizar evolucão. Sensiveis reduzam atividade ao ar livre.
UCI_Dataset;21/06/04 16:00;1;MODERADO;R02_NO2_MODERADO;Monitorizar evolucão. Sensiveis reduzam atividade ao ar livre.
UCI_Dataset;21/06/04 17:00;1;MODERADO;R02_NO2_MODERADO;Monitorizar evolucão. Sensiveis reduzam atividade ao ar livre.
UCI_Dataset;21/06/04 18:00;1;MODERADO;R02_NO2_MODERADO;Monitorizar evolucão. Sensiveis reduzam atividade ao ar livre.
UCI_Dataset;21/06/04 19:00;1;MODERADO;R02_NO2_MODERADO;Monitorizar evolucão. Sensiveis reduzam atividade ao ar livre.
UCI_Dataset;21/06/04 20:00;1;MODERADO;R02_NO2_MODERADO;Monitorizar evolucão. Sensiveis reduzam atividade ao ar livre.
UCI_Dataset;21/06/04 21:00;1;MODERADO;R02_NO2_MODERADO;Monitorizar evolucão. Sensiveis reduzam atividade ao ar livre.
UCI_Dataset;21/06/04 22:00;0;NORMAL;;Sem ação necessária.
UCI_Dataset;21/06/04 23:00;0;NORMAL;;Sem ação necessária.
UCI_Dataset;22/06/04 00:00;0;NORMAL;;Sem ação necessária.
UCI_Dataset;22/06/04 01:00;0;NORMAL;;Sem ação necessária.
UCI_Dataset;22/06/04 02:00;0;NORMAL;;Sem ação necessária.
UCI_Dataset;22/06/04 03:00;0;NORMAL;;Sem ação necessária.
UCI_Dataset;22/06/04 04:00;0;NORMAL;;Sem ação necessária.
UCI_Dataset;22/06/04 05:00;0;NORMAL;;Sem ação necessária.
UCI_Dataset;22/06/04 06:00;0;NORMAL;;Sem ação necessária.
UCI_Dataset;22/06/04 07:00;1;MODERADO;R02_NO2_MODERADO;Monitorizar evolucão. Sensiveis reduzam atividade ao ar livre.
UCI_Dataset;22/06/04 08:00;1;MODERADO;R02_NO2_MODERADO;Monitorizar evolucão. Sensiveis reduzam atividade ao ar livre.
UCI_Dataset;22/06/04 09:00;1;MODERADO;R02_NO2_MODERADO;Monitorizar evolucão. Sensiveis reduzam atividade ao ar livre.
UCI_Dataset;22/06/04 10:00;1;MODERADO;R02_NO2_MODERADO;Monitorizar evolucão. Sensiveis reduzam atividade ao ar livre.
UCI_Dataset;22/06/04 11:00;1;MODERADO;R02_NO2_MODERADO;Monitorizar evolucão. Sensiveis reduzam atividade ao ar livre.
UCI_Dataset;22/06/04 12:00;1;MODERADO;R02_NO2_MODERADO;Monitorizar evolucão. Sensiveis reduzam atividade ao ar livre.
UCI_Dataset;22/06/04 13:00;1;MODERADO;R02_NO2_MODERADO;Monitorizar evolucão. Sensiveis reduzam atividade ao ar livre.
UCI_Dataset;22/06/04 14:00;1;MODERADO;R02_NO2_MODERADO;Monitorizar evolucão. Sensiveis reduzam atividade ao ar livre.
UCI_Dataset;22/06/04 15:00;0;NORMAL;;Sem ação necessária.
UCI_Dataset;22/06/04 16:00;1;MODERADO;R02_NO2_MODERADO;Monitorizar evolucão. Sensiveis reduzam atividade ao ar livre.
UCI_Dataset;22/06/04 17:00;1;MODERADO;R02_NO2_MODERADO;Monitorizar evolucão. Sensiveis reduzam atividade ao ar livre.
UCI_Dataset;22/06/04 18:00;1;MODERADO;R02_NO2_MODERADO;Monitorizar evolucão. Sensiveis reduzam atividade ao ar livre.
UCI_Dataset;22/06/04 19:00;1;MODERADO;R02_NO2_MODERADO;Monitorizar evolucão. Sensiveis reduzam atividade ao ar livre.
UCI_Dataset;22/06/04 20:00;1;MODERADO;R02_NO2_MODERADO;Monitorizar evolucão. Sensiveis reduzam atividade ao ar livre.
UCI_Dataset;22/06/04 21:00;0;NORMAL;;Sem ação necessária.
UCI_Dataset;22/06/04 22:00;0;NORMAL;;Sem ação necessária.
UCI_Dataset;22/06/04 23:00;1;MODERADO;R02_NO2_MODERADO;Monitorizar evolucão. Sensiveis reduzam atividade ao ar livre.
UCI_Dataset;23/06/04 00:00;0;NORMAL;;Sem ação necessária.
UCI_Dataset;23/06/04 01:00;0;NORMAL;;Sem ação necessária.
UCI_Dataset;23/06/04 02:00;0;NORMAL;;Sem ação necessária.
UCI_Dataset;23/06/04 03:00;0;NORMAL;;Sem ação necessária.
UCI_Dataset;23/06/04 04:00;0;NORMAL;;Sem ação necessária.
UCI_Dataset;23/06/04 05:00;0;NORMAL;;Sem ação necessária.
UCI_Dataset;23/06/04 06:00;0;NORMAL;;Sem ação necessária.
UCI_Dataset;23/06/04 07:00;1;MODERADO;R02_NO2_MODERADO;Monitorizar evolucão. Sensiveis reduzam atividade ao ar livre.
UCI_Dataset;23/06/04 08:00;1;MODERADO;R02_NO2_MODERADO;Monitorizar evolucão. Sensiveis reduzam atividade ao ar livre.
UCI_Dataset;23/06/04 09:00;1;MODERADO;R02_NO2_MODERADO;Monitorizar evolucão. Sensiveis reduzam atividade ao ar livre.
UCI_Dataset;23/06/04 10:00;1;MODERADO;R02_NO2_MODERADO;Monitorizar evolucão. Sensiveis reduzam atividade ao ar livre.
UCI_Dataset;23/06/04 11:00;1;MODERADO;R02_NO2_MODERADO;Monitorizar evolucão. Sensiveis reduzam atividade ao ar livre.
UCI_Dataset;23/06/04 12:00;1;MODERADO;R02_NO2_MODERADO;Monitorizar evolucão. Sensiveis reduzam atividade ao ar livre.
UCI_Dataset;23/06/04 13:00;2;ALTO;R09_RISCO_INCENDIO, R02_NO2_MODERADO;Risco máximo incendio florestal. Proibir queimadas. Vigilancia reforcada.
UCI_Dataset;23/06/04 14:00;1;MODERADO;R02_NO2_MODERADO;Monitorizar evolucão. Sensiveis reduzam atividade ao ar livre.
UCI_Dataset;23/06/04 15:00;1;MODERADO;R02_NO2_MODERADO;Monitorizar evolucão. Sensiveis reduzam atividade ao ar livre.
UCI_Dataset;23/06/04 16:00;1;MODERADO;R02_NO2_MODERADO;Monitorizar evolucão. Sensiveis reduzam atividade ao ar livre.
UCI_Dataset;23/06/04 17:00;1;MODERADO;R02_NO2_MODERADO;Monitorizar evolucão. Sensiveis reduzam atividade ao ar livre.
UCI_Dataset;23/06/04 18:00;1;MODERADO;R02_NO2_MODERADO;Monitorizar evolucão. Sensiveis reduzam atividade ao ar livre.
UCI_Dataset;23/06/04 19:00;1;MODERADO;R02_NO2_MODERADO;Monitorizar evolucão. Sensiveis reduzam atividade ao ar livre.
UCI_Dataset;23/06/04 20:00;1;MODERADO;R02_NO2_MODERADO;Monitorizar evolucão. Sensiveis reduzam atividade ao ar livre.
UCI_Dataset;23/06/04 21:00;1;MODERADO;R02_NO2_MODERADO;Monitorizar evolucão. Sensiveis reduzam atividade ao ar livre.
UCI_Dataset;23/06/04 22:00;1;MODERADO;R02_NO2_MODERADO;Monitorizar evolucão. Sensiveis reduzam atividade ao ar livre.
UCI_Dataset;23/06/04 23:00;1;MODERADO;R02_NO2_MODERADO;Monitorizar evolucão. Sensiveis reduzam atividade ao ar livre.
UCI_Dataset;24/06/04 00:00;1;MODERADO;R02_NO2_MODERADO;Monitorizar evolucão. Sensiveis reduzam atividade ao ar livre.
UCI_Dataset;24/06/04 01:00;0;NORMAL;;Sem ação necessária.
UCI_Dataset;24/06/04 02:00;0;NORMAL;;Sem ação necessária.
UCI_Dataset;24/06/04 03:00;0;NORMAL;;Sem ação necessária.
UCI_Dataset;24/06/04 04:00;0;NORMAL;;Sem ação necessária.
UCI_Dataset;24/06/04 05:00;0;NORMAL;;Sem ação necessária.
UCI_Dataset;24/06/04 06:00;0;NORMAL;;Sem ação necessária.
UCI_Dataset;24/06/04 07:00;0;NORMAL;;Sem ação necessária.
UCI_Dataset;24/06/04 08:00;0;NORMAL;;Sem ação necessária.
UCI_Dataset;24/06/04 09:00;0;NORMAL;;Sem ação necessária.
UCI_Dataset;24/06/04 10:00;0;NORMAL;;Sem ação necessária.
UCI_Dataset;24/06/04 11:00;0;NORMAL;;Sem ação necessária.
UCI_Dataset;24/06/04 12:00;0;NORMAL;;Sem ação necessária.
UCI_Dataset;24/06/04 13:00;0;NORMAL;;Sem ação necessária.
UCI_Dataset;24/06/04 14:00;0;NORMAL;;Sem ação necessária.
UCI_Dataset;24/06/04 15:00;1;ALTO;R09_RISCO_INCENDIO;Risco máximo incendio florestal. Proibir queimadas. Vigilancia reforcada.
UCI_Dataset;24/06/04 16:00;1;ALTO;R09_RISCO_INCENDIO;Risco máximo incendio florestal. Proibir queimadas. Vigilancia reforcada.
UCI_Dataset;24/06/04 17:00;1;ALTO;R09_RISCO_INCENDIO;Risco máximo incendio florestal. Proibir queimadas. Vigilancia reforcada.
UCI_Dataset;24/06/04 18:00;1;MODERADO;R02_NO2_MODERADO;Monitorizar evolucão. Sensiveis reduzam atividade ao ar livre.
UCI_Dataset;24/06/04 19:00;1;MODERADO;R02_NO2_MODERADO;Monitorizar evolucão. Sensiveis reduzam atividade ao ar livre.
UCI_Dataset;24/06/04 20:00;1;MODERADO;R02_NO2_MODERADO;Monitorizar evolucão. Sensiveis reduzam atividade ao ar livre.
UCI_Dataset;24/06/04 21:00;1;MODERADO;R02_NO2_MODERADO;Monitorizar evolucão. Sensiveis reduzam atividade ao ar livre.
UCI_Dataset;24/06/04 22:00;1;MODERADO;R02_NO2_MODERADO;Monitorizar evolucão. Sensiveis reduzam atividade ao ar livre.
UCI_Dataset;24/06/04 23:00;1;MODERADO;R02_NO2_MODERADO;Monitorizar evolucão. Sensiveis reduzam atividade ao ar livre.
UCI_Dataset;25/06/04 00:00;1;MODERADO;R02_NO2_MODERADO;Monitorizar evolucão. Sensiveis reduzam atividade ao ar livre.
UCI_Dataset;25/06/04 01:00;0;NORMAL;;Sem ação necessária.
UCI_Dataset;25/06/04 02:00;0;NORMAL;;Sem ação necessária.
UCI_Dataset;25/06/04 03:00;0;NORMAL;;Sem ação necessária.
UCI_Dataset;25/06/04 04:00;0;NORMAL;;Sem ação necessária.
UCI_Dataset;25/06/04 05:00;0;NORMAL;;Sem ação necessária.
UCI_Dataset;25/06/04 06:00;0;NORMAL;;Sem ação necessária.
UCI_Dataset;25/06/04 07:00;1;MODERADO;R02_NO2_MODERADO;Monitorizar evolucão. Sensiveis reduzam atividade ao ar livre.
UCI_Dataset;25/06/04 08:00;1;MODERADO;R02_NO2_MODERADO;Monitorizar evolucão. Sensiveis reduzam atividade ao ar livre.
UCI_Dataset;25/06/04 09:00;1;MODERADO;R02_NO2_MODERADO;Monitorizar evolucão. Sensiveis reduzam atividade ao ar livre.
UCI_Dataset;25/06/04 10:00;1;MODERADO;R02_NO2_MODERADO;Monitorizar evolucão. Sensiveis reduzam atividade ao ar livre.
UCI_Dataset;25/06/04 11:00;1;MODERADO;R02_NO2_MODERADO;Monitorizar evolucão. Sensiveis reduzam atividade ao ar livre.
UCI_Dataset;25/06/04 12:00;1;MODERADO;R02_NO2_MODERADO;Monitorizar evolucão. Sensiveis reduzam atividade ao ar livre.
UCI_Dataset;25/06/04 13:00;0;NORMAL;;Sem ação necessária.
UCI_Dataset;25/06/04 14:00;1;ALTO;R09_RISCO_INCENDIO;Risco máximo incendio florestal. Proibir queimadas. Vigilancia reforcada.
UCI_Dataset;25/06/04 15:00;1;ALTO;R09_RISCO_INCENDIO;Risco máximo incendio florestal. Proibir queimadas. Vigilancia reforcada.
UCI_Dataset;25/06/04 16:00;2;ALTO;R09_RISCO_INCENDIO, R02_NO2_MODERADO;Risco máximo incendio florestal. Proibir queimadas. Vigilancia reforcada.
UCI_Dataset;25/06/04 17:00;2;ALTO;R09_RISCO_INCENDIO, R02_NO2_MODERADO;Risco máximo incendio florestal. Proibir queimadas. Vigilancia reforcada.
UCI_Dataset;25/06/04 18:00;1;MODERADO;R02_NO2_MODERADO;Monitorizar evolucão. Sensiveis reduzam atividade ao ar livre.
UCI_Dataset;25/06/04 19:00;1;MODERADO;R02_NO2_MODERADO;Monitorizar evolucão. Sensiveis reduzam atividade ao ar livre.
UCI_Dataset;25/06/04 20:00;1;MODERADO;R02_NO2_MODERADO;Monitorizar evolucão. Sensiveis reduzam atividade ao ar livre.
UCI_Dataset;25/06/04 21:00;1;MODERADO;R02_NO2_MODERADO;Monitorizar evolucão. Sensiveis reduzam atividade ao ar livre.
UCI_Dataset;25/06/04 22:00;1;MODERADO;R02_NO2_MODERADO;Monitorizar evolucão. Sensiveis reduzam atividade ao ar livre.
UCI_Dataset;25/06/04 23:00;1;MODERADO;R02_NO2_MODERADO;Monitorizar evolucão. Sensiveis reduzam atividade ao ar livre.
UCI_Dataset;26/06/04 00:00;0;NORMAL;;Sem ação necessária.
UCI_Dataset;26/06/04 01:00;0;NORMAL;;Sem ação necessária.
UCI_Dataset;26/06/04 02:00;0;NORMAL;;Sem ação necessária.
UCI_Dataset;26/06/04 03:00;0;NORMAL;;Sem ação necessária.
UCI_Dataset;26/06/04 04:00;0;NORMAL;;Sem ação necessária.
UCI_Dataset;26/06/04 05:00;0;NORMAL;;Sem ação necessária.
UCI_Dataset;26/06/04 06:00;0;NORMAL;;Sem ação necessária.
UCI_Dataset;26/06/04 07:00;1;MODERADO;R02_NO2_MODERADO;Monitorizar evolucão. Sensiveis reduzam atividade ao ar livre.
UCI_Dataset;26/06/04 08:00;1;MODERADO;R02_NO2_MODERADO;Monitorizar evolucão. Sensiveis reduzam atividade ao ar livre.
UCI_Dataset;26/06/04 09:00;1;MODERADO;R02_NO2_MODERADO;Monitorizar evolucão. Sensiveis reduzam atividade ao ar livre.
UCI_Dataset;26/06/04 10:00;1;MODERADO;R02_NO2_MODERADO;Monitorizar evolucão. Sensiveis reduzam atividade ao ar livre.
UCI_Dataset;26/06/04 11:00;1;MODERADO;R02_NO2_MODERADO;Monitorizar evolucão. Sensiveis reduzam atividade ao ar livre.
UCI_Dataset;26/06/04 12:00;1;ALTO;R09_RISCO_INCENDIO;Risco máximo incendio florestal. Proibir queimadas. Vigilancia reforcada.
UCI_Dataset;26/06/04 13:00;1;ALTO;R09_RISCO_INCENDIO;Risco máximo incendio florestal. Proibir queimadas. Vigilancia reforcada.
UCI_Dataset;26/06/04 14:00;1;ALTO;R09_RISCO_INCENDIO;Risco máximo incendio florestal. Proibir queimadas. Vigilancia reforcada.
UCI_Dataset;26/06/04 15:00;1;ALTO;R09_RISCO_INCENDIO;Risco máximo incendio florestal. Proibir queimadas. Vigilancia reforcada.
UCI_Dataset;26/06/04 16:00;1;ALTO;R09_RISCO_INCENDIO;Risco máximo incendio florestal. Proibir queimadas. Vigilancia reforcada.
UCI_Dataset;26/06/04 17:00;0;NORMAL;;Sem ação necessária.
UCI_Dataset;26/06/04 18:00;0;NORMAL;;Sem ação necessária.
UCI_Dataset;26/06/04 19:00;0;NORMAL;;Sem ação necessária.
UCI_Dataset;26/06/04 20:00;0;NORMAL;;Sem ação necessária.
UCI_Dataset;26/06/04 21:00;0;NORMAL;;Sem ação necessária.
UCI_Dataset;26/06/04 22:00;0;NORMAL;;Sem ação necessária.
UCI_Dataset;26/06/04 23:00;1;MODERADO;R02_NO2_MODERADO;Monitorizar evolucão. Sensiveis reduzam atividade ao ar livre.
UCI_Dataset;27/06/04 00:00;0;NORMAL;;Sem ação necessária.
UCI_Dataset;27/06/04 01:00;0;NORMAL;;Sem ação necessária.
UCI_Dataset;27/06/04 02:00;0;NORMAL;;Sem ação necessária.
UCI_Dataset;27/06/04 03:00;0;NORMAL;;Sem ação necessária.
UCI_Dataset;27/06/04 04:00;0;NORMAL;;Sem ação necessária.
UCI_Dataset;27/06/04 05:00;0;NORMAL;;Sem ação necessária.
UCI_Dataset;27/06/04 06:00;0;NORMAL;;Sem ação necessária.
UCI_Dataset;27/06/04 07:00;0;NORMAL;;Sem ação necessária.
UCI_Dataset;27/06/04 08:00;0;NORMAL;;Sem ação necessária.
UCI_Dataset;27/06/04 09:00;1;MODERADO;R02_NO2_MODERADO;Monitorizar evolucão. Sensiveis reduzam atividade ao ar livre.
UCI_Dataset;27/06/04 10:00;1;MODERADO;R02_NO2_MODERADO;Monitorizar evolucão. Sensiveis reduzam atividade ao ar livre.
UCI_Dataset;27/06/04 11:00;2;ALTO;R09_RISCO_INCENDIO, R02_NO2_MODERADO;Risco máximo incendio florestal. Proibir queimadas. Vigilancia reforcada.
UCI_Dataset;27/06/04 12:00;1;ALTO;R09_RISCO_INCENDIO;Risco máximo incendio florestal. Proibir queimadas. Vigilancia reforcada.
UCI_Dataset;27/06/04 13:00;1;ALTO;R09_RISCO_INCENDIO;Risco máximo incendio florestal. Proibir queimadas. Vigilancia reforcada.
UCI_Dataset;27/06/04 14:00;2;ALTO;R08_CALOR_EXTREMO, R09_RISCO_INCENDIO;Alerta vermelho calor. Ativar Plano de Contingencia. Populações vulneráveis em risco.
UCI_Dataset;27/06/04 15:00;2;ALTO;R08_CALOR_EXTREMO, R09_RISCO_INCENDIO;Alerta vermelho calor. Ativar Plano de Contingencia. Populações vulneráveis em risco.
UCI_Dataset;27/06/04 16:00;2;ALTO;R08_CALOR_EXTREMO, R09_RISCO_INCENDIO;Alerta vermelho calor. Ativar Plano de Contingencia. Populações vulneráveis em risco.
UCI_Dataset;27/06/04 17:00;3;ALTO;R08_CALOR_EXTREMO, R09_RISCO_INCENDIO, R02_NO2_MODERADO;Alerta vermelho calor. Ativar Plano de Contingencia. Populações vulneráveis em risco.
UCI_Dataset;27/06/04 18:00;2;ALTO;R09_RISCO_INCENDIO, R02_NO2_MODERADO;Risco máximo incendio florestal. Proibir queimadas. Vigilancia reforcada.
UCI_Dataset;27/06/04 19:00;1;MODERADO;R02_NO2_MODERADO;Monitorizar evolucão. Sensiveis reduzam atividade ao ar livre.
UCI_Dataset;27/06/04 20:00;1;MODERADO;R02_NO2_MODERADO;Monitorizar evolucão. Sensiveis reduzam atividade ao ar livre.
UCI_Dataset;27/06/04 21:00;1;MODERADO;R02_NO2_MODERADO;Monitorizar evolucão. Sensiveis reduzam atividade ao ar livre.
UCI_Dataset;27/06/04 22:00;1;MODERADO;R02_NO2_MODERADO;Monitorizar evolucão. Sensiveis reduzam atividade ao ar livre.
UCI_Dataset;27/06/04 23:00;0;NORMAL;;Sem ação necessária.
UCI_Dataset;28/06/04 00:00;0;NORMAL;;Sem ação necessária.
UCI_Dataset;28/06/04 01:00;0;NORMAL;;Sem ação necessária.
UCI_Dataset;28/06/04 02:00;0;NORMAL;;Sem ação necessária.
UCI_Dataset;28/06/04 03:00;0;NORMAL;;Sem ação necessária.
UCI_Dataset;28/06/04 04:00;0;NORMAL;;Sem ação necessária.
UCI_Dataset;28/06/04 05:00;0;NORMAL;;Sem ação necessária.
UCI_Dataset;28/06/04 06:00;0;NORMAL;;Sem ação necessária.
UCI_Dataset;28/06/04 07:00;1;MODERADO;R02_NO2_MODERADO;Monitorizar evolucão. Sensiveis reduzam atividade ao ar livre.
UCI_Dataset;28/06/04 08:00;1;MODERADO;R02_NO2_MODERADO;Monitorizar evolucão. Sensiveis reduzam atividade ao ar livre.
UCI_Dataset;28/06/04 09:00;1;MODERADO;R02_NO2_MODERADO;Monitorizar evolucão. Sensiveis reduzam atividade ao ar livre.
UCI_Dataset;28/06/04 10:00;1;MODERADO;R02_NO2_MODERADO;Monitorizar evolucão. Sensiveis reduzam atividade ao ar livre.
UCI_Dataset;28/06/04 11:00;2;ALTO;R09_RISCO_INCENDIO, R02_NO2_MODERADO;Risco máximo incendio florestal. Proibir queimadas. Vigilancia reforcada.
UCI_Dataset;28/06/04 12:00;2;ALTO;R09_RISCO_INCENDIO, R02_NO2_MODERADO;Risco máximo incendio florestal. Proibir queimadas. Vigilancia reforcada.
UCI_Dataset;28/06/04 13:00;2;ALTO;R09_RISCO_INCENDIO, R02_NO2_MODERADO;Risco máximo incendio florestal. Proibir queimadas. Vigilancia reforcada.
UCI_Dataset;28/06/04 14:00;2;ALTO;R08_CALOR_EXTREMO, R09_RISCO_INCENDIO;Alerta vermelho calor. Ativar Plano de Contingencia. Populações vulneráveis em risco.
UCI_Dataset;28/06/04 15:00;3;ALTO;R08_CALOR_EXTREMO, R09_RISCO_INCENDIO, R02_NO2_MODERADO;Alerta vermelho calor. Ativar Plano de Contingencia. Populações vulneráveis em risco.
UCI_Dataset;28/06/04 16:00;2;ALTO;R09_RISCO_INCENDIO, R02_NO2_MODERADO;Risco máximo incendio florestal. Proibir queimadas. Vigilancia reforcada.
UCI_Dataset;28/06/04 17:00;2;ALTO;R09_RISCO_INCENDIO, R02_NO2_MODERADO;Risco máximo incendio florestal. Proibir queimadas. Vigilancia reforcada.
UCI_Dataset;28/06/04 18:00;2;ALTO;R09_RISCO_INCENDIO, R02_NO2_MODERADO;Risco máximo incendio florestal. Proibir queimadas. Vigilancia reforcada.
UCI_Dataset;28/06/04 19:00;1;MODERADO;R02_NO2_MODERADO;Monitorizar evolucão. Sensiveis reduzam atividade ao ar livre.
UCI_Dataset;28/06/04 20:00;1;MODERADO;R02_NO2_MODERADO;Monitorizar evolucão. Sensiveis reduzam atividade ao ar livre.
UCI_Dataset;28/06/04 21:00;0;NORMAL;;Sem ação necessária.
UCI_Dataset;28/06/04 22:00;0;NORMAL;;Sem ação necessária.
UCI_Dataset;28/06/04 23:00;0;NORMAL;;Sem ação necessária.
UCI_Dataset;29/06/04 00:00;0;NORMAL;;Sem ação necessária.
UCI_Dataset;29/06/04 01:00;0;NORMAL;;Sem ação necessária.
UCI_Dataset;29/06/04 02:00;0;NORMAL;;Sem ação necessária.
UCI_Dataset;29/06/04 03:00;0;NORMAL;;Sem ação necessária.
UCI_Dataset;29/06/04 04:00;0;NORMAL;;Sem ação necessária.
UCI_Dataset;29/06/04 05:00;0;NORMAL;;Sem ação necessária.
UCI_Dataset;29/06/04 06:00;0;NORMAL;;Sem ação necessária.
UCI_Dataset;29/06/04 07:00;1;MODERADO;R02_NO2_MODERADO;Monitorizar evolucão. Sensiveis reduzam atividade ao ar livre.
UCI_Dataset;29/06/04 08:00;1;MODERADO;R02_NO2_MODERADO;Monitorizar evolucão. Sensiveis reduzam atividade ao ar livre.
UCI_Dataset;29/06/04 09:00;1;MODERADO;R02_NO2_MODERADO;Monitorizar evolucão. Sensiveis reduzam atividade ao ar livre.
UCI_Dataset;29/06/04 10:00;1;MODERADO;R02_NO2_MODERADO;Monitorizar evolucão. Sensiveis reduzam atividade ao ar livre.
UCI_Dataset;29/06/04 11:00;2;ALTO;R09_RISCO_INCENDIO, R02_NO2_MODERADO;Risco máximo incendio florestal. Proibir queimadas. Vigilancia reforcada.
UCI_Dataset;29/06/04 12:00;2;ALTO;R09_RISCO_INCENDIO, R02_NO2_MODERADO;Risco máximo incendio florestal. Proibir queimadas. Vigilancia reforcada.
UCI_Dataset;29/06/04 13:00;2;ALTO;R09_RISCO_INCENDIO, R02_NO2_MODERADO;Risco máximo incendio florestal. Proibir queimadas. Vigilancia reforcada.
UCI_Dataset;29/06/04 14:00;2;ALTO;R09_RISCO_INCENDIO, R02_NO2_MODERADO;Risco máximo incendio florestal. Proibir queimadas. Vigilancia reforcada.
UCI_Dataset;29/06/04 15:00;2;ALTO;R09_RISCO_INCENDIO, R02_NO2_MODERADO;Risco máximo incendio florestal. Proibir queimadas. Vigilancia reforcada.
UCI_Dataset;29/06/04 16:00;2;ALTO;R09_RISCO_INCENDIO, R02_NO2_MODERADO;Risco máximo incendio florestal. Proibir queimadas. Vigilancia reforcada.
UCI_Dataset;29/06/04 17:00;2;ALTO;R09_RISCO_INCENDIO, R02_NO2_MODERADO;Risco máximo incendio florestal. Proibir queimadas. Vigilancia reforcada.
UCI_Dataset;29/06/04 18:00;2;ALTO;R09_RISCO_INCENDIO, R02_NO2_MODERADO;Risco máximo incendio florestal. Proibir queimadas. Vigilancia reforcada.
UCI_Dataset;29/06/04 19:00;1;ALTO;R01_NO2_ALTO;Limitar trafego automovel. Grupos sensiveis evitem exposição prolongada.
UCI_Dataset;29/06/04 20:00;1;MODERADO;R02_NO2_MODERADO;Monitorizar evolucão. Sensiveis reduzam atividade ao ar livre.
UCI_Dataset;29/06/04 21:00;1;MODERADO;R02_NO2_MODERADO;Monitorizar evolucão. Sensiveis reduzam atividade ao ar livre.
UCI_Dataset;29/06/04 22:00;1;MODERADO;R02_NO2_MODERADO;Monitorizar evolucão. Sensiveis reduzam atividade ao ar livre.
UCI_Dataset;29/06/04 23:00;0;NORMAL;;Sem ação necessária.
UCI_Dataset;30/06/04 00:00;1;MODERADO;R02_NO2_MODERADO;Monitorizar evolucão. Sensiveis reduzam atividade ao ar livre.
UCI_Dataset;30/06/04 01:00;0;NORMAL;;Sem ação necessária.
UCI_Dataset;30/06/04 02:00;0;NORMAL;;Sem ação necessária.
UCI_Dataset;30/06/04 03:00;0;NORMAL;;Sem ação necessária.
UCI_Dataset;30/06/04 04:00;0;NORMAL;;Sem ação necessária.
UCI_Dataset;30/06/04 05:00;0;NORMAL;;Sem ação necessária.
UCI_Dataset;30/06/04 06:00;0;NORMAL;;Sem ação necessária.
UCI_Dataset;30/06/04 07:00;1;MODERADO;R02_NO2_MODERADO;Monitorizar evolucão. Sensiveis reduzam atividade ao ar livre.
UCI_Dataset;30/06/04 08:00;1;MODERADO;R02_NO2_MODERADO;Monitorizar evolucão. Sensiveis reduzam atividade ao ar livre.
UCI_Dataset;30/06/04 09:00;1;MODERADO;R02_NO2_MODERADO;Monitorizar evolucão. Sensiveis reduzam atividade ao ar livre.
UCI_Dataset;30/06/04 10:00;1;MODERADO;R02_NO2_MODERADO;Monitorizar evolucão. Sensiveis reduzam atividade ao ar livre.
UCI_Dataset;30/06/04 11:00;2;ALTO;R09_RISCO_INCENDIO, R02_NO2_MODERADO;Risco máximo incendio florestal. Proibir queimadas. Vigilancia reforcada.
UCI_Dataset;30/06/04 12:00;2;ALTO;R09_RISCO_INCENDIO, R02_NO2_MODERADO;Risco máximo incendio florestal. Proibir queimadas. Vigilancia reforcada.
UCI_Dataset;30/06/04 13:00;2;ALTO;R09_RISCO_INCENDIO, R02_NO2_MODERADO;Risco máximo incendio florestal. Proibir queimadas. Vigilancia reforcada.
UCI_Dataset;30/06/04 14:00;2;ALTO;R09_RISCO_INCENDIO, R02_NO2_MODERADO;Risco máximo incendio florestal. Proibir queimadas. Vigilancia reforcada.
UCI_Dataset;30/06/04 15:00;2;ALTO;R09_RISCO_INCENDIO, R02_NO2_MODERADO;Risco máximo incendio florestal. Proibir queimadas. Vigilancia reforcada.
UCI_Dataset;30/06/04 16:00;2;ALTO;R09_RISCO_INCENDIO, R02_NO2_MODERADO;Risco máximo incendio florestal. Proibir queimadas. Vigilancia reforcada.
UCI_Dataset;30/06/04 17:00;2;ALTO;R01_NO2_ALTO, R09_RISCO_INCENDIO;Limitar trafego automovel. Grupos sensiveis evitem exposição prolongada.
UCI_Dataset;30/06/04 18:00;1;ALTO;R01_NO2_ALTO;Limitar trafego automovel. Grupos sensiveis evitem exposição prolongada.
UCI_Dataset;30/06/04 19:00;1;MODERADO;R02_NO2_MODERADO;Monitorizar evolucão. Sensiveis reduzam atividade ao ar livre.
UCI_Dataset;30/06/04 20:00;1;MODERADO;R02_NO2_MODERADO;Monitorizar evolucão. Sensiveis reduzam atividade ao ar livre.
UCI_Dataset;30/06/04 21:00;1;MODERADO;R02_NO2_MODERADO;Monitorizar evolucão. Sensiveis reduzam atividade ao ar livre.
UCI_Dataset;30/06/04 22:00;1;MODERADO;R02_NO2_MODERADO;Monitorizar evolucão. Sensiveis reduzam atividade ao ar livre.
UCI_Dataset;30/06/04 23:00;1;MODERADO;R02_NO2_MODERADO;Monitorizar evolucão. Sensiveis reduzam atividade ao ar livre.
UCI_Dataset;01/07/04 00:00;1;MODERADO;R02_NO2_MODERADO;Monitorizar evolucão. Sensiveis reduzam atividade ao ar livre.
UCI_Dataset;01/07/04 01:00;0;NORMAL;;Sem ação necessária.
UCI_Dataset;01/07/04 02:00;0;NORMAL;;Sem ação necessária.
UCI_Dataset;01/07/04 03:00;0;NORMAL;;Sem ação necessária.
UCI_Dataset;01/07/04 04:00;0;NORMAL;;Sem ação necessária.
UCI_Dataset;01/07/04 05:00;0;NORMAL;;Sem ação necessária.
UCI_Dataset;01/07/04 06:00;0;NORMAL;;Sem ação necessária.
UCI_Dataset;01/07/04 07:00;0;NORMAL;;Sem ação necessária.
UCI_Dataset;01/07/04 08:00;1;MODERADO;R02_NO2_MODERADO;Monitorizar evolucão. Sensiveis reduzam atividade ao ar livre.
UCI_Dataset;01/07/04 09:00;1;MODERADO;R02_NO2_MODERADO;Monitorizar evolucão. Sensiveis reduzam atividade ao ar livre.
UCI_Dataset;01/07/04 10:00;1;MODERADO;R02_NO2_MODERADO;Monitorizar evolucão. Sensiveis reduzam atividade ao ar livre.
UCI_Dataset;01/07/04 11:00;1;MODERADO;R02_NO2_MODERADO;Monitorizar evolucão. Sensiveis reduzam atividade ao ar livre.
UCI_Dataset;01/07/04 12:00;2;ALTO;R09_RISCO_INCENDIO, R02_NO2_MODERADO;Risco máximo incendio florestal. Proibir queimadas. Vigilancia reforcada.
UCI_Dataset;01/07/04 13:00;2;ALTO;R09_RISCO_INCENDIO, R02_NO2_MODERADO;Risco máximo incendio florestal. Proibir queimadas. Vigilancia reforcada.
UCI_Dataset;01/07/04 14:00;2;ALTO;R09_RISCO_INCENDIO, R02_NO2_MODERADO;Risco máximo incendio florestal. Proibir queimadas. Vigilancia reforcada.
UCI_Dataset;01/07/04 15:00;2;ALTO;R09_RISCO_INCENDIO, R02_NO2_MODERADO;Risco máximo incendio florestal. Proibir queimadas. Vigilancia reforcada.
UCI_Dataset;01/07/04 16:00;2;ALTO;R09_RISCO_INCENDIO, R02_NO2_MODERADO;Risco máximo incendio florestal. Proibir queimadas. Vigilancia reforcada.
UCI_Dataset;01/07/04 17:00;2;ALTO;R09_RISCO_INCENDIO, R02_NO2_MODERADO;Risco máximo incendio florestal. Proibir queimadas. Vigilancia reforcada.
UCI_Dataset;01/07/04 18:00;1;MODERADO;R02_NO2_MODERADO;Monitorizar evolucão. Sensiveis reduzam atividade ao ar livre.
UCI_Dataset;01/07/04 19:00;1;MODERADO;R02_NO2_MODERADO;Monitorizar evolucão. Sensiveis reduzam atividade ao ar livre.
UCI_Dataset;01/07/04 20:00;1;MODERADO;R02_NO2_MODERADO;Monitorizar evolucão. Sensiveis reduzam atividade ao ar livre.
UCI_Dataset;01/07/04 21:00;1;MODERADO;R02_NO2_MODERADO;Monitorizar evolucão. Sensiveis reduzam atividade ao ar livre.
UCI_Dataset;01/07/04 22:00;1;MODERADO;R02_NO2_MODERADO;Monitorizar evolucão. Sensiveis reduzam atividade ao ar livre.
UCI_Dataset;01/07/04 23:00;1;MODERADO;R02_NO2_MODERADO;Monitorizar evolucão. Sensiveis reduzam atividade ao ar livre.
UCI_Dataset;02/07/04 00:00;1;MODERADO;R02_NO2_MODERADO;Monitorizar evolucão. Sensiveis reduzam atividade ao ar livre.
UCI_Dataset;02/07/04 01:00;0;NORMAL;;Sem ação necessária.
UCI_Dataset;02/07/04 02:00;0;NORMAL;;Sem ação necessária.
UCI_Dataset;02/07/04 03:00;0;NORMAL;;Sem ação necessária.
UCI_Dataset;02/07/04 04:00;0;NORMAL;;Sem ação necessária.
UCI_Dataset;02/07/04 05:00;0;NORMAL;;Sem ação necessária.
UCI_Dataset;02/07/04 06:00;0;NORMAL;;Sem ação necessária.
UCI_Dataset;02/07/04 07:00;1;MODERADO;R02_NO2_MODERADO;Monitorizar evolucão. Sensiveis reduzam atividade ao ar livre.
UCI_Dataset;02/07/04 08:00;1;MODERADO;R02_NO2_MODERADO;Monitorizar evolucão. Sensiveis reduzam atividade ao ar livre.
UCI_Dataset;02/07/04 09:00;1;MODERADO;R02_NO2_MODERADO;Monitorizar evolucão. Sensiveis reduzam atividade ao ar livre.
UCI_Dataset;02/07/04 10:00;1;MODERADO;R02_NO2_MODERADO;Monitorizar evolucão. Sensiveis reduzam atividade ao ar livre.
UCI_Dataset;02/07/04 11:00;1;MODERADO;R02_NO2_MODERADO;Monitorizar evolucão. Sensiveis reduzam atividade ao ar livre.
UCI_Dataset;02/07/04 12:00;2;ALTO;R09_RISCO_INCENDIO, R02_NO2_MODERADO;Risco máximo incendio florestal. Proibir queimadas. Vigilancia reforcada.
UCI_Dataset;02/07/04 13:00;2;ALTO;R09_RISCO_INCENDIO, R02_NO2_MODERADO;Risco máximo incendio florestal. Proibir queimadas. Vigilancia reforcada.
UCI_Dataset;02/07/04 14:00;2;ALTO;R09_RISCO_INCENDIO, R02_NO2_MODERADO;Risco máximo incendio florestal. Proibir queimadas. Vigilancia reforcada.
UCI_Dataset;02/07/04 15:00;2;ALTO;R09_RISCO_INCENDIO, R02_NO2_MODERADO;Risco máximo incendio florestal. Proibir queimadas. Vigilancia reforcada.
UCI_Dataset;02/07/04 16:00;2;ALTO;R09_RISCO_INCENDIO, R02_NO2_MODERADO;Risco máximo incendio florestal. Proibir queimadas. Vigilancia reforcada.
UCI_Dataset;02/07/04 17:00;1;MODERADO;R02_NO2_MODERADO;Monitorizar evolucão. Sensiveis reduzam atividade ao ar livre.
UCI_Dataset;02/07/04 18:00;1;MODERADO;R02_NO2_MODERADO;Monitorizar evolucão. Sensiveis reduzam atividade ao ar livre.
UCI_Dataset;02/07/04 19:00;1;MODERADO;R02_NO2_MODERADO;Monitorizar evolucão. Sensiveis reduzam atividade ao ar livre.
UCI_Dataset;02/07/04 20:00;1;MODERADO;R02_NO2_MODERADO;Monitorizar evolucão. Sensiveis reduzam atividade ao ar livre.
UCI_Dataset;02/07/04 21:00;1;MODERADO;R02_NO2_MODERADO;Monitorizar evolucão. Sensiveis reduzam atividade ao ar livre.
UCI_Dataset;02/07/04 22:00;1;MODERADO;R02_NO2_MODERADO;Monitorizar evolucão. Sensiveis reduzam atividade ao ar livre.
UCI_Dataset;02/07/04 23:00;1;MODERADO;R02_NO2_MODERADO;Monitorizar evolucão. Sensiveis reduzam atividade ao ar livre.
UCI_Dataset;03/07/04 00:00;1;MODERADO;R02_NO2_MODERADO;Monitorizar evolucão. Sensiveis reduzam atividade ao ar livre.
UCI_Dataset;03/07/04 01:00;0;NORMAL;;Sem ação necessária.
UCI_Dataset;03/07/04 02:00;0;NORMAL;;Sem ação necessária.
UCI_Dataset;03/07/04 03:00;0;NORMAL;;Sem ação necessária.
UCI_Dataset;03/07/04 04:00;0;NORMAL;;Sem ação necessária.
UCI_Dataset;03/07/04 05:00;0;NORMAL;;Sem ação necessária.
UCI_Dataset;03/07/04 06:00;0;NORMAL;;Sem ação necessária.
UCI_Dataset;03/07/04 07:00;1;MODERADO;R02_NO2_MODERADO;Monitorizar evolucão. Sensiveis reduzam atividade ao ar livre.
UCI_Dataset;03/07/04 08:00;1;MODERADO;R02_NO2_MODERADO;Monitorizar evolucão. Sensiveis reduzam atividade ao ar livre.
UCI_Dataset;03/07/04 09:00;1;MODERADO;R02_NO2_MODERADO;Monitorizar evolucão. Sensiveis reduzam atividade ao ar livre.
UCI_Dataset;03/07/04 10:00;1;MODERADO;R02_NO2_MODERADO;Monitorizar evolucão. Sensiveis reduzam atividade ao ar livre.
UCI_Dataset;03/07/04 11:00;0;NORMAL;;Sem ação necessária.
UCI_Dataset;03/07/04 12:00;1;ALTO;R09_RISCO_INCENDIO;Risco máximo incendio florestal. Proibir queimadas. Vigilancia reforcada.
UCI_Dataset;03/07/04 13:00;1;ALTO;R09_RISCO_INCENDIO;Risco máximo incendio florestal. Proibir queimadas. Vigilancia reforcada.
UCI_Dataset;03/07/04 14:00;1;ALTO;R09_RISCO_INCENDIO;Risco máximo incendio florestal. Proibir queimadas. Vigilancia reforcada.
UCI_Dataset;03/07/04 15:00;1;ALTO;R09_RISCO_INCENDIO;Risco máximo incendio florestal. Proibir queimadas. Vigilancia reforcada.
UCI_Dataset;03/07/04 16:00;1;ALTO;R09_RISCO_INCENDIO;Risco máximo incendio florestal. Proibir queimadas. Vigilancia reforcada.
UCI_Dataset;03/07/04 17:00;1;ALTO;R09_RISCO_INCENDIO;Risco máximo incendio florestal. Proibir queimadas. Vigilancia reforcada.
UCI_Dataset;03/07/04 18:00;1;ALTO;R09_RISCO_INCENDIO;Risco máximo incendio florestal. Proibir queimadas. Vigilancia reforcada.
UCI_Dataset;03/07/04 19:00;0;NORMAL;;Sem ação necessária.
UCI_Dataset;03/07/04 20:00;0;NORMAL;;Sem ação necessária.
UCI_Dataset;03/07/04 21:00;0;NORMAL;;Sem ação necessária.
UCI_Dataset;03/07/04 22:00;1;MODERADO;R02_NO2_MODERADO;Monitorizar evolucão. Sensiveis reduzam atividade ao ar livre.
UCI_Dataset;03/07/04 23:00;1;MODERADO;R02_NO2_MODERADO;Monitorizar evolucão. Sensiveis reduzam atividade ao ar livre.
UCI_Dataset;04/07/04 00:00;1;MODERADO;R02_NO2_MODERADO;Monitorizar evolucão. Sensiveis reduzam atividade ao ar livre.
UCI_Dataset;04/07/04 01:00;0;NORMAL;;Sem ação necessária.
UCI_Dataset;04/07/04 02:00;0;NORMAL;;Sem ação necessária.
UCI_Dataset;04/07/04 03:00;0;NORMAL;;Sem ação necessária.
UCI_Dataset;04/07/04 04:00;0;NORMAL;;Sem ação necessária.
UCI_Dataset;04/07/04 05:00;0;NORMAL;;Sem ação necessária.
UCI_Dataset;04/07/04 06:00;0;NORMAL;;Sem ação necessária.
UCI_Dataset;04/07/04 07:00;0;NORMAL;;Sem ação necessária.
UCI_Dataset;04/07/04 08:00;0;NORMAL;;Sem ação necessária.
UCI_Dataset;04/07/04 09:00;0;NORMAL;;Sem ação necessária.
UCI_Dataset;04/07/04 10:00;0;NORMAL;;Sem ação necessária.
UCI_Dataset;04/07/04 11:00;0;NORMAL;;Sem ação necessária.
UCI_Dataset;04/07/04 12:00;1;ALTO;R09_RISCO_INCENDIO;Risco máximo incendio florestal. Proibir queimadas. Vigilancia reforcada.
UCI_Dataset;04/07/04 13:00;1;ALTO;R09_RISCO_INCENDIO;Risco máximo incendio florestal. Proibir queimadas. Vigilancia reforcada.
UCI_Dataset;04/07/04 14:00;1;ALTO;R09_RISCO_INCENDIO;Risco máximo incendio florestal. Proibir queimadas. Vigilancia reforcada.
UCI_Dataset;04/07/04 15:00;1;ALTO;R09_RISCO_INCENDIO;Risco máximo incendio florestal. Proibir queimadas. Vigilancia reforcada.
UCI_Dataset;04/07/04 16:00;1;ALTO;R09_RISCO_INCENDIO;Risco máximo incendio florestal. Proibir queimadas. Vigilancia reforcada.
UCI_Dataset;04/07/04 17:00;1;ALTO;R09_RISCO_INCENDIO;Risco máximo incendio florestal. Proibir queimadas. Vigilancia reforcada.
UCI_Dataset;04/07/04 18:00;1;ALTO;R09_RISCO_INCENDIO;Risco máximo incendio florestal. Proibir queimadas. Vigilancia reforcada.
UCI_Dataset;04/07/04 19:00;1;MODERADO;R02_NO2_MODERADO;Monitorizar evolucão. Sensiveis reduzam atividade ao ar livre.
UCI_Dataset;04/07/04 20:00;0;NORMAL;;Sem ação necessária.
UCI_Dataset;04/07/04 21:00;1;MODERADO;R02_NO2_MODERADO;Monitorizar evolucão. Sensiveis reduzam atividade ao ar livre.
UCI_Dataset;04/07/04 22:00;0;NORMAL;;Sem ação necessária.
UCI_Dataset;04/07/04 23:00;1;MODERADO;R02_NO2_MODERADO;Monitorizar evolucão. Sensiveis reduzam atividade ao ar livre.
UCI_Dataset;05/07/04 00:00;0;NORMAL;;Sem ação necessária.
UCI_Dataset;05/07/04 01:00;0;NORMAL;;Sem ação necessária.
UCI_Dataset;05/07/04 02:00;0;NORMAL;;Sem ação necessária.
UCI_Dataset;05/07/04 03:00;0;NORMAL;;Sem ação necessária.
UCI_Dataset;05/07/04 04:00;0;NORMAL;;Sem ação necessária.
UCI_Dataset;05/07/04 05:00;0;NORMAL;;Sem ação necessária.
UCI_Dataset;05/07/04 06:00;0;NORMAL;;Sem ação necessária.
UCI_Dataset;05/07/04 07:00;0;NORMAL;;Sem ação necessária.
UCI_Dataset;05/07/04 08:00;1;MODERADO;R02_NO2_MODERADO;Monitorizar evolucão. Sensiveis reduzam atividade ao ar livre.
UCI_Dataset;05/07/04 09:00;1;MODERADO;R02_NO2_MODERADO;Monitorizar evolucão. Sensiveis reduzam atividade ao ar livre.
UCI_Dataset;05/07/04 10:00;1;MODERADO;R02_NO2_MODERADO;Monitorizar evolucão. Sensiveis reduzam atividade ao ar livre.
UCI_Dataset;05/07/04 11:00;1;MODERADO;R02_NO2_MODERADO;Monitorizar evolucão. Sensiveis reduzam atividade ao ar livre.
UCI_Dataset;05/07/04 12:00;2;ALTO;R09_RISCO_INCENDIO, R02_NO2_MODERADO;Risco máximo incendio florestal. Proibir queimadas. Vigilancia reforcada.
UCI_Dataset;05/07/04 13:00;2;ALTO;R09_RISCO_INCENDIO, R02_NO2_MODERADO;Risco máximo incendio florestal. Proibir queimadas. Vigilancia reforcada.
UCI_Dataset;05/07/04 14:00;2;ALTO;R09_RISCO_INCENDIO, R02_NO2_MODERADO;Risco máximo incendio florestal. Proibir queimadas. Vigilancia reforcada.
UCI_Dataset;05/07/04 15:00;3;ALTO;R08_CALOR_EXTREMO, R09_RISCO_INCENDIO, R02_NO2_MODERADO;Alerta vermelho calor. Ativar Plano de Contingencia. Populações vulneráveis em risco.
UCI_Dataset;05/07/04 16:00;3;ALTO;R08_CALOR_EXTREMO, R09_RISCO_INCENDIO, R02_NO2_MODERADO;Alerta vermelho calor. Ativar Plano de Contingencia. Populações vulneráveis em risco.
UCI_Dataset;05/07/04 17:00;2;ALTO;R09_RISCO_INCENDIO, R02_NO2_MODERADO;Risco máximo incendio florestal. Proibir queimadas. Vigilancia reforcada.
UCI_Dataset;05/07/04 18:00;2;ALTO;R01_NO2_ALTO, R09_RISCO_INCENDIO;Limitar trafego automovel. Grupos sensiveis evitem exposição prolongada.
UCI_Dataset;05/07/04 19:00;1;MODERADO;R02_NO2_MODERADO;Monitorizar evolucão. Sensiveis reduzam atividade ao ar livre.
UCI_Dataset;05/07/04 20:00;1;MODERADO;R02_NO2_MODERADO;Monitorizar evolucão. Sensiveis reduzam atividade ao ar livre.
UCI_Dataset;05/07/04 21:00;0;NORMAL;;Sem ação necessária.
UCI_Dataset;05/07/04 22:00;1;MODERADO;R02_NO2_MODERADO;Monitorizar evolucão. Sensiveis reduzam atividade ao ar livre.
UCI_Dataset;05/07/04 23:00;1;MODERADO;R02_NO2_MODERADO;Monitorizar evolucão. Sensiveis reduzam atividade ao ar livre.
UCI_Dataset;06/07/04 00:00;1;MODERADO;R02_NO2_MODERADO;Monitorizar evolucão. Sensiveis reduzam atividade ao ar livre.
UCI_Dataset;06/07/04 01:00;0;NORMAL;;Sem ação necessária.
UCI_Dataset;06/07/04 02:00;0;NORMAL;;Sem ação necessária.
UCI_Dataset;06/07/04 03:00;0;NORMAL;;Sem ação necessária.
UCI_Dataset;06/07/04 04:00;0;NORMAL;;Sem ação necessária.
UCI_Dataset;06/07/04 05:00;0;NORMAL;;Sem ação necessária.
UCI_Dataset;06/07/04 06:00;0;NORMAL;;Sem ação necessária.
UCI_Dataset;06/07/04 07:00;1;MODERADO;R02_NO2_MODERADO;Monitorizar evolucão. Sensiveis reduzam atividade ao ar livre.
UCI_Dataset;06/07/04 08:00;1;MODERADO;R02_NO2_MODERADO;Monitorizar evolucão. Sensiveis reduzam atividade ao ar livre.
UCI_Dataset;06/07/04 09:00;1;MODERADO;R02_NO2_MODERADO;Monitorizar evolucão. Sensiveis reduzam atividade ao ar livre.
UCI_Dataset;06/07/04 10:00;1;MODERADO;R02_NO2_MODERADO;Monitorizar evolucão. Sensiveis reduzam atividade ao ar livre.
UCI_Dataset;06/07/04 11:00;1;MODERADO;R02_NO2_MODERADO;Monitorizar evolucão. Sensiveis reduzam atividade ao ar livre.
UCI_Dataset;06/07/04 12:00;2;ALTO;R09_RISCO_INCENDIO, R02_NO2_MODERADO;Risco máximo incendio florestal. Proibir queimadas. Vigilancia reforcada.
UCI_Dataset;06/07/04 13:00;2;ALTO;R09_RISCO_INCENDIO, R02_NO2_MODERADO;Risco máximo incendio florestal. Proibir queimadas. Vigilancia reforcada.
UCI_Dataset;06/07/04 14:00;2;ALTO;R09_RISCO_INCENDIO, R02_NO2_MODERADO;Risco máximo incendio florestal. Proibir queimadas. Vigilancia reforcada.
UCI_Dataset;06/07/04 15:00;3;ALTO;R08_CALOR_EXTREMO, R09_RISCO_INCENDIO, R02_NO2_MODERADO;Alerta vermelho calor. Ativar Plano de Contingencia. Populações vulneráveis em risco.
UCI_Dataset;06/07/04 16:00;2;ALTO;R09_RISCO_INCENDIO, R02_NO2_MODERADO;Risco máximo incendio florestal. Proibir queimadas. Vigilancia reforcada.
UCI_Dataset;06/07/04 17:00;2;ALTO;R09_RISCO_INCENDIO, R02_NO2_MODERADO;Risco máximo incendio florestal. Proibir queimadas. Vigilancia reforcada.
UCI_Dataset;06/07/04 18:00;2;ALTO;R09_RISCO_INCENDIO, R02_NO2_MODERADO;Risco máximo incendio florestal. Proibir queimadas. Vigilancia reforcada.
UCI_Dataset;06/07/04 19:00;1;MODERADO;R02_NO2_MODERADO;Monitorizar evolucão. Sensiveis reduzam atividade ao ar livre.
UCI_Dataset;06/07/04 20:00;1;MODERADO;R02_NO2_MODERADO;Monitorizar evolucão. Sensiveis reduzam atividade ao ar livre.
UCI_Dataset;06/07/04 21:00;1;MODERADO;R02_NO2_MODERADO;Monitorizar evolucão. Sensiveis reduzam atividade ao ar livre.
UCI_Dataset;06/07/04 22:00;1;MODERADO;R02_NO2_MODERADO;Monitorizar evolucão. Sensiveis reduzam atividade ao ar livre.
UCI_Dataset;06/07/04 23:00;1;MODERADO;R02_NO2_MODERADO;Monitorizar evolucão. Sensiveis reduzam atividade ao ar livre.
UCI_Dataset;07/07/04 00:00;0;NORMAL;;Sem ação necessária.
UCI_Dataset;07/07/04 01:00;0;NORMAL;;Sem ação necessária.
UCI_Dataset;07/07/04 02:00;0;NORMAL;;Sem ação necessária.
UCI_Dataset;07/07/04 03:00;0;NORMAL;;Sem ação necessária.
UCI_Dataset;07/07/04 04:00;0;NORMAL;;Sem ação necessária.
UCI_Dataset;07/07/04 05:00;0;NORMAL;;Sem ação necessária.
UCI_Dataset;07/07/04 06:00;0;NORMAL;;Sem ação necessária.
UCI_Dataset;07/07/04 07:00;1;MODERADO;R02_NO2_MODERADO;Monitorizar evolucão. Sensiveis reduzam atividade ao ar livre.
UCI_Dataset;07/07/04 08:00;1;MODERADO;R02_NO2_MODERADO;Monitorizar evolucão. Sensiveis reduzam atividade ao ar livre.
UCI_Dataset;07/07/04 09:00;1;MODERADO;R02_NO2_MODERADO;Monitorizar evolucão. Sensiveis reduzam atividade ao ar livre.
UCI_Dataset;07/07/04 10:00;1;MODERADO;R02_NO2_MODERADO;Monitorizar evolucão. Sensiveis reduzam atividade ao ar livre.
UCI_Dataset;07/07/04 11:00;2;ALTO;R09_RISCO_INCENDIO, R02_NO2_MODERADO;Risco máximo incendio florestal. Proibir queimadas. Vigilancia reforcada.
UCI_Dataset;07/07/04 12:00;3;ALTO;R08_CALOR_EXTREMO, R09_RISCO_INCENDIO, R02_NO2_MODERADO;Alerta vermelho calor. Ativar Plano de Contingencia. Populações vulneráveis em risco.
UCI_Dataset;07/07/04 13:00;3;ALTO;R08_CALOR_EXTREMO, R09_RISCO_INCENDIO, R02_NO2_MODERADO;Alerta vermelho calor. Ativar Plano de Contingencia. Populações vulneráveis em risco.
UCI_Dataset;07/07/04 14:00;3;ALTO;R08_CALOR_EXTREMO, R09_RISCO_INCENDIO, R02_NO2_MODERADO;Alerta vermelho calor. Ativar Plano de Contingencia. Populações vulneráveis em risco.
UCI_Dataset;07/07/04 15:00;3;ALTO;R08_CALOR_EXTREMO, R09_RISCO_INCENDIO, R02_NO2_MODERADO;Alerta vermelho calor. Ativar Plano de Contingencia. Populações vulneráveis em risco.
UCI_Dataset;07/07/04 16:00;3;ALTO;R08_CALOR_EXTREMO, R09_RISCO_INCENDIO, R02_NO2_MODERADO;Alerta vermelho calor. Ativar Plano de Contingencia. Populações vulneráveis em risco.
UCI_Dataset;07/07/04 17:00;2;ALTO;R09_RISCO_INCENDIO, R02_NO2_MODERADO;Risco máximo incendio florestal. Proibir queimadas. Vigilancia reforcada.
UCI_Dataset;07/07/04 18:00;2;ALTO;R01_NO2_ALTO, R09_RISCO_INCENDIO;Limitar trafego automovel. Grupos sensiveis evitem exposição prolongada.
UCI_Dataset;07/07/04 19:00;2;ALTO;R01_NO2_ALTO, R09_RISCO_INCENDIO;Limitar trafego automovel. Grupos sensiveis evitem exposição prolongada.
UCI_Dataset;07/07/04 20:00;1;MODERADO;R02_NO2_MODERADO;Monitorizar evolucão. Sensiveis reduzam atividade ao ar livre.
UCI_Dataset;07/07/04 21:00;1;MODERADO;R02_NO2_MODERADO;Monitorizar evolucão. Sensiveis reduzam atividade ao ar livre.
UCI_Dataset;07/07/04 22:00;1;MODERADO;R02_NO2_MODERADO;Monitorizar evolucão. Sensiveis reduzam atividade ao ar livre.
UCI_Dataset;07/07/04 23:00;1;MODERADO;R02_NO2_MODERADO;Monitorizar evolucão. Sensiveis reduzam atividade ao ar livre.
UCI_Dataset;08/07/04 00:00;0;NORMAL;;Sem ação necessária.
UCI_Dataset;08/07/04 01:00;0;NORMAL;;Sem ação necessária.
UCI_Dataset;08/07/04 02:00;0;NORMAL;;Sem ação necessária.
UCI_Dataset;08/07/04 03:00;0;NORMAL;;Sem ação necessária.
UCI_Dataset;08/07/04 04:00;0;NORMAL;;Sem ação necessária.
UCI_Dataset;08/07/04 05:00;0;NORMAL;;Sem ação necessária.
UCI_Dataset;08/07/04 06:00;0;NORMAL;;Sem ação necessária.
UCI_Dataset;08/07/04 07:00;1;MODERADO;R02_NO2_MODERADO;Monitorizar evolucão. Sensiveis reduzam atividade ao ar livre.
UCI_Dataset;08/07/04 08:00;1;MODERADO;R02_NO2_MODERADO;Monitorizar evolucão. Sensiveis reduzam atividade ao ar livre.
UCI_Dataset;08/07/04 09:00;1;MODERADO;R02_NO2_MODERADO;Monitorizar evolucão. Sensiveis reduzam atividade ao ar livre.
UCI_Dataset;08/07/04 10:00;1;MODERADO;R02_NO2_MODERADO;Monitorizar evolucão. Sensiveis reduzam atividade ao ar livre.
UCI_Dataset;08/07/04 11:00;1;MODERADO;R02_NO2_MODERADO;Monitorizar evolucão. Sensiveis reduzam atividade ao ar livre.
UCI_Dataset;08/07/04 12:00;3;ALTO;R08_CALOR_EXTREMO, R09_RISCO_INCENDIO, R02_NO2_MODERADO;Alerta vermelho calor. Ativar Plano de Contingencia. Populações vulneráveis em risco.
UCI_Dataset;08/07/04 13:00;3;ALTO;R08_CALOR_EXTREMO, R09_RISCO_INCENDIO, R02_NO2_MODERADO;Alerta vermelho calor. Ativar Plano de Contingencia. Populações vulneráveis em risco.
UCI_Dataset;08/07/04 14:00;3;ALTO;R08_CALOR_EXTREMO, R09_RISCO_INCENDIO, R02_NO2_MODERADO;Alerta vermelho calor. Ativar Plano de Contingencia. Populações vulneráveis em risco.
UCI_Dataset;08/07/04 15:00;3;ALTO;R08_CALOR_EXTREMO, R09_RISCO_INCENDIO, R02_NO2_MODERADO;Alerta vermelho calor. Ativar Plano de Contingencia. Populações vulneráveis em risco.
UCI_Dataset;08/07/04 16:00;3;ALTO;R08_CALOR_EXTREMO, R09_RISCO_INCENDIO, R02_NO2_MODERADO;Alerta vermelho calor. Ativar Plano de Contingencia. Populações vulneráveis em risco.
UCI_Dataset;08/07/04 17:00;2;ALTO;R01_NO2_ALTO, R09_RISCO_INCENDIO;Limitar trafego automovel. Grupos sensiveis evitem exposição prolongada.
UCI_Dataset;08/07/04 18:00;2;ALTO;R09_RISCO_INCENDIO, R02_NO2_MODERADO;Risco máximo incendio florestal. Proibir queimadas. Vigilancia reforcada.
UCI_Dataset;08/07/04 19:00;1;ALTO;R01_NO2_ALTO;Limitar trafego automovel. Grupos sensiveis evitem exposição prolongada.
UCI_Dataset;08/07/04 20:00;1;MODERADO;R02_NO2_MODERADO;Monitorizar evolucão. Sensiveis reduzam atividade ao ar livre.
UCI_Dataset;08/07/04 21:00;1;MODERADO;R02_NO2_MODERADO;Monitorizar evolucão. Sensiveis reduzam atividade ao ar livre.
UCI_Dataset;08/07/04 22:00;1;MODERADO;R02_NO2_MODERADO;Monitorizar evolucão. Sensiveis reduzam atividade ao ar livre.
UCI_Dataset;08/07/04 23:00;1;MODERADO;R02_NO2_MODERADO;Monitorizar evolucão. Sensiveis reduzam atividade ao ar livre.
UCI_Dataset;09/07/04 00:00;1;MODERADO;R02_NO2_MODERADO;Monitorizar evolucão. Sensiveis reduzam atividade ao ar livre.
UCI_Dataset;09/07/04 01:00;1;MODERADO;R02_NO2_MODERADO;Monitorizar evolucão. Sensiveis reduzam atividade ao ar livre.
UCI_Dataset;09/07/04 02:00;0;NORMAL;;Sem ação necessária.
UCI_Dataset;09/07/04 03:00;0;NORMAL;;Sem ação necessária.
UCI_Dataset;09/07/04 04:00;0;NORMAL;;Sem ação necessária.
UCI_Dataset;09/07/04 05:00;0;NORMAL;;Sem ação necessária.
UCI_Dataset;09/07/04 06:00;0;NORMAL;;Sem ação necessária.
UCI_Dataset;09/07/04 07:00;1;MODERADO;R02_NO2_MODERADO;Monitorizar evolucão. Sensiveis reduzam atividade ao ar livre.
UCI_Dataset;09/07/04 08:00;0;NORMAL;;Sem ação necessária.
UCI_Dataset;09/07/04 09:00;1;MODERADO;R02_NO2_MODERADO;Monitorizar evolucão. Sensiveis reduzam atividade ao ar livre.
UCI_Dataset;09/07/04 10:00;1;MODERADO;R02_NO2_MODERADO;Monitorizar evolucão. Sensiveis reduzam atividade ao ar livre.
UCI_Dataset;09/07/04 11:00;1;MODERADO;R02_NO2_MODERADO;Monitorizar evolucão. Sensiveis reduzam atividade ao ar livre.
UCI_Dataset;09/07/04 12:00;1;MODERADO;R02_NO2_MODERADO;Monitorizar evolucão. Sensiveis reduzam atividade ao ar livre.
UCI_Dataset;09/07/04 13:00;1;MODERADO;R02_NO2_MODERADO;Monitorizar evolucão. Sensiveis reduzam atividade ao ar livre.
UCI_Dataset;09/07/04 14:00;1;MODERADO;R02_NO2_MODERADO;Monitorizar evolucão. Sensiveis reduzam atividade ao ar livre.
UCI_Dataset;09/07/04 15:00;1;MODERADO;R02_NO2_MODERADO;Monitorizar evolucão. Sensiveis reduzam atividade ao ar livre.
UCI_Dataset;09/07/04 16:00;1;MODERADO;R02_NO2_MODERADO;Monitorizar evolucão. Sensiveis reduzam atividade ao ar livre.
UCI_Dataset;09/07/04 17:00;1;MODERADO;R02_NO2_MODERADO;Monitorizar evolucão. Sensiveis reduzam atividade ao ar livre.
UCI_Dataset;09/07/04 18:00;1;MODERADO;R02_NO2_MODERADO;Monitorizar evolucão. Sensiveis reduzam atividade ao ar livre.
UCI_Dataset;09/07/04 19:00;1;MODERADO;R02_NO2_MODERADO;Monitorizar evolucão. Sensiveis reduzam atividade ao ar livre.
UCI_Dataset;09/07/04 20:00;1;MODERADO;R02_NO2_MODERADO;Monitorizar evolucão. Sensiveis reduzam atividade ao ar livre.
UCI_Dataset;09/07/04 21:00;1;MODERADO;R02_NO2_MODERADO;Monitorizar evolucão. Sensiveis reduzam atividade ao ar livre.
UCI_Dataset;09/07/04 22:00;1;MODERADO;R02_NO2_MODERADO;Monitorizar evolucão. Sensiveis reduzam atividade ao ar livre.
UCI_Dataset;09/07/04 23:00;1;MODERADO;R02_NO2_MODERADO;Monitorizar evolucão. Sensiveis reduzam atividade ao ar livre.
UCI_Dataset;10/07/04 00:00;1;MODERADO;R02_NO2_MODERADO;Monitorizar evolucão. Sensiveis reduzam atividade ao ar livre.
UCI_Dataset;10/07/04 01:00;0;NORMAL;;Sem ação necessária.
UCI_Dataset;10/07/04 02:00;0;NORMAL;;Sem ação necessária.
UCI_Dataset;10/07/04 03:00;0;NORMAL;;Sem ação necessária.
UCI_Dataset;10/07/04 04:00;0;NORMAL;;Sem ação necessária.
UCI_Dataset;10/07/04 05:00;0;NORMAL;;Sem ação necessária.
UCI_Dataset;10/07/04 06:00;0;NORMAL;;Sem ação necessária.
UCI_Dataset;10/07/04 07:00;0;NORMAL;;Sem ação necessária.
UCI_Dataset;10/07/04 08:00;0;NORMAL;;Sem ação necessária.
UCI_Dataset;10/07/04 09:00;0;NORMAL;;Sem ação necessária.
UCI_Dataset;10/07/04 10:00;0;NORMAL;;Sem ação necessária.
UCI_Dataset;10/07/04 11:00;0;NORMAL;;Sem ação necessária.
UCI_Dataset;10/07/04 12:00;0;NORMAL;;Sem ação necessária.
UCI_Dataset;10/07/04 13:00;0;NORMAL;;Sem ação necessária.
UCI_Dataset;10/07/04 14:00;0;NORMAL;;Sem ação necessária.
UCI_Dataset;10/07/04 15:00;0;NORMAL;;Sem ação necessária.
UCI_Dataset;10/07/04 16:00;0;NORMAL;;Sem ação necessária.
UCI_Dataset;10/07/04 17:00;0;NORMAL;;Sem ação necessária.
UCI_Dataset;10/07/04 18:00;0;NORMAL;;Sem ação necessária.
UCI_Dataset;10/07/04 19:00;0;NORMAL;;Sem ação necessária.
UCI_Dataset;10/07/04 20:00;0;NORMAL;;Sem ação necessária.
UCI_Dataset;10/07/04 21:00;0;NORMAL;;Sem ação necessária.
UCI_Dataset;10/07/04 22:00;0;NORMAL;;Sem ação necessária.
UCI_Dataset;10/07/04 23:00;1;MODERADO;R02_NO2_MODERADO;Monitorizar evolucão. Sensiveis reduzam atividade ao ar livre.
UCI_Dataset;11/07/04 00:00;1;MODERADO;R02_NO2_MODERADO;Monitorizar evolucão. Sensiveis reduzam atividade ao ar livre.
UCI_Dataset;11/07/04 01:00;0;NORMAL;;Sem ação necessária.
UCI_Dataset;11/07/04 02:00;0;NORMAL;;Sem ação necessária.
UCI_Dataset;11/07/04 03:00;0;NORMAL;;Sem ação necessária.
UCI_Dataset;11/07/04 04:00;0;NORMAL;;Sem ação necessária.
UCI_Dataset;11/07/04 05:00;0;NORMAL;;Sem ação necessária.
UCI_Dataset;11/07/04 06:00;0;NORMAL;;Sem ação necessária.
UCI_Dataset;11/07/04 07:00;0;NORMAL;;Sem ação necessária.
UCI_Dataset;11/07/04 08:00;0;NORMAL;;Sem ação necessária.
UCI_Dataset;11/07/04 09:00;0;NORMAL;;Sem ação necessária.
UCI_Dataset;11/07/04 10:00;0;NORMAL;;Sem ação necessária.
UCI_Dataset;11/07/04 11:00;0;NORMAL;;Sem ação necessária.
UCI_Dataset;11/07/04 12:00;0;NORMAL;;Sem ação necessária.
UCI_Dataset;11/07/04 13:00;0;NORMAL;;Sem ação necessária.
UCI_Dataset;11/07/04 14:00;0;NORMAL;;Sem ação necessária.
UCI_Dataset;11/07/04 15:00;0;NORMAL;;Sem ação necessária.
UCI_Dataset;11/07/04 16:00;0;NORMAL;;Sem ação necessária.
UCI_Dataset;11/07/04 17:00;0;NORMAL;;Sem ação necessária.
UCI_Dataset;11/07/04 18:00;0;NORMAL;;Sem ação necessária.
UCI_Dataset;11/07/04 19:00;1;MODERADO;R02_NO2_MODERADO;Monitorizar evolucão. Sensiveis reduzam atividade ao ar livre.
UCI_Dataset;11/07/04 20:00;1;MODERADO;R02_NO2_MODERADO;Monitorizar evolucão. Sensiveis reduzam atividade ao ar livre.
UCI_Dataset;11/07/04 21:00;1;MODERADO;R02_NO2_MODERADO;Monitorizar evolucão. Sensiveis reduzam atividade ao ar livre.
UCI_Dataset;11/07/04 22:00;1;MODERADO;R02_NO2_MODERADO;Monitorizar evolucão. Sensiveis reduzam atividade ao ar livre.
UCI_Dataset;11/07/04 23:00;1;MODERADO;R02_NO2_MODERADO;Monitorizar evolucão. Sensiveis reduzam atividade ao ar livre.
UCI_Dataset;12/07/04 00:00;0;NORMAL;;Sem ação necessária.
UCI_Dataset;12/07/04 01:00;0;NORMAL;;Sem ação necessária.
UCI_Dataset;12/07/04 02:00;0;NORMAL;;Sem ação necessária.
UCI_Dataset;12/07/04 03:00;0;NORMAL;;Sem ação necessária.
UCI_Dataset;12/07/04 04:00;0;NORMAL;;Sem ação necessária.
UCI_Dataset;12/07/04 05:00;0;NORMAL;;Sem ação necessária.
UCI_Dataset;12/07/04 06:00;0;NORMAL;;Sem ação necessária.
UCI_Dataset;12/07/04 07:00;1;MODERADO;R02_NO2_MODERADO;Monitorizar evolucão. Sensiveis reduzam atividade ao ar livre.
UCI_Dataset;12/07/04 08:00;1;MODERADO;R02_NO2_MODERADO;Monitorizar evolucão. Sensiveis reduzam atividade ao ar livre.
UCI_Dataset;12/07/04 09:00;1;MODERADO;R02_NO2_MODERADO;Monitorizar evolucão. Sensiveis reduzam atividade ao ar livre.
UCI_Dataset;12/07/04 10:00;1;MODERADO;R02_NO2_MODERADO;Monitorizar evolucão. Sensiveis reduzam atividade ao ar livre.
UCI_Dataset;12/07/04 11:00;1;MODERADO;R02_NO2_MODERADO;Monitorizar evolucão. Sensiveis reduzam atividade ao ar livre.
UCI_Dataset;12/07/04 12:00;1;MODERADO;R02_NO2_MODERADO;Monitorizar evolucão. Sensiveis reduzam atividade ao ar livre.
UCI_Dataset;12/07/04 13:00;0;NORMAL;;Sem ação necessária.
UCI_Dataset;12/07/04 14:00;0;NORMAL;;Sem ação necessária.
UCI_Dataset;12/07/04 15:00;0;NORMAL;;Sem ação necessária.
UCI_Dataset;12/07/04 16:00;1;MODERADO;R02_NO2_MODERADO;Monitorizar evolucão. Sensiveis reduzam atividade ao ar livre.
UCI_Dataset;12/07/04 17:00;1;MODERADO;R02_NO2_MODERADO;Monitorizar evolucão. Sensiveis reduzam atividade ao ar livre.
UCI_Dataset;12/07/04 18:00;1;MODERADO;R02_NO2_MODERADO;Monitorizar evolucão. Sensiveis reduzam atividade ao ar livre.
UCI_Dataset;12/07/04 19:00;1;MODERADO;R02_NO2_MODERADO;Monitorizar evolucão. Sensiveis reduzam atividade ao ar livre.
UCI_Dataset;12/07/04 20:00;1;MODERADO;R02_NO2_MODERADO;Monitorizar evolucão. Sensiveis reduzam atividade ao ar livre.
UCI_Dataset;12/07/04 21:00;0;NORMAL;;Sem ação necessária.
UCI_Dataset;12/07/04 22:00;0;NORMAL;;Sem ação necessária.
UCI_Dataset;12/07/04 23:00;1;MODERADO;R02_NO2_MODERADO;Monitorizar evolucão. Sensiveis reduzam atividade ao ar livre.
UCI_Dataset;13/07/04 00:00;0;NORMAL;;Sem ação necessária.
UCI_Dataset;13/07/04 01:00;0;NORMAL;;Sem ação necessária.
UCI_Dataset;13/07/04 02:00;0;NORMAL;;Sem ação necessária.
UCI_Dataset;13/07/04 03:00;0;NORMAL;;Sem ação necessária.
UCI_Dataset;13/07/04 04:00;0;NORMAL;;Sem ação necessária.
UCI_Dataset;13/07/04 05:00;0;NORMAL;;Sem ação necessária.
UCI_Dataset;13/07/04 06:00;0;NORMAL;;Sem ação necessária.
UCI_Dataset;13/07/04 07:00;1;MODERADO;R02_NO2_MODERADO;Monitorizar evolucão. Sensiveis reduzam atividade ao ar livre.
UCI_Dataset;13/07/04 08:00;1;MODERADO;R02_NO2_MODERADO;Monitorizar evolucão. Sensiveis reduzam atividade ao ar livre.
UCI_Dataset;13/07/04 09:00;1;MODERADO;R02_NO2_MODERADO;Monitorizar evolucão. Sensiveis reduzam atividade ao ar livre.
UCI_Dataset;13/07/04 10:00;1;MODERADO;R02_NO2_MODERADO;Monitorizar evolucão. Sensiveis reduzam atividade ao ar livre.
UCI_Dataset;13/07/04 11:00;1;MODERADO;R02_NO2_MODERADO;Monitorizar evolucão. Sensiveis reduzam atividade ao ar livre.
UCI_Dataset;13/07/04 12:00;1;MODERADO;R02_NO2_MODERADO;Monitorizar evolucão. Sensiveis reduzam atividade ao ar livre.
UCI_Dataset;13/07/04 13:00;1;MODERADO;R02_NO2_MODERADO;Monitorizar evolucão. Sensiveis reduzam atividade ao ar livre.
UCI_Dataset;13/07/04 14:00;1;MODERADO;R02_NO2_MODERADO;Monitorizar evolucão. Sensiveis reduzam atividade ao ar livre.
UCI_Dataset;13/07/04 15:00;0;NORMAL;;Sem ação necessária.
UCI_Dataset;13/07/04 16:00;0;NORMAL;;Sem ação necessária.
UCI_Dataset;13/07/04 17:00;1;MODERADO;R02_NO2_MODERADO;Monitorizar evolucão. Sensiveis reduzam atividade ao ar livre.
UCI_Dataset;13/07/04 18:00;1;MODERADO;R02_NO2_MODERADO;Monitorizar evolucão. Sensiveis reduzam atividade ao ar livre.
UCI_Dataset;13/07/04 19:00;1;MODERADO;R02_NO2_MODERADO;Monitorizar evolucão. Sensiveis reduzam atividade ao ar livre.
UCI_Dataset;13/07/04 20:00;1;MODERADO;R02_NO2_MODERADO;Monitorizar evolucão. Sensiveis reduzam atividade ao ar livre.
UCI_Dataset;13/07/04 21:00;1;MODERADO;R02_NO2_MODERADO;Monitorizar evolucão. Sensiveis reduzam atividade ao ar livre.
UCI_Dataset;13/07/04 22:00;1;MODERADO;R02_NO2_MODERADO;Monitorizar evolucão. Sensiveis reduzam atividade ao ar livre.
UCI_Dataset;13/07/04 23:00;1;MODERADO;R02_NO2_MODERADO;Monitorizar evolucão. Sensiveis reduzam atividade ao ar livre.
UCI_Dataset;14/07/04 00:00;0;NORMAL;;Sem ação necessária.
UCI_Dataset;14/07/04 01:00;0;NORMAL;;Sem ação necessária.
UCI_Dataset;14/07/04 02:00;0;NORMAL;;Sem ação necessária.
UCI_Dataset;14/07/04 03:00;0;NORMAL;;Sem ação necessária.
UCI_Dataset;14/07/04 04:00;0;NORMAL;;Sem ação necessária.
UCI_Dataset;14/07/04 05:00;0;NORMAL;;Sem ação necessária.
UCI_Dataset;14/07/04 06:00;0;NORMAL;;Sem ação necessária.
UCI_Dataset;14/07/04 07:00;1;MODERADO;R02_NO2_MODERADO;Monitorizar evolucão. Sensiveis reduzam atividade ao ar livre.
UCI_Dataset;14/07/04 08:00;1;MODERADO;R02_NO2_MODERADO;Monitorizar evolucão. Sensiveis reduzam atividade ao ar livre.
UCI_Dataset;14/07/04 09:00;1;MODERADO;R02_NO2_MODERADO;Monitorizar evolucão. Sensiveis reduzam atividade ao ar livre.
UCI_Dataset;14/07/04 10:00;1;MODERADO;R02_NO2_MODERADO;Monitorizar evolucão. Sensiveis reduzam atividade ao ar livre.
UCI_Dataset;14/07/04 11:00;1;MODERADO;R02_NO2_MODERADO;Monitorizar evolucão. Sensiveis reduzam atividade ao ar livre.
UCI_Dataset;14/07/04 12:00;2;ALTO;R09_RISCO_INCENDIO, R02_NO2_MODERADO;Risco máximo incendio florestal. Proibir queimadas. Vigilancia reforcada.
UCI_Dataset;14/07/04 13:00;1;MODERADO;R02_NO2_MODERADO;Monitorizar evolucão. Sensiveis reduzam atividade ao ar livre.
UCI_Dataset;14/07/04 14:00;2;ALTO;R09_RISCO_INCENDIO, R02_NO2_MODERADO;Risco máximo incendio florestal. Proibir queimadas. Vigilancia reforcada.
UCI_Dataset;14/07/04 15:00;2;ALTO;R09_RISCO_INCENDIO, R02_NO2_MODERADO;Risco máximo incendio florestal. Proibir queimadas. Vigilancia reforcada.
UCI_Dataset;14/07/04 16:00;1;MODERADO;R02_NO2_MODERADO;Monitorizar evolucão. Sensiveis reduzam atividade ao ar livre.
UCI_Dataset;14/07/04 17:00;2;ALTO;R09_RISCO_INCENDIO, R02_NO2_MODERADO;Risco máximo incendio florestal. Proibir queimadas. Vigilancia reforcada.
UCI_Dataset;14/07/04 18:00;2;ALTO;R09_RISCO_INCENDIO, R02_NO2_MODERADO;Risco máximo incendio florestal. Proibir queimadas. Vigilancia reforcada.
UCI_Dataset;14/07/04 19:00;1;MODERADO;R02_NO2_MODERADO;Monitorizar evolucão. Sensiveis reduzam atividade ao ar livre.
UCI_Dataset;14/07/04 20:00;1;MODERADO;R02_NO2_MODERADO;Monitorizar evolucão. Sensiveis reduzam atividade ao ar livre.
UCI_Dataset;14/07/04 21:00;1;MODERADO;R02_NO2_MODERADO;Monitorizar evolucão. Sensiveis reduzam atividade ao ar livre.
UCI_Dataset;14/07/04 22:00;1;MODERADO;R02_NO2_MODERADO;Monitorizar evolucão. Sensiveis reduzam atividade ao ar livre.
UCI_Dataset;14/07/04 23:00;1;MODERADO;R02_NO2_MODERADO;Monitorizar evolucão. Sensiveis reduzam atividade ao ar livre.
UCI_Dataset;15/07/04 00:00;1;MODERADO;R02_NO2_MODERADO;Monitorizar evolucão. Sensiveis reduzam atividade ao ar livre.
UCI_Dataset;15/07/04 01:00;0;NORMAL;;Sem ação necessária.
UCI_Dataset;15/07/04 02:00;0;NORMAL;;Sem ação necessária.
UCI_Dataset;15/07/04 03:00;0;NORMAL;;Sem ação necessária.
UCI_Dataset;15/07/04 04:00;0;NORMAL;;Sem ação necessária.
UCI_Dataset;15/07/04 05:00;0;NORMAL;;Sem ação necessária.
UCI_Dataset;15/07/04 06:00;0;NORMAL;;Sem ação necessária.
UCI_Dataset;15/07/04 07:00;1;MODERADO;R02_NO2_MODERADO;Monitorizar evolucão. Sensiveis reduzam atividade ao ar livre.
UCI_Dataset;15/07/04 08:00;1;MODERADO;R02_NO2_MODERADO;Monitorizar evolucão. Sensiveis reduzam atividade ao ar livre.
UCI_Dataset;15/07/04 09:00;1;MODERADO;R02_NO2_MODERADO;Monitorizar evolucão. Sensiveis reduzam atividade ao ar livre.
UCI_Dataset;15/07/04 10:00;1;MODERADO;R02_NO2_MODERADO;Monitorizar evolucão. Sensiveis reduzam atividade ao ar livre.
UCI_Dataset;15/07/04 11:00;1;MODERADO;R02_NO2_MODERADO;Monitorizar evolucão. Sensiveis reduzam atividade ao ar livre.
UCI_Dataset;15/07/04 12:00;1;MODERADO;R02_NO2_MODERADO;Monitorizar evolucão. Sensiveis reduzam atividade ao ar livre.
UCI_Dataset;15/07/04 13:00;2;ALTO;R09_RISCO_INCENDIO, R02_NO2_MODERADO;Risco máximo incendio florestal. Proibir queimadas. Vigilancia reforcada.
UCI_Dataset;15/07/04 14:00;2;ALTO;R09_RISCO_INCENDIO, R02_NO2_MODERADO;Risco máximo incendio florestal. Proibir queimadas. Vigilancia reforcada.
UCI_Dataset;15/07/04 15:00;2;ALTO;R09_RISCO_INCENDIO, R02_NO2_MODERADO;Risco máximo incendio florestal. Proibir queimadas. Vigilancia reforcada.
UCI_Dataset;15/07/04 16:00;2;ALTO;R09_RISCO_INCENDIO, R02_NO2_MODERADO;Risco máximo incendio florestal. Proibir queimadas. Vigilancia reforcada.
UCI_Dataset;15/07/04 17:00;2;ALTO;R09_RISCO_INCENDIO, R02_NO2_MODERADO;Risco máximo incendio florestal. Proibir queimadas. Vigilancia reforcada.
UCI_Dataset;15/07/04 18:00;1;MODERADO;R02_NO2_MODERADO;Monitorizar evolucão. Sensiveis reduzam atividade ao ar livre.
UCI_Dataset;15/07/04 19:00;1;MODERADO;R02_NO2_MODERADO;Monitorizar evolucão. Sensiveis reduzam atividade ao ar livre.
UCI_Dataset;15/07/04 20:00;1;MODERADO;R02_NO2_MODERADO;Monitorizar evolucão. Sensiveis reduzam atividade ao ar livre.
UCI_Dataset;15/07/04 21:00;1;MODERADO;R02_NO2_MODERADO;Monitorizar evolucão. Sensiveis reduzam atividade ao ar livre.
UCI_Dataset;15/07/04 22:00;1;MODERADO;R02_NO2_MODERADO;Monitorizar evolucão. Sensiveis reduzam atividade ao ar livre.
UCI_Dataset;15/07/04 23:00;1;MODERADO;R02_NO2_MODERADO;Monitorizar evolucão. Sensiveis reduzam atividade ao ar livre.
UCI_Dataset;16/07/04 00:00;0;NORMAL;;Sem ação necessária.
UCI_Dataset;16/07/04 01:00;0;NORMAL;;Sem ação necessária.
UCI_Dataset;16/07/04 02:00;0;NORMAL;;Sem ação necessária.
UCI_Dataset;16/07/04 03:00;0;NORMAL;;Sem ação necessária.
UCI_Dataset;16/07/04 04:00;0;NORMAL;;Sem ação necessária.
UCI_Dataset;16/07/04 05:00;0;NORMAL;;Sem ação necessária.
UCI_Dataset;16/07/04 06:00;0;NORMAL;;Sem ação necessária.
UCI_Dataset;16/07/04 07:00;1;MODERADO;R02_NO2_MODERADO;Monitorizar evolucão. Sensiveis reduzam atividade ao ar livre.
UCI_Dataset;16/07/04 08:00;1;MODERADO;R02_NO2_MODERADO;Monitorizar evolucão. Sensiveis reduzam atividade ao ar livre.
UCI_Dataset;16/07/04 09:00;1;MODERADO;R02_NO2_MODERADO;Monitorizar evolucão. Sensiveis reduzam atividade ao ar livre.
UCI_Dataset;16/07/04 10:00;1;MODERADO;R02_NO2_MODERADO;Monitorizar evolucão. Sensiveis reduzam atividade ao ar livre.
UCI_Dataset;16/07/04 11:00;1;MODERADO;R02_NO2_MODERADO;Monitorizar evolucão. Sensiveis reduzam atividade ao ar livre.
UCI_Dataset;16/07/04 12:00;1;MODERADO;R02_NO2_MODERADO;Monitorizar evolucão. Sensiveis reduzam atividade ao ar livre.
UCI_Dataset;16/07/04 13:00;2;ALTO;R09_RISCO_INCENDIO, R02_NO2_MODERADO;Risco máximo incendio florestal. Proibir queimadas. Vigilancia reforcada.
UCI_Dataset;16/07/04 14:00;2;ALTO;R09_RISCO_INCENDIO, R02_NO2_MODERADO;Risco máximo incendio florestal. Proibir queimadas. Vigilancia reforcada.
UCI_Dataset;16/07/04 15:00;2;ALTO;R09_RISCO_INCENDIO, R02_NO2_MODERADO;Risco máximo incendio florestal. Proibir queimadas. Vigilancia reforcada.
UCI_Dataset;16/07/04 16:00;2;ALTO;R09_RISCO_INCENDIO, R02_NO2_MODERADO;Risco máximo incendio florestal. Proibir queimadas. Vigilancia reforcada.
UCI_Dataset;16/07/04 17:00;2;ALTO;R09_RISCO_INCENDIO, R02_NO2_MODERADO;Risco máximo incendio florestal. Proibir queimadas. Vigilancia reforcada.
UCI_Dataset;16/07/04 18:00;2;ALTO;R01_NO2_ALTO, R09_RISCO_INCENDIO;Limitar trafego automovel. Grupos sensiveis evitem exposição prolongada.
UCI_Dataset;16/07/04 19:00;1;MODERADO;R02_NO2_MODERADO;Monitorizar evolucão. Sensiveis reduzam atividade ao ar livre.
UCI_Dataset;16/07/04 20:00;1;MODERADO;R02_NO2_MODERADO;Monitorizar evolucão. Sensiveis reduzam atividade ao ar livre.
UCI_Dataset;16/07/04 21:00;1;MODERADO;R02_NO2_MODERADO;Monitorizar evolucão. Sensiveis reduzam atividade ao ar livre.
UCI_Dataset;16/07/04 22:00;1;MODERADO;R02_NO2_MODERADO;Monitorizar evolucão. Sensiveis reduzam atividade ao ar livre.
UCI_Dataset;16/07/04 23:00;1;MODERADO;R02_NO2_MODERADO;Monitorizar evolucão. Sensiveis reduzam atividade ao ar livre.
UCI_Dataset;17/07/04 00:00;1;MODERADO;R02_NO2_MODERADO;Monitorizar evolucão. Sensiveis reduzam atividade ao ar livre.
UCI_Dataset;17/07/04 01:00;0;NORMAL;;Sem ação necessária.
UCI_Dataset;17/07/04 02:00;0;NORMAL;;Sem ação necessária.
UCI_Dataset;17/07/04 03:00;0;NORMAL;;Sem ação necessária.
UCI_Dataset;17/07/04 04:00;0;NORMAL;;Sem ação necessária.
UCI_Dataset;17/07/04 05:00;0;NORMAL;;Sem ação necessária.
UCI_Dataset;17/07/04 06:00;0;NORMAL;;Sem ação necessária.
UCI_Dataset;17/07/04 07:00;0;NORMAL;;Sem ação necessária.
UCI_Dataset;17/07/04 08:00;1;MODERADO;R02_NO2_MODERADO;Monitorizar evolucão. Sensiveis reduzam atividade ao ar livre.
UCI_Dataset;17/07/04 09:00;1;MODERADO;R02_NO2_MODERADO;Monitorizar evolucão. Sensiveis reduzam atividade ao ar livre.
UCI_Dataset;17/07/04 10:00;1;MODERADO;R02_NO2_MODERADO;Monitorizar evolucão. Sensiveis reduzam atividade ao ar livre.
UCI_Dataset;17/07/04 11:00;2;ALTO;R09_RISCO_INCENDIO, R02_NO2_MODERADO;Risco máximo incendio florestal. Proibir queimadas. Vigilancia reforcada.
UCI_Dataset;17/07/04 12:00;1;ALTO;R09_RISCO_INCENDIO;Risco máximo incendio florestal. Proibir queimadas. Vigilancia reforcada.
UCI_Dataset;17/07/04 13:00;1;ALTO;R09_RISCO_INCENDIO;Risco máximo incendio florestal. Proibir queimadas. Vigilancia reforcada.
UCI_Dataset;17/07/04 14:00;2;ALTO;R08_CALOR_EXTREMO, R09_RISCO_INCENDIO;Alerta vermelho calor. Ativar Plano de Contingencia. Populações vulneráveis em risco.
UCI_Dataset;17/07/04 15:00;1;ALTO;R09_RISCO_INCENDIO;Risco máximo incendio florestal. Proibir queimadas. Vigilancia reforcada.
UCI_Dataset;17/07/04 16:00;2;ALTO;R08_CALOR_EXTREMO, R09_RISCO_INCENDIO;Alerta vermelho calor. Ativar Plano de Contingencia. Populações vulneráveis em risco.
UCI_Dataset;17/07/04 17:00;3;ALTO;R08_CALOR_EXTREMO, R09_RISCO_INCENDIO, R02_NO2_MODERADO;Alerta vermelho calor. Ativar Plano de Contingencia. Populações vulneráveis em risco.
UCI_Dataset;17/07/04 18:00;1;ALTO;R09_RISCO_INCENDIO;Risco máximo incendio florestal. Proibir queimadas. Vigilancia reforcada.
UCI_Dataset;17/07/04 19:00;1;MODERADO;R02_NO2_MODERADO;Monitorizar evolucão. Sensiveis reduzam atividade ao ar livre.
UCI_Dataset;17/07/04 20:00;1;MODERADO;R02_NO2_MODERADO;Monitorizar evolucão. Sensiveis reduzam atividade ao ar livre.
UCI_Dataset;17/07/04 21:00;1;MODERADO;R02_NO2_MODERADO;Monitorizar evolucão. Sensiveis reduzam atividade ao ar livre.
UCI_Dataset;17/07/04 22:00;1;MODERADO;R02_NO2_MODERADO;Monitorizar evolucão. Sensiveis reduzam atividade ao ar livre.
UCI_Dataset;17/07/04 23:00;1;MODERADO;R02_NO2_MODERADO;Monitorizar evolucão. Sensiveis reduzam atividade ao ar livre.
UCI_Dataset;18/07/04 00:00;1;MODERADO;R02_NO2_MODERADO;Monitorizar evolucão. Sensiveis reduzam atividade ao ar livre.
UCI_Dataset;18/07/04 01:00;0;NORMAL;;Sem ação necessária.
UCI_Dataset;18/07/04 02:00;0;NORMAL;;Sem ação necessária.
UCI_Dataset;18/07/04 03:00;0;NORMAL;;Sem ação necessária.
UCI_Dataset;18/07/04 04:00;0;NORMAL;;Sem ação necessária.
UCI_Dataset;18/07/04 05:00;0;NORMAL;;Sem ação necessária.
UCI_Dataset;18/07/04 06:00;0;NORMAL;;Sem ação necessária.
UCI_Dataset;18/07/04 07:00;0;NORMAL;;Sem ação necessária.
UCI_Dataset;18/07/04 08:00;0;NORMAL;;Sem ação necessária.
UCI_Dataset;18/07/04 09:00;1;MODERADO;R02_NO2_MODERADO;Monitorizar evolucão. Sensiveis reduzam atividade ao ar livre.
UCI_Dataset;18/07/04 10:00;0;NORMAL;;Sem ação necessária.
UCI_Dataset;18/07/04 11:00;1;ALTO;R09_RISCO_INCENDIO;Risco máximo incendio florestal. Proibir queimadas. Vigilancia reforcada.
UCI_Dataset;18/07/04 12:00;1;ALTO;R09_RISCO_INCENDIO;Risco máximo incendio florestal. Proibir queimadas. Vigilancia reforcada.
UCI_Dataset;18/07/04 13:00;1;ALTO;R09_RISCO_INCENDIO;Risco máximo incendio florestal. Proibir queimadas. Vigilancia reforcada.
UCI_Dataset;18/07/04 14:00;2;ALTO;R08_CALOR_EXTREMO, R09_RISCO_INCENDIO;Alerta vermelho calor. Ativar Plano de Contingencia. Populações vulneráveis em risco.
UCI_Dataset;18/07/04 15:00;2;ALTO;R08_CALOR_EXTREMO, R09_RISCO_INCENDIO;Alerta vermelho calor. Ativar Plano de Contingencia. Populações vulneráveis em risco.
UCI_Dataset;18/07/04 16:00;2;ALTO;R08_CALOR_EXTREMO, R09_RISCO_INCENDIO;Alerta vermelho calor. Ativar Plano de Contingencia. Populações vulneráveis em risco.
UCI_Dataset;18/07/04 17:00;2;ALTO;R08_CALOR_EXTREMO, R09_RISCO_INCENDIO;Alerta vermelho calor. Ativar Plano de Contingencia. Populações vulneráveis em risco.
UCI_Dataset;18/07/04 18:00;1;ALTO;R09_RISCO_INCENDIO;Risco máximo incendio florestal. Proibir queimadas. Vigilancia reforcada.
UCI_Dataset;18/07/04 19:00;0;NORMAL;;Sem ação necessária.
UCI_Dataset;18/07/04 20:00;0;NORMAL;;Sem ação necessária.
UCI_Dataset;18/07/04 21:00;0;NORMAL;;Sem ação necessária.
UCI_Dataset;18/07/04 22:00;1;MODERADO;R02_NO2_MODERADO;Monitorizar evolucão. Sensiveis reduzam atividade ao ar livre.
UCI_Dataset;18/07/04 23:00;1;MODERADO;R02_NO2_MODERADO;Monitorizar evolucão. Sensiveis reduzam atividade ao ar livre.
UCI_Dataset;19/07/04 00:00;0;NORMAL;;Sem ação necessária.
UCI_Dataset;19/07/04 01:00;0;NORMAL;;Sem ação necessária.
UCI_Dataset;19/07/04 02:00;0;NORMAL;;Sem ação necessária.
UCI_Dataset;19/07/04 03:00;0;NORMAL;;Sem ação necessária.
UCI_Dataset;19/07/04 04:00;0;NORMAL;;Sem ação necessária.
UCI_Dataset;19/07/04 05:00;0;NORMAL;;Sem ação necessária.
UCI_Dataset;19/07/04 06:00;0;NORMAL;;Sem ação necessária.
UCI_Dataset;19/07/04 07:00;1;MODERADO;R02_NO2_MODERADO;Monitorizar evolucão. Sensiveis reduzam atividade ao ar livre.
UCI_Dataset;19/07/04 08:00;1;MODERADO;R02_NO2_MODERADO;Monitorizar evolucão. Sensiveis reduzam atividade ao ar livre.
UCI_Dataset;19/07/04 09:00;1;MODERADO;R02_NO2_MODERADO;Monitorizar evolucão. Sensiveis reduzam atividade ao ar livre.
UCI_Dataset;19/07/04 10:00;1;MODERADO;R02_NO2_MODERADO;Monitorizar evolucão. Sensiveis reduzam atividade ao ar livre.
UCI_Dataset;19/07/04 11:00;2;ALTO;R09_RISCO_INCENDIO, R02_NO2_MODERADO;Risco máximo incendio florestal. Proibir queimadas. Vigilancia reforcada.
UCI_Dataset;19/07/04 12:00;2;ALTO;R09_RISCO_INCENDIO, R02_NO2_MODERADO;Risco máximo incendio florestal. Proibir queimadas. Vigilancia reforcada.
UCI_Dataset;19/07/04 13:00;2;ALTO;R09_RISCO_INCENDIO, R02_NO2_MODERADO;Risco máximo incendio florestal. Proibir queimadas. Vigilancia reforcada.
UCI_Dataset;19/07/04 14:00;3;ALTO;R08_CALOR_EXTREMO, R09_RISCO_INCENDIO, R02_NO2_MODERADO;Alerta vermelho calor. Ativar Plano de Contingencia. Populações vulneráveis em risco.
UCI_Dataset;19/07/04 15:00;3;ALTO;R08_CALOR_EXTREMO, R09_RISCO_INCENDIO, R02_NO2_MODERADO;Alerta vermelho calor. Ativar Plano de Contingencia. Populações vulneráveis em risco.
UCI_Dataset;19/07/04 16:00;3;ALTO;R08_CALOR_EXTREMO, R09_RISCO_INCENDIO, R02_NO2_MODERADO;Alerta vermelho calor. Ativar Plano de Contingencia. Populações vulneráveis em risco.
UCI_Dataset;19/07/04 17:00;2;ALTO;R09_RISCO_INCENDIO, R02_NO2_MODERADO;Risco máximo incendio florestal. Proibir queimadas. Vigilancia reforcada.
UCI_Dataset;19/07/04 18:00;2;ALTO;R01_NO2_ALTO, R09_RISCO_INCENDIO;Limitar trafego automovel. Grupos sensiveis evitem exposição prolongada.
UCI_Dataset;19/07/04 19:00;1;MODERADO;R02_NO2_MODERADO;Monitorizar evolucão. Sensiveis reduzam atividade ao ar livre.
UCI_Dataset;19/07/04 20:00;1;MODERADO;R02_NO2_MODERADO;Monitorizar evolucão. Sensiveis reduzam atividade ao ar livre.
UCI_Dataset;19/07/04 21:00;1;MODERADO;R02_NO2_MODERADO;Monitorizar evolucão. Sensiveis reduzam atividade ao ar livre.
UCI_Dataset;19/07/04 22:00;1;MODERADO;R02_NO2_MODERADO;Monitorizar evolucão. Sensiveis reduzam atividade ao ar livre.
UCI_Dataset;19/07/04 23:00;0;NORMAL;;Sem ação necessária.
UCI_Dataset;20/07/04 00:00;0;NORMAL;;Sem ação necessária.
UCI_Dataset;20/07/04 01:00;0;NORMAL;;Sem ação necessária.
UCI_Dataset;20/07/04 02:00;0;NORMAL;;Sem ação necessária.
UCI_Dataset;20/07/04 03:00;0;NORMAL;;Sem ação necessária.
UCI_Dataset;20/07/04 04:00;0;NORMAL;;Sem ação necessária.
UCI_Dataset;20/07/04 05:00;0;NORMAL;;Sem ação necessária.
UCI_Dataset;20/07/04 06:00;0;NORMAL;;Sem ação necessária.
UCI_Dataset;20/07/04 07:00;1;MODERADO;R02_NO2_MODERADO;Monitorizar evolucão. Sensiveis reduzam atividade ao ar livre.
UCI_Dataset;20/07/04 08:00;1;MODERADO;R02_NO2_MODERADO;Monitorizar evolucão. Sensiveis reduzam atividade ao ar livre.
UCI_Dataset;20/07/04 09:00;1;MODERADO;R02_NO2_MODERADO;Monitorizar evolucão. Sensiveis reduzam atividade ao ar livre.
UCI_Dataset;20/07/04 10:00;1;MODERADO;R02_NO2_MODERADO;Monitorizar evolucão. Sensiveis reduzam atividade ao ar livre.
UCI_Dataset;20/07/04 11:00;2;ALTO;R09_RISCO_INCENDIO, R02_NO2_MODERADO;Risco máximo incendio florestal. Proibir queimadas. Vigilancia reforcada.
UCI_Dataset;20/07/04 12:00;2;ALTO;R09_RISCO_INCENDIO, R02_NO2_MODERADO;Risco máximo incendio florestal. Proibir queimadas. Vigilancia reforcada.
UCI_Dataset;20/07/04 13:00;2;ALTO;R09_RISCO_INCENDIO, R02_NO2_MODERADO;Risco máximo incendio florestal. Proibir queimadas. Vigilancia reforcada.
UCI_Dataset;20/07/04 14:00;3;ALTO;R08_CALOR_EXTREMO, R09_RISCO_INCENDIO, R02_NO2_MODERADO;Alerta vermelho calor. Ativar Plano de Contingencia. Populações vulneráveis em risco.
UCI_Dataset;20/07/04 15:00;3;ALTO;R08_CALOR_EXTREMO, R09_RISCO_INCENDIO, R02_NO2_MODERADO;Alerta vermelho calor. Ativar Plano de Contingencia. Populações vulneráveis em risco.
UCI_Dataset;20/07/04 16:00;3;ALTO;R08_CALOR_EXTREMO, R09_RISCO_INCENDIO, R02_NO2_MODERADO;Alerta vermelho calor. Ativar Plano de Contingencia. Populações vulneráveis em risco.
UCI_Dataset;20/07/04 17:00;3;ALTO;R08_CALOR_EXTREMO, R09_RISCO_INCENDIO, R02_NO2_MODERADO;Alerta vermelho calor. Ativar Plano de Contingencia. Populações vulneráveis em risco.
UCI_Dataset;20/07/04 18:00;2;ALTO;R09_RISCO_INCENDIO, R02_NO2_MODERADO;Risco máximo incendio florestal. Proibir queimadas. Vigilancia reforcada.
UCI_Dataset;20/07/04 19:00;1;MODERADO;R02_NO2_MODERADO;Monitorizar evolucão. Sensiveis reduzam atividade ao ar livre.
UCI_Dataset;20/07/04 20:00;1;MODERADO;R02_NO2_MODERADO;Monitorizar evolucão. Sensiveis reduzam atividade ao ar livre.
UCI_Dataset;20/07/04 21:00;1;MODERADO;R02_NO2_MODERADO;Monitorizar evolucão. Sensiveis reduzam atividade ao ar livre.
UCI_Dataset;20/07/04 22:00;1;MODERADO;R02_NO2_MODERADO;Monitorizar evolucão. Sensiveis reduzam atividade ao ar livre.
UCI_Dataset;20/07/04 23:00;1;MODERADO;R02_NO2_MODERADO;Monitorizar evolucão. Sensiveis reduzam atividade ao ar livre.
UCI_Dataset;21/07/04 00:00;0;NORMAL;;Sem ação necessária.
UCI_Dataset;21/07/04 01:00;0;NORMAL;;Sem ação necessária.
UCI_Dataset;21/07/04 02:00;0;NORMAL;;Sem ação necessária.
UCI_Dataset;21/07/04 03:00;0;NORMAL;;Sem ação necessária.
UCI_Dataset;21/07/04 04:00;0;NORMAL;;Sem ação necessária.
UCI_Dataset;21/07/04 05:00;0;NORMAL;;Sem ação necessária.
UCI_Dataset;21/07/04 06:00;0;NORMAL;;Sem ação necessária.
UCI_Dataset;21/07/04 07:00;1;MODERADO;R02_NO2_MODERADO;Monitorizar evolucão. Sensiveis reduzam atividade ao ar livre.
UCI_Dataset;21/07/04 08:00;1;MODERADO;R02_NO2_MODERADO;Monitorizar evolucão. Sensiveis reduzam atividade ao ar livre.
UCI_Dataset;21/07/04 09:00;1;MODERADO;R02_NO2_MODERADO;Monitorizar evolucão. Sensiveis reduzam atividade ao ar livre.
UCI_Dataset;21/07/04 10:00;1;MODERADO;R02_NO2_MODERADO;Monitorizar evolucão. Sensiveis reduzam atividade ao ar livre.
UCI_Dataset;21/07/04 11:00;2;ALTO;R09_RISCO_INCENDIO, R02_NO2_MODERADO;Risco máximo incendio florestal. Proibir queimadas. Vigilancia reforcada.
UCI_Dataset;21/07/04 12:00;2;ALTO;R09_RISCO_INCENDIO, R02_NO2_MODERADO;Risco máximo incendio florestal. Proibir queimadas. Vigilancia reforcada.
UCI_Dataset;21/07/04 13:00;3;ALTO;R08_CALOR_EXTREMO, R09_RISCO_INCENDIO, R02_NO2_MODERADO;Alerta vermelho calor. Ativar Plano de Contingencia. Populações vulneráveis em risco.
UCI_Dataset;21/07/04 14:00;2;ALTO;R08_CALOR_EXTREMO, R09_RISCO_INCENDIO;Alerta vermelho calor. Ativar Plano de Contingencia. Populações vulneráveis em risco.
UCI_Dataset;21/07/04 15:00;3;ALTO;R08_CALOR_EXTREMO, R09_RISCO_INCENDIO, R02_NO2_MODERADO;Alerta vermelho calor. Ativar Plano de Contingencia. Populações vulneráveis em risco.
UCI_Dataset;21/07/04 16:00;3;ALTO;R08_CALOR_EXTREMO, R09_RISCO_INCENDIO, R02_NO2_MODERADO;Alerta vermelho calor. Ativar Plano de Contingencia. Populações vulneráveis em risco.
UCI_Dataset;21/07/04 17:00;2;ALTO;R08_CALOR_EXTREMO, R09_RISCO_INCENDIO;Alerta vermelho calor. Ativar Plano de Contingencia. Populações vulneráveis em risco.
UCI_Dataset;21/07/04 18:00;2;ALTO;R09_RISCO_INCENDIO, R02_NO2_MODERADO;Risco máximo incendio florestal. Proibir queimadas. Vigilancia reforcada.
UCI_Dataset;21/07/04 19:00;2;ALTO;R09_RISCO_INCENDIO, R02_NO2_MODERADO;Risco máximo incendio florestal. Proibir queimadas. Vigilancia reforcada.
UCI_Dataset;21/07/04 20:00;1;MODERADO;R02_NO2_MODERADO;Monitorizar evolucão. Sensiveis reduzam atividade ao ar livre.
UCI_Dataset;21/07/04 21:00;1;MODERADO;R02_NO2_MODERADO;Monitorizar evolucão. Sensiveis reduzam atividade ao ar livre.
UCI_Dataset;21/07/04 22:00;1;MODERADO;R02_NO2_MODERADO;Monitorizar evolucão. Sensiveis reduzam atividade ao ar livre.
UCI_Dataset;21/07/04 23:00;1;MODERADO;R02_NO2_MODERADO;Monitorizar evolucão. Sensiveis reduzam atividade ao ar livre.
UCI_Dataset;22/07/04 00:00;0;NORMAL;;Sem ação necessária.
UCI_Dataset;22/07/04 01:00;0;NORMAL;;Sem ação necessária.
UCI_Dataset;22/07/04 02:00;0;NORMAL;;Sem ação necessária.
UCI_Dataset;22/07/04 03:00;0;NORMAL;;Sem ação necessária.
UCI_Dataset;22/07/04 04:00;0;NORMAL;;Sem ação necessária.
UCI_Dataset;22/07/04 05:00;0;NORMAL;;Sem ação necessária.
UCI_Dataset;22/07/04 06:00;0;NORMAL;;Sem ação necessária.
UCI_Dataset;22/07/04 07:00;1;MODERADO;R02_NO2_MODERADO;Monitorizar evolucão. Sensiveis reduzam atividade ao ar livre.
UCI_Dataset;22/07/04 08:00;1;MODERADO;R02_NO2_MODERADO;Monitorizar evolucão. Sensiveis reduzam atividade ao ar livre.
UCI_Dataset;22/07/04 09:00;1;MODERADO;R02_NO2_MODERADO;Monitorizar evolucão. Sensiveis reduzam atividade ao ar livre.
UCI_Dataset;22/07/04 10:00;1;MODERADO;R02_NO2_MODERADO;Monitorizar evolucão. Sensiveis reduzam atividade ao ar livre.
UCI_Dataset;22/07/04 11:00;2;ALTO;R09_RISCO_INCENDIO, R02_NO2_MODERADO;Risco máximo incendio florestal. Proibir queimadas. Vigilancia reforcada.
UCI_Dataset;22/07/04 12:00;3;ALTO;R08_CALOR_EXTREMO, R09_RISCO_INCENDIO, R02_NO2_MODERADO;Alerta vermelho calor. Ativar Plano de Contingencia. Populações vulneráveis em risco.
UCI_Dataset;22/07/04 13:00;3;ALTO;R08_CALOR_EXTREMO, R09_RISCO_INCENDIO, R02_NO2_MODERADO;Alerta vermelho calor. Ativar Plano de Contingencia. Populações vulneráveis em risco.
UCI_Dataset;22/07/04 14:00;3;ALTO;R08_CALOR_EXTREMO, R09_RISCO_INCENDIO, R02_NO2_MODERADO;Alerta vermelho calor. Ativar Plano de Contingencia. Populações vulneráveis em risco.
UCI_Dataset;22/07/04 15:00;3;ALTO;R08_CALOR_EXTREMO, R09_RISCO_INCENDIO, R02_NO2_MODERADO;Alerta vermelho calor. Ativar Plano de Contingencia. Populações vulneráveis em risco.
UCI_Dataset;22/07/04 16:00;3;ALTO;R08_CALOR_EXTREMO, R09_RISCO_INCENDIO, R02_NO2_MODERADO;Alerta vermelho calor. Ativar Plano de Contingencia. Populações vulneráveis em risco.
UCI_Dataset;22/07/04 17:00;3;ALTO;R08_CALOR_EXTREMO, R09_RISCO_INCENDIO, R02_NO2_MODERADO;Alerta vermelho calor. Ativar Plano de Contingencia. Populações vulneráveis em risco.
UCI_Dataset;22/07/04 18:00;3;ALTO;R08_CALOR_EXTREMO, R09_RISCO_INCENDIO, R02_NO2_MODERADO;Alerta vermelho calor. Ativar Plano de Contingencia. Populações vulneráveis em risco.
UCI_Dataset;22/07/04 19:00;2;ALTO;R09_RISCO_INCENDIO, R02_NO2_MODERADO;Risco máximo incendio florestal. Proibir queimadas. Vigilancia reforcada.
UCI_Dataset;22/07/04 20:00;1;MODERADO;R02_NO2_MODERADO;Monitorizar evolucão. Sensiveis reduzam atividade ao ar livre.
UCI_Dataset;22/07/04 21:00;1;MODERADO;R02_NO2_MODERADO;Monitorizar evolucão. Sensiveis reduzam atividade ao ar livre.
UCI_Dataset;22/07/04 22:00;1;MODERADO;R02_NO2_MODERADO;Monitorizar evolucão. Sensiveis reduzam atividade ao ar livre.
UCI_Dataset;22/07/04 23:00;1;MODERADO;R02_NO2_MODERADO;Monitorizar evolucão. Sensiveis reduzam atividade ao ar livre.
UCI_Dataset;23/07/04 00:00;1;MODERADO;R02_NO2_MODERADO;Monitorizar evolucão. Sensiveis reduzam atividade ao ar livre.
UCI_Dataset;23/07/04 01:00;0;NORMAL;;Sem ação necessária.
UCI_Dataset;23/07/04 02:00;0;NORMAL;;Sem ação necessária.
UCI_Dataset;23/07/04 03:00;0;NORMAL;;Sem ação necessária.
UCI_Dataset;23/07/04 04:00;0;NORMAL;;Sem ação necessária.
UCI_Dataset;23/07/04 05:00;0;NORMAL;;Sem ação necessária.
UCI_Dataset;23/07/04 06:00;0;NORMAL;;Sem ação necessária.
UCI_Dataset;23/07/04 07:00;0;NORMAL;;Sem ação necessária.
UCI_Dataset;23/07/04 08:00;1;MODERADO;R02_NO2_MODERADO;Monitorizar evolucão. Sensiveis reduzam atividade ao ar livre.
UCI_Dataset;23/07/04 09:00;1;MODERADO;R02_NO2_MODERADO;Monitorizar evolucão. Sensiveis reduzam atividade ao ar livre.
UCI_Dataset;23/07/04 10:00;1;MODERADO;R02_NO2_MODERADO;Monitorizar evolucão. Sensiveis reduzam atividade ao ar livre.
UCI_Dataset;23/07/04 11:00;2;ALTO;R09_RISCO_INCENDIO, R02_NO2_MODERADO;Risco máximo incendio florestal. Proibir queimadas. Vigilancia reforcada.
UCI_Dataset;23/07/04 12:00;3;ALTO;R08_CALOR_EXTREMO, R09_RISCO_INCENDIO, R02_NO2_MODERADO;Alerta vermelho calor. Ativar Plano de Contingencia. Populações vulneráveis em risco.
UCI_Dataset;23/07/04 13:00;3;ALTO;R08_CALOR_EXTREMO, R09_RISCO_INCENDIO, R02_NO2_MODERADO;Alerta vermelho calor. Ativar Plano de Contingencia. Populações vulneráveis em risco.
UCI_Dataset;23/07/04 14:00;3;ALTO;R08_CALOR_EXTREMO, R09_RISCO_INCENDIO, R02_NO2_MODERADO;Alerta vermelho calor. Ativar Plano de Contingencia. Populações vulneráveis em risco.
UCI_Dataset;23/07/04 15:00;3;ALTO;R08_CALOR_EXTREMO, R09_RISCO_INCENDIO, R02_NO2_MODERADO;Alerta vermelho calor. Ativar Plano de Contingencia. Populações vulneráveis em risco.
UCI_Dataset;23/07/04 16:00;3;ALTO;R08_CALOR_EXTREMO, R09_RISCO_INCENDIO, R02_NO2_MODERADO;Alerta vermelho calor. Ativar Plano de Contingencia. Populações vulneráveis em risco.
UCI_Dataset;23/07/04 17:00;3;ALTO;R08_CALOR_EXTREMO, R09_RISCO_INCENDIO, R02_NO2_MODERADO;Alerta vermelho calor. Ativar Plano de Contingencia. Populações vulneráveis em risco.
UCI_Dataset;23/07/04 18:00;2;ALTO;R09_RISCO_INCENDIO, R02_NO2_MODERADO;Risco máximo incendio florestal. Proibir queimadas. Vigilancia reforcada.
UCI_Dataset;23/07/04 19:00;2;ALTO;R09_RISCO_INCENDIO, R02_NO2_MODERADO;Risco máximo incendio florestal. Proibir queimadas. Vigilancia reforcada.
UCI_Dataset;23/07/04 20:00;1;MODERADO;R02_NO2_MODERADO;Monitorizar evolucão. Sensiveis reduzam atividade ao ar livre.
UCI_Dataset;23/07/04 21:00;0;NORMAL;;Sem ação necessária.
UCI_Dataset;23/07/04 22:00;0;NORMAL;;Sem ação necessária.
UCI_Dataset;23/07/04 23:00;0;NORMAL;;Sem ação necessária.
UCI_Dataset;24/07/04 00:00;0;NORMAL;;Sem ação necessária.
UCI_Dataset;24/07/04 01:00;0;NORMAL;;Sem ação necessária.
UCI_Dataset;24/07/04 02:00;0;NORMAL;;Sem ação necessária.
UCI_Dataset;24/07/04 03:00;0;NORMAL;;Sem ação necessária.
UCI_Dataset;24/07/04 04:00;0;NORMAL;;Sem ação necessária.
UCI_Dataset;24/07/04 05:00;0;NORMAL;;Sem ação necessária.
UCI_Dataset;24/07/04 06:00;0;NORMAL;;Sem ação necessária.
UCI_Dataset;24/07/04 07:00;0;NORMAL;;Sem ação necessária.
UCI_Dataset;24/07/04 08:00;0;NORMAL;;Sem ação necessária.
UCI_Dataset;24/07/04 09:00;0;NORMAL;;Sem ação necessária.
UCI_Dataset;24/07/04 10:00;1;MODERADO;R02_NO2_MODERADO;Monitorizar evolucão. Sensiveis reduzam atividade ao ar livre.
UCI_Dataset;24/07/04 11:00;1;ALTO;R09_RISCO_INCENDIO;Risco máximo incendio florestal. Proibir queimadas. Vigilancia reforcada.
UCI_Dataset;24/07/04 12:00;1;ALTO;R09_RISCO_INCENDIO;Risco máximo incendio florestal. Proibir queimadas. Vigilancia reforcada.
UCI_Dataset;24/07/04 13:00;1;ALTO;R09_RISCO_INCENDIO;Risco máximo incendio florestal. Proibir queimadas. Vigilancia reforcada.
UCI_Dataset;24/07/04 14:00;0;NORMAL;;Sem ação necessária.
UCI_Dataset;24/07/04 15:00;1;ALTO;R09_RISCO_INCENDIO;Risco máximo incendio florestal. Proibir queimadas. Vigilancia reforcada.
UCI_Dataset;24/07/04 16:00;1;ALTO;R09_RISCO_INCENDIO;Risco máximo incendio florestal. Proibir queimadas. Vigilancia reforcada.
UCI_Dataset;24/07/04 17:00;1;ALTO;R09_RISCO_INCENDIO;Risco máximo incendio florestal. Proibir queimadas. Vigilancia reforcada.
UCI_Dataset;24/07/04 18:00;0;NORMAL;;Sem ação necessária.
UCI_Dataset;24/07/04 19:00;0;NORMAL;;Sem ação necessária.
UCI_Dataset;24/07/04 20:00;0;NORMAL;;Sem ação necessária.
UCI_Dataset;24/07/04 21:00;0;NORMAL;;Sem ação necessária.
UCI_Dataset;24/07/04 22:00;0;NORMAL;;Sem ação necessária.
UCI_Dataset;24/07/04 23:00;0;NORMAL;;Sem ação necessária.
UCI_Dataset;25/07/04 00:00;0;NORMAL;;Sem ação necessária.
UCI_Dataset;25/07/04 01:00;0;NORMAL;;Sem ação necessária.
UCI_Dataset;25/07/04 02:00;0;NORMAL;;Sem ação necessária.
UCI_Dataset;25/07/04 03:00;0;NORMAL;;Sem ação necessária.
UCI_Dataset;25/07/04 04:00;0;NORMAL;;Sem ação necessária.
UCI_Dataset;25/07/04 05:00;0;NORMAL;;Sem ação necessária.
UCI_Dataset;25/07/04 06:00;0;NORMAL;;Sem ação necessária.
UCI_Dataset;25/07/04 07:00;0;NORMAL;;Sem ação necessária.
UCI_Dataset;25/07/04 08:00;0;NORMAL;;Sem ação necessária.
UCI_Dataset;25/07/04 09:00;0;NORMAL;;Sem ação necessária.
UCI_Dataset;25/07/04 10:00;0;NORMAL;;Sem ação necessária.
UCI_Dataset;25/07/04 11:00;0;NORMAL;;Sem ação necessária.
UCI_Dataset;25/07/04 12:00;0;NORMAL;;Sem ação necessária.
UCI_Dataset;25/07/04 13:00;0;NORMAL;;Sem ação necessária.
UCI_Dataset;25/07/04 14:00;0;NORMAL;;Sem ação necessária.
UCI_Dataset;25/07/04 15:00;0;NORMAL;;Sem ação necessária.
UCI_Dataset;25/07/04 16:00;0;NORMAL;;Sem ação necessária.
UCI_Dataset;25/07/04 17:00;0;NORMAL;;Sem ação necessária.
UCI_Dataset;25/07/04 18:00;0;NORMAL;;Sem ação necessária.
UCI_Dataset;25/07/04 19:00;0;NORMAL;;Sem ação necessária.
UCI_Dataset;25/07/04 20:00;1;MODERADO;R02_NO2_MODERADO;Monitorizar evolucão. Sensiveis reduzam atividade ao ar livre.
UCI_Dataset;25/07/04 21:00;0;NORMAL;;Sem ação necessária.
UCI_Dataset;25/07/04 22:00;0;NORMAL;;Sem ação necessária.
UCI_Dataset;25/07/04 23:00;0;NORMAL;;Sem ação necessária.
UCI_Dataset;26/07/04 00:00;0;NORMAL;;Sem ação necessária.
UCI_Dataset;26/07/04 01:00;0;NORMAL;;Sem ação necessária.
UCI_Dataset;26/07/04 02:00;0;NORMAL;;Sem ação necessária.
UCI_Dataset;26/07/04 03:00;0;NORMAL;;Sem ação necessária.
UCI_Dataset;26/07/04 04:00;0;NORMAL;;Sem ação necessária.
UCI_Dataset;26/07/04 05:00;0;NORMAL;;Sem ação necessária.
UCI_Dataset;26/07/04 06:00;1;MODERADO;R02_NO2_MODERADO;Monitorizar evolucão. Sensiveis reduzam atividade ao ar livre.
UCI_Dataset;26/07/04 07:00;1;MODERADO;R02_NO2_MODERADO;Monitorizar evolucão. Sensiveis reduzam atividade ao ar livre.
UCI_Dataset;26/07/04 08:00;1;MODERADO;R02_NO2_MODERADO;Monitorizar evolucão. Sensiveis reduzam atividade ao ar livre.
UCI_Dataset;26/07/04 09:00;0;NORMAL;;Sem ação necessária.
UCI_Dataset;26/07/04 10:00;0;NORMAL;;Sem ação necessária.
UCI_Dataset;26/07/04 11:00;0;NORMAL;;Sem ação necessária.
UCI_Dataset;26/07/04 12:00;0;NORMAL;;Sem ação necessária.
UCI_Dataset;26/07/04 13:00;1;ALTO;R09_RISCO_INCENDIO;Risco máximo incendio florestal. Proibir queimadas. Vigilancia reforcada.
UCI_Dataset;26/07/04 14:00;1;ALTO;R09_RISCO_INCENDIO;Risco máximo incendio florestal. Proibir queimadas. Vigilancia reforcada.
UCI_Dataset;26/07/04 15:00;1;ALTO;R09_RISCO_INCENDIO;Risco máximo incendio florestal. Proibir queimadas. Vigilancia reforcada.
UCI_Dataset;26/07/04 16:00;2;ALTO;R09_RISCO_INCENDIO, R02_NO2_MODERADO;Risco máximo incendio florestal. Proibir queimadas. Vigilancia reforcada.
UCI_Dataset;26/07/04 17:00;1;MODERADO;R02_NO2_MODERADO;Monitorizar evolucão. Sensiveis reduzam atividade ao ar livre.
UCI_Dataset;26/07/04 18:00;1;MODERADO;R02_NO2_MODERADO;Monitorizar evolucão. Sensiveis reduzam atividade ao ar livre.
UCI_Dataset;26/07/04 19:00;1;MODERADO;R02_NO2_MODERADO;Monitorizar evolucão. Sensiveis reduzam atividade ao ar livre.
UCI_Dataset;26/07/04 20:00;1;MODERADO;R02_NO2_MODERADO;Monitorizar evolucão. Sensiveis reduzam atividade ao ar livre.
UCI_Dataset;26/07/04 21:00;1;MODERADO;R02_NO2_MODERADO;Monitorizar evolucão. Sensiveis reduzam atividade ao ar livre.
UCI_Dataset;26/07/04 22:00;0;NORMAL;;Sem ação necessária.
UCI_Dataset;26/07/04 23:00;0;NORMAL;;Sem ação necessária.
UCI_Dataset;27/07/04 00:00;0;NORMAL;;Sem ação necessária.
UCI_Dataset;27/07/04 01:00;0;NORMAL;;Sem ação necessária.
UCI_Dataset;27/07/04 02:00;0;NORMAL;;Sem ação necessária.
UCI_Dataset;27/07/04 03:00;0;NORMAL;;Sem ação necessária.
UCI_Dataset;27/07/04 04:00;0;NORMAL;;Sem ação necessária.
UCI_Dataset;27/07/04 05:00;0;NORMAL;;Sem ação necessária.
UCI_Dataset;27/07/04 06:00;0;NORMAL;;Sem ação necessária.
UCI_Dataset;27/07/04 07:00;1;MODERADO;R02_NO2_MODERADO;Monitorizar evolucão. Sensiveis reduzam atividade ao ar livre.
UCI_Dataset;27/07/04 08:00;1;MODERADO;R02_NO2_MODERADO;Monitorizar evolucão. Sensiveis reduzam atividade ao ar livre.
UCI_Dataset;27/07/04 09:00;1;MODERADO;R02_NO2_MODERADO;Monitorizar evolucão. Sensiveis reduzam atividade ao ar livre.
UCI_Dataset;27/07/04 10:00;1;MODERADO;R02_NO2_MODERADO;Monitorizar evolucão. Sensiveis reduzam atividade ao ar livre.
UCI_Dataset;27/07/04 11:00;1;MODERADO;R02_NO2_MODERADO;Monitorizar evolucão. Sensiveis reduzam atividade ao ar livre.
UCI_Dataset;27/07/04 12:00;0;NORMAL;;Sem ação necessária.
UCI_Dataset;27/07/04 13:00;0;NORMAL;;Sem ação necessária.
UCI_Dataset;27/07/04 14:00;0;NORMAL;;Sem ação necessária.
UCI_Dataset;27/07/04 15:00;0;NORMAL;;Sem ação necessária.
UCI_Dataset;27/07/04 16:00;0;NORMAL;;Sem ação necessária.
UCI_Dataset;27/07/04 17:00;1;MODERADO;R02_NO2_MODERADO;Monitorizar evolucão. Sensiveis reduzam atividade ao ar livre.
UCI_Dataset;27/07/04 18:00;1;MODERADO;R02_NO2_MODERADO;Monitorizar evolucão. Sensiveis reduzam atividade ao ar livre.
UCI_Dataset;27/07/04 19:00;1;MODERADO;R02_NO2_MODERADO;Monitorizar evolucão. Sensiveis reduzam atividade ao ar livre.
UCI_Dataset;27/07/04 20:00;1;MODERADO;R02_NO2_MODERADO;Monitorizar evolucão. Sensiveis reduzam atividade ao ar livre.
UCI_Dataset;27/07/04 21:00;1;MODERADO;R02_NO2_MODERADO;Monitorizar evolucão. Sensiveis reduzam atividade ao ar livre.
UCI_Dataset;27/07/04 22:00;0;NORMAL;;Sem ação necessária.
UCI_Dataset;27/07/04 23:00;0;NORMAL;;Sem ação necessária.
UCI_Dataset;28/07/04 00:00;1;MODERADO;R02_NO2_MODERADO;Monitorizar evolucão. Sensiveis reduzam atividade ao ar livre.
UCI_Dataset;28/07/04 01:00;0;NORMAL;;Sem ação necessária.
UCI_Dataset;28/07/04 02:00;0;NORMAL;;Sem ação necessária.
UCI_Dataset;28/07/04 03:00;0;NORMAL;;Sem ação necessária.
UCI_Dataset;28/07/04 04:00;0;NORMAL;;Sem ação necessária.
UCI_Dataset;28/07/04 05:00;0;NORMAL;;Sem ação necessária.
UCI_Dataset;28/07/04 06:00;0;NORMAL;;Sem ação necessária.
UCI_Dataset;28/07/04 07:00;0;NORMAL;;Sem ação necessária.
UCI_Dataset;28/07/04 08:00;1;MODERADO;R02_NO2_MODERADO;Monitorizar evolucão. Sensiveis reduzam atividade ao ar livre.
UCI_Dataset;28/07/04 09:00;1;MODERADO;R02_NO2_MODERADO;Monitorizar evolucão. Sensiveis reduzam atividade ao ar livre.
UCI_Dataset;28/07/04 10:00;1;MODERADO;R02_NO2_MODERADO;Monitorizar evolucão. Sensiveis reduzam atividade ao ar livre.
UCI_Dataset;28/07/04 11:00;0;NORMAL;;Sem ação necessária.
UCI_Dataset;28/07/04 12:00;1;ALTO;R09_RISCO_INCENDIO;Risco máximo incendio florestal. Proibir queimadas. Vigilancia reforcada.
UCI_Dataset;28/07/04 13:00;0;NORMAL;;Sem ação necessária.
UCI_Dataset;28/07/04 14:00;0;NORMAL;;Sem ação necessária.
UCI_Dataset;28/07/04 15:00;2;ALTO;R09_RISCO_INCENDIO, R02_NO2_MODERADO;Risco máximo incendio florestal. Proibir queimadas. Vigilancia reforcada.
UCI_Dataset;28/07/04 16:00;2;ALTO;R09_RISCO_INCENDIO, R02_NO2_MODERADO;Risco máximo incendio florestal. Proibir queimadas. Vigilancia reforcada.
UCI_Dataset;28/07/04 17:00;1;MODERADO;R02_NO2_MODERADO;Monitorizar evolucão. Sensiveis reduzam atividade ao ar livre.
UCI_Dataset;28/07/04 18:00;1;ALTO;R09_RISCO_INCENDIO;Risco máximo incendio florestal. Proibir queimadas. Vigilancia reforcada.
UCI_Dataset;28/07/04 19:00;1;MODERADO;R02_NO2_MODERADO;Monitorizar evolucão. Sensiveis reduzam atividade ao ar livre.
UCI_Dataset;28/07/04 20:00;1;MODERADO;R02_NO2_MODERADO;Monitorizar evolucão. Sensiveis reduzam atividade ao ar livre.
UCI_Dataset;28/07/04 21:00;1;MODERADO;R02_NO2_MODERADO;Monitorizar evolucão. Sensiveis reduzam atividade ao ar livre.
UCI_Dataset;28/07/04 22:00;0;NORMAL;;Sem ação necessária.
UCI_Dataset;28/07/04 23:00;0;NORMAL;;Sem ação necessária.
UCI_Dataset;29/07/04 00:00;0;NORMAL;;Sem ação necessária.
UCI_Dataset;29/07/04 01:00;0;NORMAL;;Sem ação necessária.
UCI_Dataset;29/07/04 02:00;0;NORMAL;;Sem ação necessária.
UCI_Dataset;29/07/04 03:00;0;NORMAL;;Sem ação necessária.
UCI_Dataset;29/07/04 04:00;0;NORMAL;;Sem ação necessária.
UCI_Dataset;29/07/04 05:00;0;NORMAL;;Sem ação necessária.
UCI_Dataset;29/07/04 06:00;0;NORMAL;;Sem ação necessária.
UCI_Dataset;29/07/04 07:00;0;NORMAL;;Sem ação necessária.
UCI_Dataset;29/07/04 08:00;1;MODERADO;R02_NO2_MODERADO;Monitorizar evolucão. Sensiveis reduzam atividade ao ar livre.
UCI_Dataset;29/07/04 09:00;1;MODERADO;R02_NO2_MODERADO;Monitorizar evolucão. Sensiveis reduzam atividade ao ar livre.
UCI_Dataset;29/07/04 10:00;1;MODERADO;R02_NO2_MODERADO;Monitorizar evolucão. Sensiveis reduzam atividade ao ar livre.
UCI_Dataset;29/07/04 11:00;1;MODERADO;R02_NO2_MODERADO;Monitorizar evolucão. Sensiveis reduzam atividade ao ar livre.
UCI_Dataset;29/07/04 12:00;2;ALTO;R09_RISCO_INCENDIO, R02_NO2_MODERADO;Risco máximo incendio florestal. Proibir queimadas. Vigilancia reforcada.
UCI_Dataset;29/07/04 13:00;2;ALTO;R09_RISCO_INCENDIO, R02_NO2_MODERADO;Risco máximo incendio florestal. Proibir queimadas. Vigilancia reforcada.
UCI_Dataset;29/07/04 14:00;0;NORMAL;;Sem ação necessária.
UCI_Dataset;29/07/04 15:00;2;ALTO;R09_RISCO_INCENDIO, R02_NO2_MODERADO;Risco máximo incendio florestal. Proibir queimadas. Vigilancia reforcada.
UCI_Dataset;29/07/04 16:00;2;ALTO;R09_RISCO_INCENDIO, R02_NO2_MODERADO;Risco máximo incendio florestal. Proibir queimadas. Vigilancia reforcada.
UCI_Dataset;29/07/04 17:00;2;ALTO;R09_RISCO_INCENDIO, R02_NO2_MODERADO;Risco máximo incendio florestal. Proibir queimadas. Vigilancia reforcada.
UCI_Dataset;29/07/04 18:00;2;ALTO;R09_RISCO_INCENDIO, R02_NO2_MODERADO;Risco máximo incendio florestal. Proibir queimadas. Vigilancia reforcada.
UCI_Dataset;29/07/04 19:00;1;MODERADO;R02_NO2_MODERADO;Monitorizar evolucão. Sensiveis reduzam atividade ao ar livre.
UCI_Dataset;29/07/04 20:00;1;MODERADO;R02_NO2_MODERADO;Monitorizar evolucão. Sensiveis reduzam atividade ao ar livre.
UCI_Dataset;29/07/04 21:00;1;MODERADO;R02_NO2_MODERADO;Monitorizar evolucão. Sensiveis reduzam atividade ao ar livre.
UCI_Dataset;29/07/04 22:00;1;MODERADO;R02_NO2_MODERADO;Monitorizar evolucão. Sensiveis reduzam atividade ao ar livre.
UCI_Dataset;29/07/04 23:00;1;MODERADO;R02_NO2_MODERADO;Monitorizar evolucão. Sensiveis reduzam atividade ao ar livre.
UCI_Dataset;30/07/04 00:00;1;MODERADO;R02_NO2_MODERADO;Monitorizar evolucão. Sensiveis reduzam atividade ao ar livre.
UCI_Dataset;30/07/04 01:00;0;NORMAL;;Sem ação necessária.
UCI_Dataset;30/07/04 02:00;0;NORMAL;;Sem ação necessária.
UCI_Dataset;30/07/04 03:00;0;NORMAL;;Sem ação necessária.
UCI_Dataset;30/07/04 04:00;0;NORMAL;;Sem ação necessária.
UCI_Dataset;30/07/04 05:00;0;NORMAL;;Sem ação necessária.
UCI_Dataset;30/07/04 06:00;0;NORMAL;;Sem ação necessária.
UCI_Dataset;30/07/04 07:00;1;MODERADO;R02_NO2_MODERADO;Monitorizar evolucão. Sensiveis reduzam atividade ao ar livre.
UCI_Dataset;30/07/04 08:00;1;MODERADO;R02_NO2_MODERADO;Monitorizar evolucão. Sensiveis reduzam atividade ao ar livre.
UCI_Dataset;30/07/04 09:00;1;MODERADO;R02_NO2_MODERADO;Monitorizar evolucão. Sensiveis reduzam atividade ao ar livre.
UCI_Dataset;30/07/04 10:00;1;MODERADO;R02_NO2_MODERADO;Monitorizar evolucão. Sensiveis reduzam atividade ao ar livre.
UCI_Dataset;30/07/04 11:00;1;MODERADO;R02_NO2_MODERADO;Monitorizar evolucão. Sensiveis reduzam atividade ao ar livre.
UCI_Dataset;30/07/04 12:00;2;ALTO;R09_RISCO_INCENDIO, R02_NO2_MODERADO;Risco máximo incendio florestal. Proibir queimadas. Vigilancia reforcada.
UCI_Dataset;30/07/04 13:00;2;ALTO;R09_RISCO_INCENDIO, R02_NO2_MODERADO;Risco máximo incendio florestal. Proibir queimadas. Vigilancia reforcada.
UCI_Dataset;30/07/04 14:00;2;ALTO;R09_RISCO_INCENDIO, R02_NO2_MODERADO;Risco máximo incendio florestal. Proibir queimadas. Vigilancia reforcada.
UCI_Dataset;30/07/04 15:00;2;ALTO;R09_RISCO_INCENDIO, R02_NO2_MODERADO;Risco máximo incendio florestal. Proibir queimadas. Vigilancia reforcada.
UCI_Dataset;30/07/04 16:00;2;ALTO;R09_RISCO_INCENDIO, R02_NO2_MODERADO;Risco máximo incendio florestal. Proibir queimadas. Vigilancia reforcada.
UCI_Dataset;30/07/04 17:00;2;ALTO;R09_RISCO_INCENDIO, R02_NO2_MODERADO;Risco máximo incendio florestal. Proibir queimadas. Vigilancia reforcada.
UCI_Dataset;30/07/04 18:00;2;ALTO;R09_RISCO_INCENDIO, R02_NO2_MODERADO;Risco máximo incendio florestal. Proibir queimadas. Vigilancia reforcada.
UCI_Dataset;30/07/04 19:00;1;MODERADO;R02_NO2_MODERADO;Monitorizar evolucão. Sensiveis reduzam atividade ao ar livre.
UCI_Dataset;30/07/04 20:00;1;MODERADO;R02_NO2_MODERADO;Monitorizar evolucão. Sensiveis reduzam atividade ao ar livre.
UCI_Dataset;30/07/04 21:00;1;MODERADO;R02_NO2_MODERADO;Monitorizar evolucão. Sensiveis reduzam atividade ao ar livre.
UCI_Dataset;30/07/04 22:00;1;MODERADO;R02_NO2_MODERADO;Monitorizar evolucão. Sensiveis reduzam atividade ao ar livre.
UCI_Dataset;30/07/04 23:00;0;NORMAL;;Sem ação necessária.
UCI_Dataset;31/07/04 00:00;1;MODERADO;R02_NO2_MODERADO;Monitorizar evolucão. Sensiveis reduzam atividade ao ar livre.
UCI_Dataset;31/07/04 01:00;0;NORMAL;;Sem ação necessária.
UCI_Dataset;31/07/04 02:00;0;NORMAL;;Sem ação necessária.
UCI_Dataset;31/07/04 03:00;0;NORMAL;;Sem ação necessária.
UCI_Dataset;31/07/04 04:00;0;NORMAL;;Sem ação necessária.
UCI_Dataset;31/07/04 05:00;0;NORMAL;;Sem ação necessária.
UCI_Dataset;31/07/04 06:00;0;NORMAL;;Sem ação necessária.
UCI_Dataset;31/07/04 07:00;0;NORMAL;;Sem ação necessária.
UCI_Dataset;31/07/04 08:00;0;NORMAL;;Sem ação necessária.
UCI_Dataset;31/07/04 09:00;1;MODERADO;R02_NO2_MODERADO;Monitorizar evolucão. Sensiveis reduzam atividade ao ar livre.
UCI_Dataset;31/07/04 10:00;1;MODERADO;R02_NO2_MODERADO;Monitorizar evolucão. Sensiveis reduzam atividade ao ar livre.
UCI_Dataset;31/07/04 11:00;2;ALTO;R09_RISCO_INCENDIO, R02_NO2_MODERADO;Risco máximo incendio florestal. Proibir queimadas. Vigilancia reforcada.
UCI_Dataset;31/07/04 12:00;2;ALTO;R09_RISCO_INCENDIO, R02_NO2_MODERADO;Risco máximo incendio florestal. Proibir queimadas. Vigilancia reforcada.
UCI_Dataset;31/07/04 13:00;2;ALTO;R09_RISCO_INCENDIO, R02_NO2_MODERADO;Risco máximo incendio florestal. Proibir queimadas. Vigilancia reforcada.
UCI_Dataset;31/07/04 14:00;2;ALTO;R09_RISCO_INCENDIO, R02_NO2_MODERADO;Risco máximo incendio florestal. Proibir queimadas. Vigilancia reforcada.
UCI_Dataset;31/07/04 15:00;2;ALTO;R08_CALOR_EXTREMO, R09_RISCO_INCENDIO;Alerta vermelho calor. Ativar Plano de Contingencia. Populações vulneráveis em risco.
UCI_Dataset;31/07/04 16:00;2;ALTO;R08_CALOR_EXTREMO, R09_RISCO_INCENDIO;Alerta vermelho calor. Ativar Plano de Contingencia. Populações vulneráveis em risco.
UCI_Dataset;31/07/04 17:00;1;ALTO;R09_RISCO_INCENDIO;Risco máximo incendio florestal. Proibir queimadas. Vigilancia reforcada.
UCI_Dataset;31/07/04 18:00;1;ALTO;R09_RISCO_INCENDIO;Risco máximo incendio florestal. Proibir queimadas. Vigilancia reforcada.
UCI_Dataset;31/07/04 19:00;1;MODERADO;R02_NO2_MODERADO;Monitorizar evolucão. Sensiveis reduzam atividade ao ar livre.
UCI_Dataset;31/07/04 20:00;1;MODERADO;R02_NO2_MODERADO;Monitorizar evolucão. Sensiveis reduzam atividade ao ar livre.
UCI_Dataset;31/07/04 21:00;1;MODERADO;R02_NO2_MODERADO;Monitorizar evolucão. Sensiveis reduzam atividade ao ar livre.
UCI_Dataset;31/07/04 22:00;0;NORMAL;;Sem ação necessária.
UCI_Dataset;31/07/04 23:00;0;NORMAL;;Sem ação necessária.
UCI_Dataset;01/08/04 00:00;0;NORMAL;;Sem ação necessária.
UCI_Dataset;01/08/04 01:00;0;NORMAL;;Sem ação necessária.
UCI_Dataset;01/08/04 02:00;0;NORMAL;;Sem ação necessária.
UCI_Dataset;01/08/04 03:00;0;NORMAL;;Sem ação necessária.
UCI_Dataset;01/08/04 04:00;0;NORMAL;;Sem ação necessária.
UCI_Dataset;01/08/04 05:00;0;NORMAL;;Sem ação necessária.
UCI_Dataset;01/08/04 06:00;0;NORMAL;;Sem ação necessária.
UCI_Dataset;01/08/04 07:00;0;NORMAL;;Sem ação necessária.
UCI_Dataset;01/08/04 08:00;0;NORMAL;;Sem ação necessária.
UCI_Dataset;01/08/04 09:00;0;NORMAL;;Sem ação necessária.
UCI_Dataset;01/08/04 10:00;0;NORMAL;;Sem ação necessária.
UCI_Dataset;01/08/04 11:00;0;NORMAL;;Sem ação necessária.
UCI_Dataset;01/08/04 12:00;1;ALTO;R09_RISCO_INCENDIO;Risco máximo incendio florestal. Proibir queimadas. Vigilancia reforcada.
UCI_Dataset;01/08/04 13:00;1;ALTO;R09_RISCO_INCENDIO;Risco máximo incendio florestal. Proibir queimadas. Vigilancia reforcada.
UCI_Dataset;01/08/04 14:00;1;ALTO;R09_RISCO_INCENDIO;Risco máximo incendio florestal. Proibir queimadas. Vigilancia reforcada.
UCI_Dataset;01/08/04 15:00;2;ALTO;R08_CALOR_EXTREMO, R09_RISCO_INCENDIO;Alerta vermelho calor. Ativar Plano de Contingencia. Populações vulneráveis em risco.
UCI_Dataset;01/08/04 16:00;1;ALTO;R09_RISCO_INCENDIO;Risco máximo incendio florestal. Proibir queimadas. Vigilancia reforcada.
UCI_Dataset;01/08/04 17:00;1;ALTO;R09_RISCO_INCENDIO;Risco máximo incendio florestal. Proibir queimadas. Vigilancia reforcada.
UCI_Dataset;01/08/04 18:00;2;ALTO;R09_RISCO_INCENDIO, R02_NO2_MODERADO;Risco máximo incendio florestal. Proibir queimadas. Vigilancia reforcada.
UCI_Dataset;01/08/04 19:00;0;NORMAL;;Sem ação necessária.
UCI_Dataset;01/08/04 20:00;0;NORMAL;;Sem ação necessária.
UCI_Dataset;01/08/04 21:00;0;NORMAL;;Sem ação necessária.
UCI_Dataset;01/08/04 22:00;0;NORMAL;;Sem ação necessária.
UCI_Dataset;01/08/04 23:00;0;NORMAL;;Sem ação necessária.
UCI_Dataset;02/08/04 00:00;0;NORMAL;;Sem ação necessária.
UCI_Dataset;02/08/04 01:00;0;NORMAL;;Sem ação necessária.
UCI_Dataset;02/08/04 02:00;0;NORMAL;;Sem ação necessária.
UCI_Dataset;02/08/04 03:00;0;NORMAL;;Sem ação necessária.
UCI_Dataset;02/08/04 04:00;0;NORMAL;;Sem ação necessária.
UCI_Dataset;02/08/04 05:00;0;NORMAL;;Sem ação necessária.
UCI_Dataset;02/08/04 06:00;0;NORMAL;;Sem ação necessária.
UCI_Dataset;02/08/04 07:00;1;MODERADO;R02_NO2_MODERADO;Monitorizar evolucão. Sensiveis reduzam atividade ao ar livre.
UCI_Dataset;02/08/04 08:00;0;NORMAL;;Sem ação necessária.
UCI_Dataset;02/08/04 09:00;1;MODERADO;R02_NO2_MODERADO;Monitorizar evolucão. Sensiveis reduzam atividade ao ar livre.
UCI_Dataset;02/08/04 10:00;1;MODERADO;R02_NO2_MODERADO;Monitorizar evolucão. Sensiveis reduzam atividade ao ar livre.
UCI_Dataset;02/08/04 11:00;1;MODERADO;R02_NO2_MODERADO;Monitorizar evolucão. Sensiveis reduzam atividade ao ar livre.
UCI_Dataset;02/08/04 12:00;2;ALTO;R09_RISCO_INCENDIO, R02_NO2_MODERADO;Risco máximo incendio florestal. Proibir queimadas. Vigilancia reforcada.
UCI_Dataset;02/08/04 13:00;1;ALTO;R09_RISCO_INCENDIO;Risco máximo incendio florestal. Proibir queimadas. Vigilancia reforcada.
UCI_Dataset;02/08/04 14:00;1;ALTO;R09_RISCO_INCENDIO;Risco máximo incendio florestal. Proibir queimadas. Vigilancia reforcada.
UCI_Dataset;02/08/04 15:00;2;ALTO;R09_RISCO_INCENDIO, R02_NO2_MODERADO;Risco máximo incendio florestal. Proibir queimadas. Vigilancia reforcada.
UCI_Dataset;02/08/04 16:00;2;ALTO;R09_RISCO_INCENDIO, R02_NO2_MODERADO;Risco máximo incendio florestal. Proibir queimadas. Vigilancia reforcada.
UCI_Dataset;02/08/04 17:00;2;ALTO;R09_RISCO_INCENDIO, R02_NO2_MODERADO;Risco máximo incendio florestal. Proibir queimadas. Vigilancia reforcada.
UCI_Dataset;02/08/04 18:00;2;ALTO;R09_RISCO_INCENDIO, R02_NO2_MODERADO;Risco máximo incendio florestal. Proibir queimadas. Vigilancia reforcada.
UCI_Dataset;02/08/04 19:00;1;MODERADO;R02_NO2_MODERADO;Monitorizar evolucão. Sensiveis reduzam atividade ao ar livre.
UCI_Dataset;02/08/04 20:00;1;MODERADO;R02_NO2_MODERADO;Monitorizar evolucão. Sensiveis reduzam atividade ao ar livre.
UCI_Dataset;02/08/04 21:00;0;NORMAL;;Sem ação necessária.
UCI_Dataset;02/08/04 22:00;0;NORMAL;;Sem ação necessária.
UCI_Dataset;02/08/04 23:00;0;NORMAL;;Sem ação necessária.
UCI_Dataset;03/08/04 00:00;0;NORMAL;;Sem ação necessária.
UCI_Dataset;03/08/04 01:00;0;NORMAL;;Sem ação necessária.
UCI_Dataset;03/08/04 02:00;0;NORMAL;;Sem ação necessária.
UCI_Dataset;03/08/04 03:00;0;NORMAL;;Sem ação necessária.
UCI_Dataset;03/08/04 04:00;0;NORMAL;;Sem ação necessária.
UCI_Dataset;03/08/04 05:00;0;NORMAL;;Sem ação necessária.
UCI_Dataset;03/08/04 06:00;1;MODERADO;R02_NO2_MODERADO;Monitorizar evolucão. Sensiveis reduzam atividade ao ar livre.
UCI_Dataset;03/08/04 07:00;1;MODERADO;R02_NO2_MODERADO;Monitorizar evolucão. Sensiveis reduzam atividade ao ar livre.
UCI_Dataset;03/08/04 08:00;1;MODERADO;R02_NO2_MODERADO;Monitorizar evolucão. Sensiveis reduzam atividade ao ar livre.
UCI_Dataset;03/08/04 09:00;1;MODERADO;R02_NO2_MODERADO;Monitorizar evolucão. Sensiveis reduzam atividade ao ar livre.
UCI_Dataset;03/08/04 10:00;1;MODERADO;R02_NO2_MODERADO;Monitorizar evolucão. Sensiveis reduzam atividade ao ar livre.
UCI_Dataset;03/08/04 11:00;1;MODERADO;R02_NO2_MODERADO;Monitorizar evolucão. Sensiveis reduzam atividade ao ar livre.
UCI_Dataset;03/08/04 12:00;1;MODERADO;R02_NO2_MODERADO;Monitorizar evolucão. Sensiveis reduzam atividade ao ar livre.
UCI_Dataset;03/08/04 13:00;1;MODERADO;R02_NO2_MODERADO;Monitorizar evolucão. Sensiveis reduzam atividade ao ar livre.
UCI_Dataset;03/08/04 14:00;1;MODERADO;R02_NO2_MODERADO;Monitorizar evolucão. Sensiveis reduzam atividade ao ar livre.
UCI_Dataset;03/08/04 15:00;2;ALTO;R09_RISCO_INCENDIO, R02_NO2_MODERADO;Risco máximo incendio florestal. Proibir queimadas. Vigilancia reforcada.
UCI_Dataset;03/08/04 16:00;1;ALTO;R09_RISCO_INCENDIO;Risco máximo incendio florestal. Proibir queimadas. Vigilancia reforcada.
UCI_Dataset;03/08/04 17:00;2;ALTO;R09_RISCO_INCENDIO, R02_NO2_MODERADO;Risco máximo incendio florestal. Proibir queimadas. Vigilancia reforcada.
UCI_Dataset;03/08/04 18:00;2;ALTO;R09_RISCO_INCENDIO, R02_NO2_MODERADO;Risco máximo incendio florestal. Proibir queimadas. Vigilancia reforcada.
UCI_Dataset;03/08/04 19:00;1;MODERADO;R02_NO2_MODERADO;Monitorizar evolucão. Sensiveis reduzam atividade ao ar livre.
UCI_Dataset;03/08/04 20:00;1;MODERADO;R02_NO2_MODERADO;Monitorizar evolucão. Sensiveis reduzam atividade ao ar livre.
UCI_Dataset;03/08/04 21:00;0;NORMAL;;Sem ação necessária.
UCI_Dataset;03/08/04 22:00;0;NORMAL;;Sem ação necessária.
UCI_Dataset;03/08/04 23:00;1;MODERADO;R02_NO2_MODERADO;Monitorizar evolucão. Sensiveis reduzam atividade ao ar livre.
UCI_Dataset;04/08/04 00:00;0;NORMAL;;Sem ação necessária.
UCI_Dataset;04/08/04 01:00;0;NORMAL;;Sem ação necessária.
UCI_Dataset;04/08/04 02:00;0;NORMAL;;Sem ação necessária.
UCI_Dataset;04/08/04 03:00;0;NORMAL;;Sem ação necessária.
UCI_Dataset;04/08/04 04:00;0;NORMAL;;Sem ação necessária.
UCI_Dataset;04/08/04 05:00;0;NORMAL;;Sem ação necessária.
UCI_Dataset;04/08/04 06:00;0;NORMAL;;Sem ação necessária.
UCI_Dataset;04/08/04 07:00;0;NORMAL;;Sem ação necessária.
UCI_Dataset;04/08/04 08:00;0;NORMAL;;Sem ação necessária.
UCI_Dataset;04/08/04 09:00;0;NORMAL;;Sem ação necessária.
UCI_Dataset;04/08/04 10:00;0;NORMAL;;Sem ação necessária.
UCI_Dataset;04/08/04 11:00;0;NORMAL;;Sem ação necessária.
UCI_Dataset;04/08/04 12:00;1;ALTO;R09_RISCO_INCENDIO;Risco máximo incendio florestal. Proibir queimadas. Vigilancia reforcada.
UCI_Dataset;04/08/04 13:00;1;ALTO;R09_RISCO_INCENDIO;Risco máximo incendio florestal. Proibir queimadas. Vigilancia reforcada.
UCI_Dataset;04/08/04 14:00;1;ALTO;R09_RISCO_INCENDIO;Risco máximo incendio florestal. Proibir queimadas. Vigilancia reforcada.
UCI_Dataset;04/08/04 15:00;1;ALTO;R09_RISCO_INCENDIO;Risco máximo incendio florestal. Proibir queimadas. Vigilancia reforcada.
UCI_Dataset;04/08/04 16:00;1;ALTO;R09_RISCO_INCENDIO;Risco máximo incendio florestal. Proibir queimadas. Vigilancia reforcada.
UCI_Dataset;04/08/04 17:00;1;ALTO;R09_RISCO_INCENDIO;Risco máximo incendio florestal. Proibir queimadas. Vigilancia reforcada.
UCI_Dataset;04/08/04 18:00;0;NORMAL;;Sem ação necessária.
UCI_Dataset;04/08/04 19:00;0;NORMAL;;Sem ação necessária.
UCI_Dataset;04/08/04 20:00;0;NORMAL;;Sem ação necessária.
UCI_Dataset;04/08/04 21:00;0;NORMAL;;Sem ação necessária.
UCI_Dataset;04/08/04 22:00;0;NORMAL;;Sem ação necessária.
UCI_Dataset;04/08/04 23:00;0;NORMAL;;Sem ação necessária.
UCI_Dataset;05/08/04 00:00;0;NORMAL;;Sem ação necessária.
UCI_Dataset;05/08/04 01:00;0;NORMAL;;Sem ação necessária.
UCI_Dataset;05/08/04 02:00;0;NORMAL;;Sem ação necessária.
UCI_Dataset;05/08/04 03:00;0;NORMAL;;Sem ação necessária.
UCI_Dataset;05/08/04 04:00;0;NORMAL;;Sem ação necessária.
UCI_Dataset;05/08/04 05:00;0;NORMAL;;Sem ação necessária.
UCI_Dataset;05/08/04 06:00;0;NORMAL;;Sem ação necessária.
UCI_Dataset;05/08/04 07:00;0;NORMAL;;Sem ação necessária.
UCI_Dataset;05/08/04 08:00;0;NORMAL;;Sem ação necessária.
UCI_Dataset;05/08/04 09:00;0;NORMAL;;Sem ação necessária.
UCI_Dataset;05/08/04 10:00;0;NORMAL;;Sem ação necessária.
UCI_Dataset;05/08/04 11:00;2;ALTO;R09_RISCO_INCENDIO, R02_NO2_MODERADO;Risco máximo incendio florestal. Proibir queimadas. Vigilancia reforcada.
UCI_Dataset;05/08/04 12:00;2;ALTO;R09_RISCO_INCENDIO, R02_NO2_MODERADO;Risco máximo incendio florestal. Proibir queimadas. Vigilancia reforcada.
UCI_Dataset;05/08/04 13:00;1;ALTO;R09_RISCO_INCENDIO;Risco máximo incendio florestal. Proibir queimadas. Vigilancia reforcada.
UCI_Dataset;05/08/04 14:00;0;NORMAL;;Sem ação necessária.
UCI_Dataset;05/08/04 15:00;0;NORMAL;;Sem ação necessária.
UCI_Dataset;05/08/04 16:00;1;MODERADO;R02_NO2_MODERADO;Monitorizar evolucão. Sensiveis reduzam atividade ao ar livre.
UCI_Dataset;05/08/04 17:00;1;MODERADO;R02_NO2_MODERADO;Monitorizar evolucão. Sensiveis reduzam atividade ao ar livre.
UCI_Dataset;05/08/04 18:00;0;NORMAL;;Sem ação necessária.
UCI_Dataset;05/08/04 19:00;0;NORMAL;;Sem ação necessária.
UCI_Dataset;05/08/04 20:00;1;MODERADO;R02_NO2_MODERADO;Monitorizar evolucão. Sensiveis reduzam atividade ao ar livre.
UCI_Dataset;05/08/04 21:00;0;NORMAL;;Sem ação necessária.
UCI_Dataset;05/08/04 22:00;0;NORMAL;;Sem ação necessária.
UCI_Dataset;05/08/04 23:00;0;NORMAL;;Sem ação necessária.
UCI_Dataset;06/08/04 00:00;0;NORMAL;;Sem ação necessária.
UCI_Dataset;06/08/04 01:00;0;NORMAL;;Sem ação necessária.
UCI_Dataset;06/08/04 02:00;0;NORMAL;;Sem ação necessária.
UCI_Dataset;06/08/04 03:00;0;NORMAL;;Sem ação necessária.
UCI_Dataset;06/08/04 04:00;0;NORMAL;;Sem ação necessária.
UCI_Dataset;06/08/04 05:00;0;NORMAL;;Sem ação necessária.
UCI_Dataset;06/08/04 06:00;0;NORMAL;;Sem ação necessária.
UCI_Dataset;06/08/04 07:00;0;NORMAL;;Sem ação necessária.
UCI_Dataset;06/08/04 08:00;0;NORMAL;;Sem ação necessária.
UCI_Dataset;06/08/04 09:00;0;NORMAL;;Sem ação necessária.
UCI_Dataset;06/08/04 10:00;1;MODERADO;R02_NO2_MODERADO;Monitorizar evolucão. Sensiveis reduzam atividade ao ar livre.
UCI_Dataset;06/08/04 11:00;1;MODERADO;R02_NO2_MODERADO;Monitorizar evolucão. Sensiveis reduzam atividade ao ar livre.
UCI_Dataset;06/08/04 12:00;1;MODERADO;R02_NO2_MODERADO;Monitorizar evolucão. Sensiveis reduzam atividade ao ar livre.
UCI_Dataset;06/08/04 13:00;2;ALTO;R09_RISCO_INCENDIO, R02_NO2_MODERADO;Risco máximo incendio florestal. Proibir queimadas. Vigilancia reforcada.
UCI_Dataset;06/08/04 14:00;1;MODERADO;R02_NO2_MODERADO;Monitorizar evolucão. Sensiveis reduzam atividade ao ar livre.
UCI_Dataset;06/08/04 15:00;1;MODERADO;R02_NO2_MODERADO;Monitorizar evolucão. Sensiveis reduzam atividade ao ar livre.
UCI_Dataset;06/08/04 16:00;1;MODERADO;R02_NO2_MODERADO;Monitorizar evolucão. Sensiveis reduzam atividade ao ar livre.
UCI_Dataset;06/08/04 17:00;0;NORMAL;;Sem ação necessária.
UCI_Dataset;06/08/04 18:00;0;NORMAL;;Sem ação necessária.
UCI_Dataset;06/08/04 19:00;1;MODERADO;R02_NO2_MODERADO;Monitorizar evolucão. Sensiveis reduzam atividade ao ar livre.
UCI_Dataset;06/08/04 20:00;1;MODERADO;R02_NO2_MODERADO;Monitorizar evolucão. Sensiveis reduzam atividade ao ar livre.
UCI_Dataset;06/08/04 21:00;0;NORMAL;;Sem ação necessária.
UCI_Dataset;06/08/04 22:00;0;NORMAL;;Sem ação necessária.
UCI_Dataset;06/08/04 23:00;0;NORMAL;;Sem ação necessária.
UCI_Dataset;07/08/04 00:00;0;NORMAL;;Sem ação necessária.
UCI_Dataset;07/08/04 01:00;0;NORMAL;;Sem ação necessária.
UCI_Dataset;07/08/04 02:00;0;NORMAL;;Sem ação necessária.
UCI_Dataset;07/08/04 03:00;0;NORMAL;;Sem ação necessária.
UCI_Dataset;07/08/04 04:00;0;NORMAL;;Sem ação necessária.
UCI_Dataset;07/08/04 05:00;0;NORMAL;;Sem ação necessária.
UCI_Dataset;07/08/04 06:00;0;NORMAL;;Sem ação necessária.
UCI_Dataset;07/08/04 07:00;0;NORMAL;;Sem ação necessária.
UCI_Dataset;07/08/04 08:00;0;NORMAL;;Sem ação necessária.
UCI_Dataset;07/08/04 09:00;0;NORMAL;;Sem ação necessária.
UCI_Dataset;07/08/04 10:00;0;NORMAL;;Sem ação necessária.
UCI_Dataset;07/08/04 11:00;0;NORMAL;;Sem ação necessária.
UCI_Dataset;07/08/04 12:00;1;ALTO;R09_RISCO_INCENDIO;Risco máximo incendio florestal. Proibir queimadas. Vigilancia reforcada.
UCI_Dataset;07/08/04 13:00;1;ALTO;R09_RISCO_INCENDIO;Risco máximo incendio florestal. Proibir queimadas. Vigilancia reforcada.
UCI_Dataset;07/08/04 14:00;1;ALTO;R09_RISCO_INCENDIO;Risco máximo incendio florestal. Proibir queimadas. Vigilancia reforcada.
UCI_Dataset;07/08/04 15:00;1;ALTO;R09_RISCO_INCENDIO;Risco máximo incendio florestal. Proibir queimadas. Vigilancia reforcada.
UCI_Dataset;07/08/04 16:00;1;ALTO;R09_RISCO_INCENDIO;Risco máximo incendio florestal. Proibir queimadas. Vigilancia reforcada.
UCI_Dataset;07/08/04 17:00;1;ALTO;R09_RISCO_INCENDIO;Risco máximo incendio florestal. Proibir queimadas. Vigilancia reforcada.
UCI_Dataset;07/08/04 18:00;0;NORMAL;;Sem ação necessária.
UCI_Dataset;07/08/04 19:00;0;NORMAL;;Sem ação necessária.
UCI_Dataset;07/08/04 20:00;0;NORMAL;;Sem ação necessária.
UCI_Dataset;07/08/04 21:00;0;NORMAL;;Sem ação necessária.
UCI_Dataset;07/08/04 22:00;0;NORMAL;;Sem ação necessária.
UCI_Dataset;07/08/04 23:00;0;NORMAL;;Sem ação necessária.
UCI_Dataset;08/08/04 00:00;0;NORMAL;;Sem ação necessária.
UCI_Dataset;08/08/04 01:00;0;NORMAL;;Sem ação necessária.
UCI_Dataset;08/08/04 02:00;0;NORMAL;;Sem ação necessária.
UCI_Dataset;08/08/04 03:00;0;NORMAL;;Sem ação necessária.
UCI_Dataset;08/08/04 04:00;0;NORMAL;;Sem ação necessária.
UCI_Dataset;08/08/04 05:00;0;NORMAL;;Sem ação necessária.
UCI_Dataset;08/08/04 06:00;0;NORMAL;;Sem ação necessária.
UCI_Dataset;08/08/04 07:00;0;NORMAL;;Sem ação necessária.
UCI_Dataset;08/08/04 08:00;0;NORMAL;;Sem ação necessária.
UCI_Dataset;08/08/04 09:00;0;NORMAL;;Sem ação necessária.
UCI_Dataset;08/08/04 10:00;0;NORMAL;;Sem ação necessária.
UCI_Dataset;08/08/04 11:00;0;NORMAL;;Sem ação necessária.
UCI_Dataset;08/08/04 12:00;0;NORMAL;;Sem ação necessária.
UCI_Dataset;08/08/04 13:00;0;NORMAL;;Sem ação necessária.
UCI_Dataset;08/08/04 14:00;0;NORMAL;;Sem ação necessária.
UCI_Dataset;08/08/04 15:00;0;NORMAL;;Sem ação necessária.
UCI_Dataset;08/08/04 16:00;0;NORMAL;;Sem ação necessária.
UCI_Dataset;08/08/04 17:00;0;NORMAL;;Sem ação necessária.
UCI_Dataset;08/08/04 18:00;0;NORMAL;;Sem ação necessária.
UCI_Dataset;08/08/04 19:00;0;NORMAL;;Sem ação necessária.
UCI_Dataset;08/08/04 20:00;0;NORMAL;;Sem ação necessária.
UCI_Dataset;08/08/04 21:00;0;NORMAL;;Sem ação necessária.
UCI_Dataset;08/08/04 22:00;0;NORMAL;;Sem ação necessária.
UCI_Dataset;08/08/04 23:00;0;NORMAL;;Sem ação necessária.
UCI_Dataset;09/08/04 00:00;0;NORMAL;;Sem ação necessária.
UCI_Dataset;09/08/04 01:00;0;NORMAL;;Sem ação necessária.
UCI_Dataset;09/08/04 02:00;0;NORMAL;;Sem ação necessária.
UCI_Dataset;09/08/04 03:00;0;NORMAL;;Sem ação necessária.
UCI_Dataset;09/08/04 04:00;0;NORMAL;;Sem ação necessária.
UCI_Dataset;09/08/04 05:00;0;NORMAL;;Sem ação necessária.
UCI_Dataset;09/08/04 06:00;0;NORMAL;;Sem ação necessária.
UCI_Dataset;09/08/04 07:00;0;NORMAL;;Sem ação necessária.
UCI_Dataset;09/08/04 08:00;0;NORMAL;;Sem ação necessária.
UCI_Dataset;09/08/04 09:00;0;NORMAL;;Sem ação necessária.
UCI_Dataset;09/08/04 10:00;0;NORMAL;;Sem ação necessária.
UCI_Dataset;09/08/04 11:00;0;NORMAL;;Sem ação necessária.
UCI_Dataset;09/08/04 12:00;0;NORMAL;;Sem ação necessária.
UCI_Dataset;09/08/04 13:00;0;NORMAL;;Sem ação necessária.
UCI_Dataset;09/08/04 14:00;0;NORMAL;;Sem ação necessária.
UCI_Dataset;09/08/04 15:00;0;NORMAL;;Sem ação necessária.
UCI_Dataset;09/08/04 16:00;0;NORMAL;;Sem ação necessária.
UCI_Dataset;09/08/04 17:00;0;NORMAL;;Sem ação necessária.
UCI_Dataset;09/08/04 18:00;0;NORMAL;;Sem ação necessária.
UCI_Dataset;09/08/04 19:00;0;NORMAL;;Sem ação necessária.
UCI_Dataset;09/08/04 20:00;0;NORMAL;;Sem ação necessária.
UCI_Dataset;09/08/04 21:00;0;NORMAL;;Sem ação necessária.
UCI_Dataset;09/08/04 22:00;0;NORMAL;;Sem ação necessária.
UCI_Dataset;09/08/04 23:00;0;NORMAL;;Sem ação necessária.
UCI_Dataset;10/08/04 00:00;0;NORMAL;;Sem ação necessária.
UCI_Dataset;10/08/04 01:00;0;NORMAL;;Sem ação necessária.
UCI_Dataset;10/08/04 02:00;0;NORMAL;;Sem ação necessária.
UCI_Dataset;10/08/04 03:00;0;NORMAL;;Sem ação necessária.
UCI_Dataset;10/08/04 04:00;0;NORMAL;;Sem ação necessária.
UCI_Dataset;10/08/04 05:00;0;NORMAL;;Sem ação necessária.
UCI_Dataset;10/08/04 06:00;0;NORMAL;;Sem ação necessária.
UCI_Dataset;10/08/04 07:00;0;NORMAL;;Sem ação necessária.
UCI_Dataset;10/08/04 08:00;0;NORMAL;;Sem ação necessária.
UCI_Dataset;10/08/04 09:00;0;NORMAL;;Sem ação necessária.
UCI_Dataset;10/08/04 10:00;0;NORMAL;;Sem ação necessária.
UCI_Dataset;10/08/04 11:00;1;ALTO;R09_RISCO_INCENDIO;Risco máximo incendio florestal. Proibir queimadas. Vigilancia reforcada.
UCI_Dataset;10/08/04 12:00;1;ALTO;R09_RISCO_INCENDIO;Risco máximo incendio florestal. Proibir queimadas. Vigilancia reforcada.
UCI_Dataset;10/08/04 13:00;1;ALTO;R09_RISCO_INCENDIO;Risco máximo incendio florestal. Proibir queimadas. Vigilancia reforcada.
UCI_Dataset;10/08/04 14:00;1;ALTO;R09_RISCO_INCENDIO;Risco máximo incendio florestal. Proibir queimadas. Vigilancia reforcada.
UCI_Dataset;10/08/04 15:00;2;ALTO;R08_CALOR_EXTREMO, R09_RISCO_INCENDIO;Alerta vermelho calor. Ativar Plano de Contingencia. Populações vulneráveis em risco.
UCI_Dataset;10/08/04 16:00;1;ALTO;R09_RISCO_INCENDIO;Risco máximo incendio florestal. Proibir queimadas. Vigilancia reforcada.
UCI_Dataset;10/08/04 17:00;2;ALTO;R09_RISCO_INCENDIO, R02_NO2_MODERADO;Risco máximo incendio florestal. Proibir queimadas. Vigilancia reforcada.
UCI_Dataset;10/08/04 18:00;1;ALTO;R09_RISCO_INCENDIO;Risco máximo incendio florestal. Proibir queimadas. Vigilancia reforcada.
UCI_Dataset;10/08/04 19:00;0;NORMAL;;Sem ação necessária.
UCI_Dataset;10/08/04 20:00;0;NORMAL;;Sem ação necessária.
UCI_Dataset;10/08/04 21:00;0;NORMAL;;Sem ação necessária.
UCI_Dataset;10/08/04 22:00;0;NORMAL;;Sem ação necessária.
UCI_Dataset;10/08/04 23:00;0;NORMAL;;Sem ação necessária.
UCI_Dataset;11/08/04 00:00;0;NORMAL;;Sem ação necessária.
UCI_Dataset;11/08/04 01:00;0;NORMAL;;Sem ação necessária.
UCI_Dataset;11/08/04 02:00;0;NORMAL;;Sem ação necessária.
UCI_Dataset;11/08/04 03:00;0;NORMAL;;Sem ação necessária.
UCI_Dataset;11/08/04 04:00;0;NORMAL;;Sem ação necessária.
UCI_Dataset;11/08/04 05:00;0;NORMAL;;Sem ação necessária.
UCI_Dataset;11/08/04 06:00;0;NORMAL;;Sem ação necessária.
UCI_Dataset;11/08/04 07:00;0;NORMAL;;Sem ação necessária.
UCI_Dataset;11/08/04 08:00;0;NORMAL;;Sem ação necessária.
UCI_Dataset;11/08/04 09:00;0;NORMAL;;Sem ação necessária.
UCI_Dataset;11/08/04 10:00;0;NORMAL;;Sem ação necessária.
UCI_Dataset;11/08/04 11:00;0;NORMAL;;Sem ação necessária.
UCI_Dataset;11/08/04 12:00;0;NORMAL;;Sem ação necessária.
UCI_Dataset;11/08/04 13:00;0;NORMAL;;Sem ação necessária.
UCI_Dataset;11/08/04 14:00;0;NORMAL;;Sem ação necessária.
UCI_Dataset;11/08/04 15:00;1;ALTO;R09_RISCO_INCENDIO;Risco máximo incendio florestal. Proibir queimadas. Vigilancia reforcada.
UCI_Dataset;11/08/04 16:00;1;ALTO;R09_RISCO_INCENDIO;Risco máximo incendio florestal. Proibir queimadas. Vigilancia reforcada.
UCI_Dataset;11/08/04 17:00;1;ALTO;R09_RISCO_INCENDIO;Risco máximo incendio florestal. Proibir queimadas. Vigilancia reforcada.
UCI_Dataset;11/08/04 18:00;0;NORMAL;;Sem ação necessária.
UCI_Dataset;11/08/04 19:00;0;NORMAL;;Sem ação necessária.
UCI_Dataset;11/08/04 20:00;0;NORMAL;;Sem ação necessária.
UCI_Dataset;11/08/04 21:00;0;NORMAL;;Sem ação necessária.
UCI_Dataset;11/08/04 22:00;0;NORMAL;;Sem ação necessária.
UCI_Dataset;11/08/04 23:00;0;NORMAL;;Sem ação necessária.
UCI_Dataset;12/08/04 00:00;0;NORMAL;;Sem ação necessária.
UCI_Dataset;12/08/04 01:00;0;NORMAL;;Sem ação necessária.
UCI_Dataset;12/08/04 02:00;0;NORMAL;;Sem ação necessária.
UCI_Dataset;12/08/04 03:00;0;NORMAL;;Sem ação necessária.
UCI_Dataset;12/08/04 04:00;0;NORMAL;;Sem ação necessária.
UCI_Dataset;12/08/04 05:00;0;NORMAL;;Sem ação necessária.
UCI_Dataset;12/08/04 06:00;0;NORMAL;;Sem ação necessária.
UCI_Dataset;12/08/04 07:00;0;NORMAL;;Sem ação necessária.
UCI_Dataset;12/08/04 08:00;0;NORMAL;;Sem ação necessária.
UCI_Dataset;12/08/04 09:00;0;NORMAL;;Sem ação necessária.
UCI_Dataset;12/08/04 10:00;0;NORMAL;;Sem ação necessária.
UCI_Dataset;12/08/04 11:00;0;NORMAL;;Sem ação necessária.
UCI_Dataset;12/08/04 12:00;0;NORMAL;;Sem ação necessária.
UCI_Dataset;12/08/04 13:00;0;NORMAL;;Sem ação necessária.
UCI_Dataset;12/08/04 14:00;0;NORMAL;;Sem ação necessária.
UCI_Dataset;12/08/04 15:00;1;ALTO;R09_RISCO_INCENDIO;Risco máximo incendio florestal. Proibir queimadas. Vigilancia reforcada.
UCI_Dataset;12/08/04 16:00;1;ALTO;R09_RISCO_INCENDIO;Risco máximo incendio florestal. Proibir queimadas. Vigilancia reforcada.
UCI_Dataset;12/08/04 17:00;1;ALTO;R09_RISCO_INCENDIO;Risco máximo incendio florestal. Proibir queimadas. Vigilancia reforcada.
UCI_Dataset;12/08/04 18:00;0;NORMAL;;Sem ação necessária.
UCI_Dataset;12/08/04 19:00;0;NORMAL;;Sem ação necessária.
UCI_Dataset;12/08/04 20:00;0;NORMAL;;Sem ação necessária.
UCI_Dataset;12/08/04 21:00;0;NORMAL;;Sem ação necessária.
UCI_Dataset;12/08/04 22:00;0;NORMAL;;Sem ação necessária.
UCI_Dataset;12/08/04 23:00;0;NORMAL;;Sem ação necessária.
UCI_Dataset;13/08/04 00:00;0;NORMAL;;Sem ação necessária.
UCI_Dataset;13/08/04 01:00;0;NORMAL;;Sem ação necessária.
UCI_Dataset;13/08/04 02:00;0;NORMAL;;Sem ação necessária.
UCI_Dataset;13/08/04 03:00;0;NORMAL;;Sem ação necessária.
UCI_Dataset;13/08/04 04:00;0;NORMAL;;Sem ação necessária.
UCI_Dataset;13/08/04 05:00;0;NORMAL;;Sem ação necessária.
UCI_Dataset;13/08/04 06:00;0;NORMAL;;Sem ação necessária.
UCI_Dataset;13/08/04 07:00;0;NORMAL;;Sem ação necessária.
UCI_Dataset;13/08/04 08:00;0;NORMAL;;Sem ação necessária.
UCI_Dataset;13/08/04 09:00;0;NORMAL;;Sem ação necessária.
UCI_Dataset;13/08/04 10:00;0;NORMAL;;Sem ação necessária.
UCI_Dataset;13/08/04 11:00;2;ALTO;R09_RISCO_INCENDIO, R02_NO2_MODERADO;Risco máximo incendio florestal. Proibir queimadas. Vigilancia reforcada.
UCI_Dataset;13/08/04 12:00;1;ALTO;R09_RISCO_INCENDIO;Risco máximo incendio florestal. Proibir queimadas. Vigilancia reforcada.
UCI_Dataset;13/08/04 13:00;1;ALTO;R09_RISCO_INCENDIO;Risco máximo incendio florestal. Proibir queimadas. Vigilancia reforcada.
UCI_Dataset;13/08/04 14:00;0;NORMAL;;Sem ação necessária.
UCI_Dataset;13/08/04 15:00;1;ALTO;R09_RISCO_INCENDIO;Risco máximo incendio florestal. Proibir queimadas. Vigilancia reforcada.
UCI_Dataset;13/08/04 16:00;1;ALTO;R09_RISCO_INCENDIO;Risco máximo incendio florestal. Proibir queimadas. Vigilancia reforcada.
UCI_Dataset;13/08/04 17:00;0;NORMAL;;Sem ação necessária.
UCI_Dataset;13/08/04 18:00;0;NORMAL;;Sem ação necessária.
UCI_Dataset;13/08/04 19:00;0;NORMAL;;Sem ação necessária.
UCI_Dataset;13/08/04 20:00;0;NORMAL;;Sem ação necessária.
UCI_Dataset;13/08/04 21:00;0;NORMAL;;Sem ação necessária.
UCI_Dataset;13/08/04 22:00;0;NORMAL;;Sem ação necessária.
UCI_Dataset;13/08/04 23:00;0;NORMAL;;Sem ação necessária.
UCI_Dataset;14/08/04 00:00;0;NORMAL;;Sem ação necessária.
UCI_Dataset;14/08/04 01:00;0;NORMAL;;Sem ação necessária.
UCI_Dataset;14/08/04 02:00;0;NORMAL;;Sem ação necessária.
UCI_Dataset;14/08/04 03:00;0;NORMAL;;Sem ação necessária.
UCI_Dataset;14/08/04 04:00;0;NORMAL;;Sem ação necessária.
UCI_Dataset;14/08/04 05:00;0;NORMAL;;Sem ação necessária.
UCI_Dataset;14/08/04 06:00;0;NORMAL;;Sem ação necessária.
UCI_Dataset;14/08/04 07:00;0;NORMAL;;Sem ação necessária.
UCI_Dataset;14/08/04 08:00;0;NORMAL;;Sem ação necessária.
UCI_Dataset;14/08/04 09:00;0;NORMAL;;Sem ação necessária.
UCI_Dataset;14/08/04 10:00;0;NORMAL;;Sem ação necessária.
UCI_Dataset;14/08/04 11:00;1;ALTO;R09_RISCO_INCENDIO;Risco máximo incendio florestal. Proibir queimadas. Vigilancia reforcada.
UCI_Dataset;14/08/04 12:00;1;ALTO;R09_RISCO_INCENDIO;Risco máximo incendio florestal. Proibir queimadas. Vigilancia reforcada.
UCI_Dataset;14/08/04 13:00;1;ALTO;R09_RISCO_INCENDIO;Risco máximo incendio florestal. Proibir queimadas. Vigilancia reforcada.
UCI_Dataset;14/08/04 14:00;0;NORMAL;;Sem ação necessária.
UCI_Dataset;14/08/04 15:00;1;ALTO;R09_RISCO_INCENDIO;Risco máximo incendio florestal. Proibir queimadas. Vigilancia reforcada.
UCI_Dataset;14/08/04 16:00;1;ALTO;R09_RISCO_INCENDIO;Risco máximo incendio florestal. Proibir queimadas. Vigilancia reforcada.
UCI_Dataset;14/08/04 17:00;1;ALTO;R09_RISCO_INCENDIO;Risco máximo incendio florestal. Proibir queimadas. Vigilancia reforcada.
UCI_Dataset;14/08/04 18:00;0;NORMAL;;Sem ação necessária.
UCI_Dataset;14/08/04 19:00;0;NORMAL;;Sem ação necessária.
UCI_Dataset;14/08/04 20:00;0;NORMAL;;Sem ação necessária.
UCI_Dataset;14/08/04 21:00;0;NORMAL;;Sem ação necessária.
UCI_Dataset;14/08/04 22:00;0;NORMAL;;Sem ação necessária.
UCI_Dataset;14/08/04 23:00;0;NORMAL;;Sem ação necessária.
UCI_Dataset;15/08/04 00:00;0;NORMAL;;Sem ação necessária.
UCI_Dataset;15/08/04 01:00;0;NORMAL;;Sem ação necessária.
UCI_Dataset;15/08/04 02:00;0;NORMAL;;Sem ação necessária.
UCI_Dataset;15/08/04 03:00;0;NORMAL;;Sem ação necessária.
UCI_Dataset;15/08/04 04:00;0;NORMAL;;Sem ação necessária.
UCI_Dataset;15/08/04 05:00;0;NORMAL;;Sem ação necessária.
UCI_Dataset;15/08/04 06:00;0;NORMAL;;Sem ação necessária.
UCI_Dataset;15/08/04 07:00;0;NORMAL;;Sem ação necessária.
UCI_Dataset;15/08/04 08:00;0;NORMAL;;Sem ação necessária.
UCI_Dataset;15/08/04 09:00;0;NORMAL;;Sem ação necessária.
UCI_Dataset;15/08/04 10:00;0;NORMAL;;Sem ação necessária.
UCI_Dataset;15/08/04 11:00;1;ALTO;R09_RISCO_INCENDIO;Risco máximo incendio florestal. Proibir queimadas. Vigilancia reforcada.
UCI_Dataset;15/08/04 12:00;1;ALTO;R09_RISCO_INCENDIO;Risco máximo incendio florestal. Proibir queimadas. Vigilancia reforcada.
UCI_Dataset;15/08/04 13:00;1;ALTO;R09_RISCO_INCENDIO;Risco máximo incendio florestal. Proibir queimadas. Vigilancia reforcada.
UCI_Dataset;15/08/04 14:00;1;ALTO;R09_RISCO_INCENDIO;Risco máximo incendio florestal. Proibir queimadas. Vigilancia reforcada.
UCI_Dataset;15/08/04 15:00;1;ALTO;R09_RISCO_INCENDIO;Risco máximo incendio florestal. Proibir queimadas. Vigilancia reforcada.
UCI_Dataset;15/08/04 16:00;1;ALTO;R09_RISCO_INCENDIO;Risco máximo incendio florestal. Proibir queimadas. Vigilancia reforcada.
UCI_Dataset;15/08/04 17:00;1;ALTO;R09_RISCO_INCENDIO;Risco máximo incendio florestal. Proibir queimadas. Vigilancia reforcada.
UCI_Dataset;15/08/04 18:00;0;NORMAL;;Sem ação necessária.
UCI_Dataset;15/08/04 19:00;0;NORMAL;;Sem ação necessária.
UCI_Dataset;15/08/04 20:00;0;NORMAL;;Sem ação necessária.
UCI_Dataset;15/08/04 21:00;0;NORMAL;;Sem ação necessária.
UCI_Dataset;15/08/04 22:00;0;NORMAL;;Sem ação necessária.
UCI_Dataset;15/08/04 23:00;0;NORMAL;;Sem ação necessária.
UCI_Dataset;16/08/04 00:00;0;NORMAL;;Sem ação necessária.
UCI_Dataset;16/08/04 01:00;0;NORMAL;;Sem ação necessária.
UCI_Dataset;16/08/04 02:00;0;NORMAL;;Sem ação necessária.
UCI_Dataset;16/08/04 03:00;0;NORMAL;;Sem ação necessária.
UCI_Dataset;16/08/04 04:00;0;NORMAL;;Sem ação necessária.
UCI_Dataset;16/08/04 05:00;0;NORMAL;;Sem ação necessária.
UCI_Dataset;16/08/04 06:00;0;NORMAL;;Sem ação necessária.
UCI_Dataset;16/08/04 07:00;0;NORMAL;;Sem ação necessária.
UCI_Dataset;16/08/04 08:00;0;NORMAL;;Sem ação necessária.
UCI_Dataset;16/08/04 09:00;0;NORMAL;;Sem ação necessária.
UCI_Dataset;16/08/04 10:00;1;MODERADO;R02_NO2_MODERADO;Monitorizar evolucão. Sensiveis reduzam atividade ao ar livre.
UCI_Dataset;16/08/04 11:00;2;ALTO;R09_RISCO_INCENDIO, R02_NO2_MODERADO;Risco máximo incendio florestal. Proibir queimadas. Vigilancia reforcada.
UCI_Dataset;16/08/04 12:00;1;ALTO;R09_RISCO_INCENDIO;Risco máximo incendio florestal. Proibir queimadas. Vigilancia reforcada.
UCI_Dataset;16/08/04 13:00;1;ALTO;R09_RISCO_INCENDIO;Risco máximo incendio florestal. Proibir queimadas. Vigilancia reforcada.
UCI_Dataset;16/08/04 14:00;1;ALTO;R09_RISCO_INCENDIO;Risco máximo incendio florestal. Proibir queimadas. Vigilancia reforcada.
UCI_Dataset;16/08/04 15:00;1;ALTO;R09_RISCO_INCENDIO;Risco máximo incendio florestal. Proibir queimadas. Vigilancia reforcada.
UCI_Dataset;16/08/04 16:00;1;ALTO;R09_RISCO_INCENDIO;Risco máximo incendio florestal. Proibir queimadas. Vigilancia reforcada.
UCI_Dataset;16/08/04 17:00;1;ALTO;R09_RISCO_INCENDIO;Risco máximo incendio florestal. Proibir queimadas. Vigilancia reforcada.
UCI_Dataset;16/08/04 18:00;1;ALTO;R09_RISCO_INCENDIO;Risco máximo incendio florestal. Proibir queimadas. Vigilancia reforcada.
UCI_Dataset;16/08/04 19:00;0;NORMAL;;Sem ação necessária.
UCI_Dataset;16/08/04 20:00;0;NORMAL;;Sem ação necessária.
UCI_Dataset;16/08/04 21:00;0;NORMAL;;Sem ação necessária.
UCI_Dataset;16/08/04 22:00;0;NORMAL;;Sem ação necessária.
UCI_Dataset;16/08/04 23:00;0;NORMAL;;Sem ação necessária.
UCI_Dataset;17/08/04 00:00;0;NORMAL;;Sem ação necessária.
UCI_Dataset;17/08/04 01:00;0;NORMAL;;Sem ação necessária.
UCI_Dataset;17/08/04 02:00;0;NORMAL;;Sem ação necessária.
UCI_Dataset;17/08/04 03:00;0;NORMAL;;Sem ação necessária.
UCI_Dataset;17/08/04 04:00;0;NORMAL;;Sem ação necessária.
UCI_Dataset;17/08/04 05:00;0;NORMAL;;Sem ação necessária.
UCI_Dataset;17/08/04 06:00;0;NORMAL;;Sem ação necessária.
UCI_Dataset;17/08/04 07:00;0;NORMAL;;Sem ação necessária.
UCI_Dataset;17/08/04 08:00;0;NORMAL;;Sem ação necessária.
UCI_Dataset;17/08/04 09:00;1;MODERADO;R02_NO2_MODERADO;Monitorizar evolucão. Sensiveis reduzam atividade ao ar livre.
UCI_Dataset;17/08/04 10:00;1;MODERADO;R02_NO2_MODERADO;Monitorizar evolucão. Sensiveis reduzam atividade ao ar livre.
UCI_Dataset;17/08/04 11:00;1;ALTO;R09_RISCO_INCENDIO;Risco máximo incendio florestal. Proibir queimadas. Vigilancia reforcada.
UCI_Dataset;17/08/04 12:00;1;ALTO;R09_RISCO_INCENDIO;Risco máximo incendio florestal. Proibir queimadas. Vigilancia reforcada.
UCI_Dataset;17/08/04 13:00;1;ALTO;R09_RISCO_INCENDIO;Risco máximo incendio florestal. Proibir queimadas. Vigilancia reforcada.
UCI_Dataset;17/08/04 14:00;1;ALTO;R09_RISCO_INCENDIO;Risco máximo incendio florestal. Proibir queimadas. Vigilancia reforcada.
UCI_Dataset;17/08/04 15:00;1;ALTO;R09_RISCO_INCENDIO;Risco máximo incendio florestal. Proibir queimadas. Vigilancia reforcada.
UCI_Dataset;17/08/04 16:00;1;ALTO;R09_RISCO_INCENDIO;Risco máximo incendio florestal. Proibir queimadas. Vigilancia reforcada.
UCI_Dataset;17/08/04 17:00;1;ALTO;R09_RISCO_INCENDIO;Risco máximo incendio florestal. Proibir queimadas. Vigilancia reforcada.
UCI_Dataset;17/08/04 18:00;1;ALTO;R09_RISCO_INCENDIO;Risco máximo incendio florestal. Proibir queimadas. Vigilancia reforcada.
UCI_Dataset;17/08/04 19:00;0;NORMAL;;Sem ação necessária.
UCI_Dataset;17/08/04 20:00;0;NORMAL;;Sem ação necessária.
UCI_Dataset;17/08/04 21:00;0;NORMAL;;Sem ação necessária.
UCI_Dataset;17/08/04 22:00;0;NORMAL;;Sem ação necessária.
UCI_Dataset;17/08/04 23:00;0;NORMAL;;Sem ação necessária.
UCI_Dataset;18/08/04 00:00;0;NORMAL;;Sem ação necessária.
UCI_Dataset;18/08/04 01:00;0;NORMAL;;Sem ação necessária.
UCI_Dataset;18/08/04 02:00;0;NORMAL;;Sem ação necessária.
UCI_Dataset;18/08/04 03:00;0;NORMAL;;Sem ação necessária.
UCI_Dataset;18/08/04 04:00;0;NORMAL;;Sem ação necessária.
UCI_Dataset;18/08/04 05:00;0;NORMAL;;Sem ação necessária.
UCI_Dataset;18/08/04 06:00;0;NORMAL;;Sem ação necessária.
UCI_Dataset;18/08/04 07:00;0;NORMAL;;Sem ação necessária.
UCI_Dataset;18/08/04 08:00;0;NORMAL;;Sem ação necessária.
UCI_Dataset;18/08/04 09:00;0;NORMAL;;Sem ação necessária.
UCI_Dataset;18/08/04 10:00;0;NORMAL;;Sem ação necessária.
UCI_Dataset;18/08/04 11:00;0;NORMAL;;Sem ação necessária.
UCI_Dataset;18/08/04 12:00;0;NORMAL;;Sem ação necessária.
UCI_Dataset;18/08/04 13:00;0;NORMAL;;Sem ação necessária.
UCI_Dataset;18/08/04 14:00;0;NORMAL;;Sem ação necessária.
UCI_Dataset;18/08/04 15:00;1;ALTO;R09_RISCO_INCENDIO;Risco máximo incendio florestal. Proibir queimadas. Vigilancia reforcada.
UCI_Dataset;18/08/04 16:00;1;ALTO;R09_RISCO_INCENDIO;Risco máximo incendio florestal. Proibir queimadas. Vigilancia reforcada.
UCI_Dataset;18/08/04 17:00;1;ALTO;R09_RISCO_INCENDIO;Risco máximo incendio florestal. Proibir queimadas. Vigilancia reforcada.
UCI_Dataset;18/08/04 18:00;1;ALTO;R09_RISCO_INCENDIO;Risco máximo incendio florestal. Proibir queimadas. Vigilancia reforcada.
UCI_Dataset;18/08/04 19:00;0;NORMAL;;Sem ação necessária.
UCI_Dataset;18/08/04 20:00;0;NORMAL;;Sem ação necessária.
UCI_Dataset;18/08/04 21:00;0;NORMAL;;Sem ação necessária.
UCI_Dataset;18/08/04 22:00;0;NORMAL;;Sem ação necessária.
UCI_Dataset;18/08/04 23:00;0;NORMAL;;Sem ação necessária.
UCI_Dataset;19/08/04 00:00;0;NORMAL;;Sem ação necessária.
UCI_Dataset;19/08/04 01:00;0;NORMAL;;Sem ação necessária.
UCI_Dataset;19/08/04 02:00;0;NORMAL;;Sem ação necessária.
UCI_Dataset;19/08/04 03:00;0;NORMAL;;Sem ação necessária.
UCI_Dataset;19/08/04 04:00;0;NORMAL;;Sem ação necessária.
UCI_Dataset;19/08/04 05:00;0;NORMAL;;Sem ação necessária.
UCI_Dataset;19/08/04 06:00;0;NORMAL;;Sem ação necessária.
UCI_Dataset;19/08/04 07:00;0;NORMAL;;Sem ação necessária.
UCI_Dataset;19/08/04 08:00;0;NORMAL;;Sem ação necessária.
UCI_Dataset;19/08/04 09:00;0;NORMAL;;Sem ação necessária.
UCI_Dataset;19/08/04 10:00;0;NORMAL;;Sem ação necessária.
UCI_Dataset;19/08/04 11:00;0;NORMAL;;Sem ação necessária.
UCI_Dataset;19/08/04 12:00;0;NORMAL;;Sem ação necessária.
UCI_Dataset;19/08/04 13:00;1;ALTO;R09_RISCO_INCENDIO;Risco máximo incendio florestal. Proibir queimadas. Vigilancia reforcada.
UCI_Dataset;19/08/04 14:00;1;ALTO;R09_RISCO_INCENDIO;Risco máximo incendio florestal. Proibir queimadas. Vigilancia reforcada.
UCI_Dataset;19/08/04 15:00;1;ALTO;R09_RISCO_INCENDIO;Risco máximo incendio florestal. Proibir queimadas. Vigilancia reforcada.
UCI_Dataset;19/08/04 16:00;1;ALTO;R09_RISCO_INCENDIO;Risco máximo incendio florestal. Proibir queimadas. Vigilancia reforcada.
UCI_Dataset;19/08/04 17:00;1;ALTO;R09_RISCO_INCENDIO;Risco máximo incendio florestal. Proibir queimadas. Vigilancia reforcada.
UCI_Dataset;19/08/04 18:00;1;ALTO;R09_RISCO_INCENDIO;Risco máximo incendio florestal. Proibir queimadas. Vigilancia reforcada.
UCI_Dataset;19/08/04 19:00;0;NORMAL;;Sem ação necessária.
UCI_Dataset;19/08/04 20:00;0;NORMAL;;Sem ação necessária.
UCI_Dataset;19/08/04 21:00;0;NORMAL;;Sem ação necessária.
UCI_Dataset;19/08/04 22:00;0;NORMAL;;Sem ação necessária.
UCI_Dataset;19/08/04 23:00;0;NORMAL;;Sem ação necessária.
UCI_Dataset;20/08/04 00:00;0;NORMAL;;Sem ação necessária.
UCI_Dataset;20/08/04 01:00;0;NORMAL;;Sem ação necessária.
UCI_Dataset;20/08/04 02:00;0;NORMAL;;Sem ação necessária.
UCI_Dataset;20/08/04 03:00;0;NORMAL;;Sem ação necessária.
UCI_Dataset;20/08/04 04:00;0;NORMAL;;Sem ação necessária.
UCI_Dataset;20/08/04 05:00;0;NORMAL;;Sem ação necessária.
UCI_Dataset;20/08/04 06:00;0;NORMAL;;Sem ação necessária.
UCI_Dataset;20/08/04 07:00;0;NORMAL;;Sem ação necessária.
UCI_Dataset;20/08/04 08:00;0;NORMAL;;Sem ação necessária.
UCI_Dataset;20/08/04 09:00;0;NORMAL;;Sem ação necessária.
UCI_Dataset;20/08/04 10:00;0;NORMAL;;Sem ação necessária.
UCI_Dataset;20/08/04 11:00;0;NORMAL;;Sem ação necessária.
UCI_Dataset;20/08/04 12:00;0;NORMAL;;Sem ação necessária.
UCI_Dataset;20/08/04 13:00;0;NORMAL;;Sem ação necessária.
UCI_Dataset;20/08/04 14:00;0;NORMAL;;Sem ação necessária.
UCI_Dataset;20/08/04 15:00;0;NORMAL;;Sem ação necessária.
UCI_Dataset;20/08/04 16:00;0;NORMAL;;Sem ação necessária.
UCI_Dataset;20/08/04 17:00;0;NORMAL;;Sem ação necessária.
UCI_Dataset;20/08/04 18:00;0;NORMAL;;Sem ação necessária.
UCI_Dataset;20/08/04 19:00;0;NORMAL;;Sem ação necessária.
UCI_Dataset;20/08/04 20:00;0;NORMAL;;Sem ação necessária.
UCI_Dataset;20/08/04 21:00;0;NORMAL;;Sem ação necessária.
UCI_Dataset;20/08/04 22:00;0;NORMAL;;Sem ação necessária.
UCI_Dataset;20/08/04 23:00;0;NORMAL;;Sem ação necessária.
UCI_Dataset;21/08/04 00:00;0;NORMAL;;Sem ação necessária.
UCI_Dataset;21/08/04 01:00;0;NORMAL;;Sem ação necessária.
UCI_Dataset;21/08/04 02:00;0;NORMAL;;Sem ação necessária.
UCI_Dataset;21/08/04 03:00;0;NORMAL;;Sem ação necessária.
UCI_Dataset;21/08/04 04:00;0;NORMAL;;Sem ação necessária.
UCI_Dataset;21/08/04 05:00;0;NORMAL;;Sem ação necessária.
UCI_Dataset;21/08/04 06:00;0;NORMAL;;Sem ação necessária.
UCI_Dataset;21/08/04 07:00;0;NORMAL;;Sem ação necessária.
UCI_Dataset;21/08/04 08:00;0;NORMAL;;Sem ação necessária.
UCI_Dataset;21/08/04 09:00;0;NORMAL;;Sem ação necessária.
UCI_Dataset;21/08/04 10:00;0;NORMAL;;Sem ação necessária.
UCI_Dataset;21/08/04 11:00;0;NORMAL;;Sem ação necessária.
UCI_Dataset;21/08/04 12:00;0;NORMAL;;Sem ação necessária.
UCI_Dataset;21/08/04 13:00;0;NORMAL;;Sem ação necessária.
UCI_Dataset;21/08/04 14:00;0;NORMAL;;Sem ação necessária.
UCI_Dataset;21/08/04 15:00;0;NORMAL;;Sem ação necessária.
UCI_Dataset;21/08/04 16:00;0;NORMAL;;Sem ação necessária.
UCI_Dataset;21/08/04 17:00;0;NORMAL;;Sem ação necessária.
UCI_Dataset;21/08/04 18:00;0;NORMAL;;Sem ação necessária.
UCI_Dataset;21/08/04 19:00;0;NORMAL;;Sem ação necessária.
UCI_Dataset;21/08/04 20:00;0;NORMAL;;Sem ação necessária.
UCI_Dataset;21/08/04 21:00;0;NORMAL;;Sem ação necessária.
UCI_Dataset;21/08/04 22:00;0;NORMAL;;Sem ação necessária.
UCI_Dataset;21/08/04 23:00;0;NORMAL;;Sem ação necessária.
UCI_Dataset;22/08/04 00:00;0;NORMAL;;Sem ação necessária.
UCI_Dataset;22/08/04 01:00;0;NORMAL;;Sem ação necessária.
UCI_Dataset;22/08/04 02:00;0;NORMAL;;Sem ação necessária.
UCI_Dataset;22/08/04 03:00;0;NORMAL;;Sem ação necessária.
UCI_Dataset;22/08/04 04:00;0;NORMAL;;Sem ação necessária.
UCI_Dataset;22/08/04 05:00;0;NORMAL;;Sem ação necessária.
UCI_Dataset;22/08/04 06:00;0;NORMAL;;Sem ação necessária.
UCI_Dataset;22/08/04 07:00;0;NORMAL;;Sem ação necessária.
UCI_Dataset;22/08/04 08:00;0;NORMAL;;Sem ação necessária.
UCI_Dataset;22/08/04 09:00;0;NORMAL;;Sem ação necessária.
UCI_Dataset;22/08/04 10:00;0;NORMAL;;Sem ação necessária.
UCI_Dataset;22/08/04 11:00;0;NORMAL;;Sem ação necessária.
UCI_Dataset;22/08/04 12:00;1;ALTO;R09_RISCO_INCENDIO;Risco máximo incendio florestal. Proibir queimadas. Vigilancia reforcada.
UCI_Dataset;22/08/04 13:00;1;ALTO;R09_RISCO_INCENDIO;Risco máximo incendio florestal. Proibir queimadas. Vigilancia reforcada.
UCI_Dataset;22/08/04 14:00;0;NORMAL;;Sem ação necessária.
UCI_Dataset;22/08/04 15:00;1;ALTO;R09_RISCO_INCENDIO;Risco máximo incendio florestal. Proibir queimadas. Vigilancia reforcada.
UCI_Dataset;22/08/04 16:00;1;ALTO;R09_RISCO_INCENDIO;Risco máximo incendio florestal. Proibir queimadas. Vigilancia reforcada.
UCI_Dataset;22/08/04 17:00;1;ALTO;R09_RISCO_INCENDIO;Risco máximo incendio florestal. Proibir queimadas. Vigilancia reforcada.
UCI_Dataset;22/08/04 18:00;0;NORMAL;;Sem ação necessária.
UCI_Dataset;22/08/04 19:00;0;NORMAL;;Sem ação necessária.
UCI_Dataset;22/08/04 20:00;0;NORMAL;;Sem ação necessária.
UCI_Dataset;22/08/04 21:00;0;NORMAL;;Sem ação necessária.
UCI_Dataset;22/08/04 22:00;0;NORMAL;;Sem ação necessária.
UCI_Dataset;22/08/04 23:00;0;NORMAL;;Sem ação necessária.
UCI_Dataset;23/08/04 00:00;0;NORMAL;;Sem ação necessária.
UCI_Dataset;23/08/04 01:00;0;NORMAL;;Sem ação necessária.
UCI_Dataset;23/08/04 02:00;0;NORMAL;;Sem ação necessária.
UCI_Dataset;23/08/04 03:00;0;NORMAL;;Sem ação necessária.
UCI_Dataset;23/08/04 04:00;0;NORMAL;;Sem ação necessária.
UCI_Dataset;23/08/04 05:00;0;NORMAL;;Sem ação necessária.
UCI_Dataset;23/08/04 06:00;0;NORMAL;;Sem ação necessária.
UCI_Dataset;23/08/04 07:00;0;NORMAL;;Sem ação necessária.
UCI_Dataset;23/08/04 08:00;0;NORMAL;;Sem ação necessária.
UCI_Dataset;23/08/04 09:00;0;NORMAL;;Sem ação necessária.
UCI_Dataset;23/08/04 10:00;0;NORMAL;;Sem ação necessária.
UCI_Dataset;23/08/04 11:00;0;NORMAL;;Sem ação necessária.
UCI_Dataset;23/08/04 12:00;0;NORMAL;;Sem ação necessária.
UCI_Dataset;23/08/04 13:00;0;NORMAL;;Sem ação necessária.
UCI_Dataset;23/08/04 14:00;0;NORMAL;;Sem ação necessária.
UCI_Dataset;23/08/04 15:00;1;ALTO;R09_RISCO_INCENDIO;Risco máximo incendio florestal. Proibir queimadas. Vigilancia reforcada.
UCI_Dataset;23/08/04 16:00;1;ALTO;R09_RISCO_INCENDIO;Risco máximo incendio florestal. Proibir queimadas. Vigilancia reforcada.
UCI_Dataset;23/08/04 17:00;1;ALTO;R09_RISCO_INCENDIO;Risco máximo incendio florestal. Proibir queimadas. Vigilancia reforcada.
UCI_Dataset;23/08/04 18:00;0;NORMAL;;Sem ação necessária.
UCI_Dataset;23/08/04 19:00;0;NORMAL;;Sem ação necessária.
UCI_Dataset;23/08/04 20:00;0;NORMAL;;Sem ação necessária.
UCI_Dataset;23/08/04 21:00;0;NORMAL;;Sem ação necessária.
UCI_Dataset;23/08/04 22:00;0;NORMAL;;Sem ação necessária.
UCI_Dataset;23/08/04 23:00;0;NORMAL;;Sem ação necessária.
UCI_Dataset;24/08/04 00:00;0;NORMAL;;Sem ação necessária.
UCI_Dataset;24/08/04 01:00;0;NORMAL;;Sem ação necessária.
UCI_Dataset;24/08/04 02:00;0;NORMAL;;Sem ação necessária.
UCI_Dataset;24/08/04 03:00;0;NORMAL;;Sem ação necessária.
UCI_Dataset;24/08/04 04:00;0;NORMAL;;Sem ação necessária.
UCI_Dataset;24/08/04 05:00;0;NORMAL;;Sem ação necessária.
UCI_Dataset;24/08/04 06:00;0;NORMAL;;Sem ação necessária.
UCI_Dataset;24/08/04 07:00;0;NORMAL;;Sem ação necessária.
UCI_Dataset;24/08/04 08:00;1;MODERADO;R02_NO2_MODERADO;Monitorizar evolucão. Sensiveis reduzam atividade ao ar livre.
UCI_Dataset;24/08/04 09:00;1;MODERADO;R02_NO2_MODERADO;Monitorizar evolucão. Sensiveis reduzam atividade ao ar livre.
UCI_Dataset;24/08/04 10:00;1;MODERADO;R02_NO2_MODERADO;Monitorizar evolucão. Sensiveis reduzam atividade ao ar livre.
UCI_Dataset;24/08/04 11:00;1;MODERADO;R02_NO2_MODERADO;Monitorizar evolucão. Sensiveis reduzam atividade ao ar livre.
UCI_Dataset;24/08/04 12:00;2;ALTO;R09_RISCO_INCENDIO, R02_NO2_MODERADO;Risco máximo incendio florestal. Proibir queimadas. Vigilancia reforcada.
UCI_Dataset;24/08/04 13:00;1;MODERADO;R02_NO2_MODERADO;Monitorizar evolucão. Sensiveis reduzam atividade ao ar livre.
UCI_Dataset;24/08/04 14:00;0;NORMAL;;Sem ação necessária.
UCI_Dataset;24/08/04 15:00;2;ALTO;R09_RISCO_INCENDIO, R02_NO2_MODERADO;Risco máximo incendio florestal. Proibir queimadas. Vigilancia reforcada.
UCI_Dataset;24/08/04 16:00;2;ALTO;R09_RISCO_INCENDIO, R02_NO2_MODERADO;Risco máximo incendio florestal. Proibir queimadas. Vigilancia reforcada.
UCI_Dataset;24/08/04 17:00;1;ALTO;R09_RISCO_INCENDIO;Risco máximo incendio florestal. Proibir queimadas. Vigilancia reforcada.
UCI_Dataset;24/08/04 18:00;0;NORMAL;;Sem ação necessária.
UCI_Dataset;24/08/04 19:00;0;NORMAL;;Sem ação necessária.
UCI_Dataset;24/08/04 20:00;0;NORMAL;;Sem ação necessária.
UCI_Dataset;24/08/04 21:00;0;NORMAL;;Sem ação necessária.
UCI_Dataset;24/08/04 22:00;0;NORMAL;;Sem ação necessária.
UCI_Dataset;24/08/04 23:00;0;NORMAL;;Sem ação necessária.
UCI_Dataset;25/08/04 00:00;0;NORMAL;;Sem ação necessária.
UCI_Dataset;25/08/04 01:00;0;NORMAL;;Sem ação necessária.
UCI_Dataset;25/08/04 02:00;0;NORMAL;;Sem ação necessária.
UCI_Dataset;25/08/04 03:00;0;NORMAL;;Sem ação necessária.
UCI_Dataset;25/08/04 04:00;0;NORMAL;;Sem ação necessária.
UCI_Dataset;25/08/04 05:00;0;NORMAL;;Sem ação necessária.
UCI_Dataset;25/08/04 06:00;0;NORMAL;;Sem ação necessária.
UCI_Dataset;25/08/04 07:00;0;NORMAL;;Sem ação necessária.
UCI_Dataset;25/08/04 08:00;1;MODERADO;R02_NO2_MODERADO;Monitorizar evolucão. Sensiveis reduzam atividade ao ar livre.
UCI_Dataset;25/08/04 09:00;1;MODERADO;R02_NO2_MODERADO;Monitorizar evolucão. Sensiveis reduzam atividade ao ar livre.
UCI_Dataset;25/08/04 10:00;0;NORMAL;;Sem ação necessária.
UCI_Dataset;25/08/04 11:00;0;NORMAL;;Sem ação necessária.
UCI_Dataset;25/08/04 12:00;0;NORMAL;;Sem ação necessária.
UCI_Dataset;25/08/04 13:00;0;NORMAL;;Sem ação necessária.
UCI_Dataset;25/08/04 14:00;0;NORMAL;;Sem ação necessária.
UCI_Dataset;25/08/04 15:00;1;ALTO;R09_RISCO_INCENDIO;Risco máximo incendio florestal. Proibir queimadas. Vigilancia reforcada.
UCI_Dataset;25/08/04 16:00;1;ALTO;R09_RISCO_INCENDIO;Risco máximo incendio florestal. Proibir queimadas. Vigilancia reforcada.
UCI_Dataset;25/08/04 17:00;1;ALTO;R09_RISCO_INCENDIO;Risco máximo incendio florestal. Proibir queimadas. Vigilancia reforcada.
UCI_Dataset;25/08/04 18:00;0;NORMAL;;Sem ação necessária.
UCI_Dataset;25/08/04 19:00;0;NORMAL;;Sem ação necessária.
UCI_Dataset;25/08/04 20:00;0;NORMAL;;Sem ação necessária.
UCI_Dataset;25/08/04 21:00;0;NORMAL;;Sem ação necessária.
UCI_Dataset;25/08/04 22:00;0;NORMAL;;Sem ação necessária.
UCI_Dataset;25/08/04 23:00;0;NORMAL;;Sem ação necessária.
UCI_Dataset;26/08/04 00:00;0;NORMAL;;Sem ação necessária.
UCI_Dataset;26/08/04 01:00;0;NORMAL;;Sem ação necessária.
UCI_Dataset;26/08/04 02:00;0;NORMAL;;Sem ação necessária.
UCI_Dataset;26/08/04 03:00;0;NORMAL;;Sem ação necessária.
UCI_Dataset;26/08/04 04:00;0;NORMAL;;Sem ação necessária.
UCI_Dataset;26/08/04 05:00;0;NORMAL;;Sem ação necessária.
UCI_Dataset;26/08/04 06:00;0;NORMAL;;Sem ação necessária.
UCI_Dataset;26/08/04 07:00;0;NORMAL;;Sem ação necessária.
UCI_Dataset;26/08/04 08:00;0;NORMAL;;Sem ação necessária.
UCI_Dataset;26/08/04 09:00;0;NORMAL;;Sem ação necessária.
UCI_Dataset;26/08/04 10:00;0;NORMAL;;Sem ação necessária.
UCI_Dataset;26/08/04 11:00;0;NORMAL;;Sem ação necessária.
UCI_Dataset;26/08/04 12:00;0;NORMAL;;Sem ação necessária.
UCI_Dataset;26/08/04 13:00;0;NORMAL;;Sem ação necessária.
UCI_Dataset;26/08/04 14:00;0;NORMAL;;Sem ação necessária.
UCI_Dataset;26/08/04 15:00;0;NORMAL;;Sem ação necessária.
UCI_Dataset;26/08/04 16:00;0;NORMAL;;Sem ação necessária.
UCI_Dataset;26/08/04 17:00;0;NORMAL;;Sem ação necessária.
UCI_Dataset;26/08/04 18:00;0;NORMAL;;Sem ação necessária.
UCI_Dataset;26/08/04 19:00;0;NORMAL;;Sem ação necessária.
UCI_Dataset;26/08/04 20:00;0;NORMAL;;Sem ação necessária.
UCI_Dataset;26/08/04 21:00;0;NORMAL;;Sem ação necessária.
UCI_Dataset;26/08/04 22:00;0;NORMAL;;Sem ação necessária.
UCI_Dataset;26/08/04 23:00;0;NORMAL;;Sem ação necessária.
UCI_Dataset;27/08/04 00:00;0;NORMAL;;Sem ação necessária.
UCI_Dataset;27/08/04 01:00;0;NORMAL;;Sem ação necessária.
UCI_Dataset;27/08/04 02:00;0;NORMAL;;Sem ação necessária.
UCI_Dataset;27/08/04 03:00;0;NORMAL;;Sem ação necessária.
UCI_Dataset;27/08/04 04:00;0;NORMAL;;Sem ação necessária.
UCI_Dataset;27/08/04 05:00;0;NORMAL;;Sem ação necessária.
UCI_Dataset;27/08/04 06:00;0;NORMAL;;Sem ação necessária.
UCI_Dataset;27/08/04 07:00;0;NORMAL;;Sem ação necessária.
UCI_Dataset;27/08/04 08:00;0;NORMAL;;Sem ação necessária.
UCI_Dataset;27/08/04 09:00;0;NORMAL;;Sem ação necessária.
UCI_Dataset;27/08/04 10:00;0;NORMAL;;Sem ação necessária.
UCI_Dataset;27/08/04 11:00;1;MODERADO;R02_NO2_MODERADO;Monitorizar evolucão. Sensiveis reduzam atividade ao ar livre.
UCI_Dataset;27/08/04 12:00;1;MODERADO;R02_NO2_MODERADO;Monitorizar evolucão. Sensiveis reduzam atividade ao ar livre.
UCI_Dataset;27/08/04 13:00;0;NORMAL;;Sem ação necessária.
UCI_Dataset;27/08/04 14:00;0;NORMAL;;Sem ação necessária.
UCI_Dataset;27/08/04 15:00;0;NORMAL;;Sem ação necessária.
UCI_Dataset;27/08/04 16:00;0;NORMAL;;Sem ação necessária.
UCI_Dataset;27/08/04 17:00;1;MODERADO;R02_NO2_MODERADO;Monitorizar evolucão. Sensiveis reduzam atividade ao ar livre.
UCI_Dataset;27/08/04 18:00;1;MODERADO;R02_NO2_MODERADO;Monitorizar evolucão. Sensiveis reduzam atividade ao ar livre.
UCI_Dataset;27/08/04 19:00;1;MODERADO;R02_NO2_MODERADO;Monitorizar evolucão. Sensiveis reduzam atividade ao ar livre.
UCI_Dataset;27/08/04 20:00;1;MODERADO;R02_NO2_MODERADO;Monitorizar evolucão. Sensiveis reduzam atividade ao ar livre.
UCI_Dataset;27/08/04 21:00;1;MODERADO;R02_NO2_MODERADO;Monitorizar evolucão. Sensiveis reduzam atividade ao ar livre.
UCI_Dataset;27/08/04 22:00;0;NORMAL;;Sem ação necessária.
UCI_Dataset;27/08/04 23:00;0;NORMAL;;Sem ação necessária.
UCI_Dataset;28/08/04 00:00;0;NORMAL;;Sem ação necessária.
UCI_Dataset;28/08/04 01:00;0;NORMAL;;Sem ação necessária.
UCI_Dataset;28/08/04 02:00;0;NORMAL;;Sem ação necessária.
UCI_Dataset;28/08/04 03:00;0;NORMAL;;Sem ação necessária.
UCI_Dataset;28/08/04 04:00;0;NORMAL;;Sem ação necessária.
UCI_Dataset;28/08/04 05:00;0;NORMAL;;Sem ação necessária.
UCI_Dataset;28/08/04 06:00;0;NORMAL;;Sem ação necessária.
UCI_Dataset;28/08/04 07:00;0;NORMAL;;Sem ação necessária.
UCI_Dataset;28/08/04 08:00;0;NORMAL;;Sem ação necessária.
UCI_Dataset;28/08/04 09:00;0;NORMAL;;Sem ação necessária.
UCI_Dataset;28/08/04 10:00;1;MODERADO;R02_NO2_MODERADO;Monitorizar evolucão. Sensiveis reduzam atividade ao ar livre.
UCI_Dataset;28/08/04 11:00;0;NORMAL;;Sem ação necessária.
UCI_Dataset;28/08/04 12:00;0;NORMAL;;Sem ação necessária.
UCI_Dataset;28/08/04 13:00;0;NORMAL;;Sem ação necessária.
UCI_Dataset;28/08/04 14:00;0;NORMAL;;Sem ação necessária.
UCI_Dataset;28/08/04 15:00;0;NORMAL;;Sem ação necessária.
UCI_Dataset;28/08/04 16:00;1;ALTO;R09_RISCO_INCENDIO;Risco máximo incendio florestal. Proibir queimadas. Vigilancia reforcada.
UCI_Dataset;28/08/04 17:00;1;ALTO;R09_RISCO_INCENDIO;Risco máximo incendio florestal. Proibir queimadas. Vigilancia reforcada.
UCI_Dataset;28/08/04 18:00;0;NORMAL;;Sem ação necessária.
UCI_Dataset;28/08/04 19:00;0;NORMAL;;Sem ação necessária.
UCI_Dataset;28/08/04 20:00;0;NORMAL;;Sem ação necessária.
UCI_Dataset;28/08/04 21:00;0;NORMAL;;Sem ação necessária.
UCI_Dataset;28/08/04 22:00;0;NORMAL;;Sem ação necessária.
UCI_Dataset;28/08/04 23:00;0;NORMAL;;Sem ação necessária.
UCI_Dataset;29/08/04 00:00;0;NORMAL;;Sem ação necessária.
UCI_Dataset;29/08/04 01:00;0;NORMAL;;Sem ação necessária.
UCI_Dataset;29/08/04 02:00;0;NORMAL;;Sem ação necessária.
UCI_Dataset;29/08/04 03:00;0;NORMAL;;Sem ação necessária.
UCI_Dataset;29/08/04 04:00;0;NORMAL;;Sem ação necessária.
UCI_Dataset;29/08/04 05:00;0;NORMAL;;Sem ação necessária.
UCI_Dataset;29/08/04 06:00;0;NORMAL;;Sem ação necessária.
UCI_Dataset;29/08/04 07:00;0;NORMAL;;Sem ação necessária.
UCI_Dataset;29/08/04 08:00;0;NORMAL;;Sem ação necessária.
UCI_Dataset;29/08/04 09:00;0;NORMAL;;Sem ação necessária.
UCI_Dataset;29/08/04 10:00;0;NORMAL;;Sem ação necessária.
UCI_Dataset;29/08/04 11:00;0;NORMAL;;Sem ação necessária.
UCI_Dataset;29/08/04 12:00;0;NORMAL;;Sem ação necessária.
UCI_Dataset;29/08/04 13:00;0;NORMAL;;Sem ação necessária.
UCI_Dataset;29/08/04 14:00;0;NORMAL;;Sem ação necessária.
UCI_Dataset;29/08/04 15:00;0;NORMAL;;Sem ação necessária.
UCI_Dataset;29/08/04 16:00;1;ALTO;R09_RISCO_INCENDIO;Risco máximo incendio florestal. Proibir queimadas. Vigilancia reforcada.
UCI_Dataset;29/08/04 17:00;1;ALTO;R09_RISCO_INCENDIO;Risco máximo incendio florestal. Proibir queimadas. Vigilancia reforcada.
UCI_Dataset;29/08/04 18:00;0;NORMAL;;Sem ação necessária.
UCI_Dataset;29/08/04 19:00;0;NORMAL;;Sem ação necessária.
UCI_Dataset;29/08/04 20:00;0;NORMAL;;Sem ação necessária.
UCI_Dataset;29/08/04 21:00;0;NORMAL;;Sem ação necessária.
UCI_Dataset;29/08/04 22:00;0;NORMAL;;Sem ação necessária.
UCI_Dataset;29/08/04 23:00;0;NORMAL;;Sem ação necessária.
UCI_Dataset;30/08/04 00:00;0;NORMAL;;Sem ação necessária.
UCI_Dataset;30/08/04 01:00;0;NORMAL;;Sem ação necessária.
UCI_Dataset;30/08/04 02:00;0;NORMAL;;Sem ação necessária.
UCI_Dataset;30/08/04 03:00;0;NORMAL;;Sem ação necessária.
UCI_Dataset;30/08/04 04:00;0;NORMAL;;Sem ação necessária.
UCI_Dataset;30/08/04 05:00;0;NORMAL;;Sem ação necessária.
UCI_Dataset;30/08/04 06:00;0;NORMAL;;Sem ação necessária.
UCI_Dataset;30/08/04 07:00;0;NORMAL;;Sem ação necessária.
UCI_Dataset;30/08/04 08:00;0;NORMAL;;Sem ação necessária.
UCI_Dataset;30/08/04 09:00;0;NORMAL;;Sem ação necessária.
UCI_Dataset;30/08/04 10:00;0;NORMAL;;Sem ação necessária.
UCI_Dataset;30/08/04 11:00;0;NORMAL;;Sem ação necessária.
UCI_Dataset;30/08/04 12:00;0;NORMAL;;Sem ação necessária.
UCI_Dataset;30/08/04 13:00;0;NORMAL;;Sem ação necessária.
UCI_Dataset;30/08/04 14:00;0;NORMAL;;Sem ação necessária.
UCI_Dataset;30/08/04 15:00;0;NORMAL;;Sem ação necessária.
UCI_Dataset;30/08/04 16:00;0;NORMAL;;Sem ação necessária.
UCI_Dataset;30/08/04 17:00;0;NORMAL;;Sem ação necessária.
UCI_Dataset;30/08/04 18:00;0;NORMAL;;Sem ação necessária.
UCI_Dataset;30/08/04 19:00;0;NORMAL;;Sem ação necessária.
UCI_Dataset;30/08/04 20:00;0;NORMAL;;Sem ação necessária.
UCI_Dataset;30/08/04 21:00;0;NORMAL;;Sem ação necessária.
UCI_Dataset;30/08/04 22:00;0;NORMAL;;Sem ação necessária.
UCI_Dataset;30/08/04 23:00;0;NORMAL;;Sem ação necessária.
UCI_Dataset;31/08/04 00:00;0;NORMAL;;Sem ação necessária.
UCI_Dataset;31/08/04 01:00;0;NORMAL;;Sem ação necessária.
UCI_Dataset;31/08/04 02:00;0;NORMAL;;Sem ação necessária.
UCI_Dataset;31/08/04 03:00;0;NORMAL;;Sem ação necessária.
UCI_Dataset;31/08/04 04:00;0;NORMAL;;Sem ação necessária.
UCI_Dataset;31/08/04 05:00;0;NORMAL;;Sem ação necessária.
UCI_Dataset;31/08/04 06:00;0;NORMAL;;Sem ação necessária.
UCI_Dataset;31/08/04 07:00;0;NORMAL;;Sem ação necessária.
UCI_Dataset;31/08/04 08:00;0;NORMAL;;Sem ação necessária.
UCI_Dataset;31/08/04 09:00;0;NORMAL;;Sem ação necessária.
UCI_Dataset;31/08/04 10:00;0;NORMAL;;Sem ação necessária.
UCI_Dataset;31/08/04 11:00;0;NORMAL;;Sem ação necessária.
UCI_Dataset;31/08/04 12:00;0;NORMAL;;Sem ação necessária.
UCI_Dataset;31/08/04 13:00;0;NORMAL;;Sem ação necessária.
UCI_Dataset;31/08/04 14:00;0;NORMAL;;Sem ação necessária.
UCI_Dataset;31/08/04 15:00;1;MODERADO;R02_NO2_MODERADO;Monitorizar evolucão. Sensiveis reduzam atividade ao ar livre.
UCI_Dataset;31/08/04 16:00;0;NORMAL;;Sem ação necessária.
UCI_Dataset;31/08/04 17:00;0;NORMAL;;Sem ação necessária.
UCI_Dataset;31/08/04 18:00;1;MODERADO;R02_NO2_MODERADO;Monitorizar evolucão. Sensiveis reduzam atividade ao ar livre.
UCI_Dataset;31/08/04 19:00;1;MODERADO;R02_NO2_MODERADO;Monitorizar evolucão. Sensiveis reduzam atividade ao ar livre.
UCI_Dataset;31/08/04 20:00;0;NORMAL;;Sem ação necessária.
UCI_Dataset;31/08/04 21:00;0;NORMAL;;Sem ação necessária.
UCI_Dataset;31/08/04 22:00;1;MODERADO;R02_NO2_MODERADO;Monitorizar evolucão. Sensiveis reduzam atividade ao ar livre.
UCI_Dataset;31/08/04 23:00;1;MODERADO;R02_NO2_MODERADO;Monitorizar evolucão. Sensiveis reduzam atividade ao ar livre.
UCI_Dataset;01/09/04 00:00;0;NORMAL;;Sem ação necessária.
UCI_Dataset;01/09/04 01:00;0;NORMAL;;Sem ação necessária.
UCI_Dataset;01/09/04 02:00;0;NORMAL;;Sem ação necessária.
UCI_Dataset;01/09/04 03:00;0;NORMAL;;Sem ação necessária.
UCI_Dataset;01/09/04 04:00;0;NORMAL;;Sem ação necessária.
UCI_Dataset;01/09/04 05:00;0;NORMAL;;Sem ação necessária.
UCI_Dataset;01/09/04 06:00;0;NORMAL;;Sem ação necessária.
UCI_Dataset;01/09/04 07:00;0;NORMAL;;Sem ação necessária.
UCI_Dataset;01/09/04 08:00;1;MODERADO;R02_NO2_MODERADO;Monitorizar evolucão. Sensiveis reduzam atividade ao ar livre.
UCI_Dataset;01/09/04 09:00;1;MODERADO;R02_NO2_MODERADO;Monitorizar evolucão. Sensiveis reduzam atividade ao ar livre.
UCI_Dataset;01/09/04 10:00;1;MODERADO;R02_NO2_MODERADO;Monitorizar evolucão. Sensiveis reduzam atividade ao ar livre.
UCI_Dataset;01/09/04 11:00;1;MODERADO;R02_NO2_MODERADO;Monitorizar evolucão. Sensiveis reduzam atividade ao ar livre.
UCI_Dataset;01/09/04 12:00;1;MODERADO;R02_NO2_MODERADO;Monitorizar evolucão. Sensiveis reduzam atividade ao ar livre.
UCI_Dataset;01/09/04 13:00;0;NORMAL;;Sem ação necessária.
UCI_Dataset;01/09/04 14:00;0;NORMAL;;Sem ação necessária.
UCI_Dataset;01/09/04 15:00;1;MODERADO;R02_NO2_MODERADO;Monitorizar evolucão. Sensiveis reduzam atividade ao ar livre.
UCI_Dataset;01/09/04 16:00;2;ALTO;R09_RISCO_INCENDIO, R02_NO2_MODERADO;Risco máximo incendio florestal. Proibir queimadas. Vigilancia reforcada.
UCI_Dataset;01/09/04 17:00;1;MODERADO;R02_NO2_MODERADO;Monitorizar evolucão. Sensiveis reduzam atividade ao ar livre.
UCI_Dataset;01/09/04 18:00;1;MODERADO;R02_NO2_MODERADO;Monitorizar evolucão. Sensiveis reduzam atividade ao ar livre.
UCI_Dataset;01/09/04 19:00;1;MODERADO;R02_NO2_MODERADO;Monitorizar evolucão. Sensiveis reduzam atividade ao ar livre.
UCI_Dataset;01/09/04 20:00;1;MODERADO;R02_NO2_MODERADO;Monitorizar evolucão. Sensiveis reduzam atividade ao ar livre.
UCI_Dataset;01/09/04 21:00;1;MODERADO;R02_NO2_MODERADO;Monitorizar evolucão. Sensiveis reduzam atividade ao ar livre.
UCI_Dataset;01/09/04 22:00;1;MODERADO;R02_NO2_MODERADO;Monitorizar evolucão. Sensiveis reduzam atividade ao ar livre.
UCI_Dataset;01/09/04 23:00;1;MODERADO;R02_NO2_MODERADO;Monitorizar evolucão. Sensiveis reduzam atividade ao ar livre.
UCI_Dataset;02/09/04 00:00;1;MODERADO;R02_NO2_MODERADO;Monitorizar evolucão. Sensiveis reduzam atividade ao ar livre.
UCI_Dataset;02/09/04 01:00;0;NORMAL;;Sem ação necessária.
UCI_Dataset;02/09/04 02:00;0;NORMAL;;Sem ação necessária.
UCI_Dataset;02/09/04 03:00;0;NORMAL;;Sem ação necessária.
UCI_Dataset;02/09/04 04:00;0;NORMAL;;Sem ação necessária.
UCI_Dataset;02/09/04 05:00;0;NORMAL;;Sem ação necessária.
UCI_Dataset;02/09/04 06:00;0;NORMAL;;Sem ação necessária.
UCI_Dataset;02/09/04 07:00;0;NORMAL;;Sem ação necessária.
UCI_Dataset;02/09/04 08:00;0;NORMAL;;Sem ação necessária.
UCI_Dataset;02/09/04 09:00;0;NORMAL;;Sem ação necessária.
UCI_Dataset;02/09/04 10:00;0;NORMAL;;Sem ação necessária.
UCI_Dataset;02/09/04 11:00;0;NORMAL;;Sem ação necessária.
UCI_Dataset;02/09/04 12:00;1;ALTO;R09_RISCO_INCENDIO;Risco máximo incendio florestal. Proibir queimadas. Vigilancia reforcada.
UCI_Dataset;02/09/04 13:00;0;NORMAL;;Sem ação necessária.
UCI_Dataset;02/09/04 14:00;0;NORMAL;;Sem ação necessária.
UCI_Dataset;02/09/04 15:00;1;ALTO;R09_RISCO_INCENDIO;Risco máximo incendio florestal. Proibir queimadas. Vigilancia reforcada.
UCI_Dataset;02/09/04 16:00;1;ALTO;R09_RISCO_INCENDIO;Risco máximo incendio florestal. Proibir queimadas. Vigilancia reforcada.
UCI_Dataset;02/09/04 17:00;1;ALTO;R09_RISCO_INCENDIO;Risco máximo incendio florestal. Proibir queimadas. Vigilancia reforcada.
UCI_Dataset;02/09/04 18:00;1;ALTO;R09_RISCO_INCENDIO;Risco máximo incendio florestal. Proibir queimadas. Vigilancia reforcada.
UCI_Dataset;02/09/04 19:00;0;NORMAL;;Sem ação necessária.
UCI_Dataset;02/09/04 20:00;0;NORMAL;;Sem ação necessária.
UCI_Dataset;02/09/04 21:00;0;NORMAL;;Sem ação necessária.
UCI_Dataset;02/09/04 22:00;0;NORMAL;;Sem ação necessária.
UCI_Dataset;02/09/04 23:00;0;NORMAL;;Sem ação necessária.
UCI_Dataset;03/09/04 00:00;0;NORMAL;;Sem ação necessária.
UCI_Dataset;03/09/04 01:00;0;NORMAL;;Sem ação necessária.
UCI_Dataset;03/09/04 02:00;0;NORMAL;;Sem ação necessária.
UCI_Dataset;03/09/04 03:00;0;NORMAL;;Sem ação necessária.
UCI_Dataset;03/09/04 04:00;0;NORMAL;;Sem ação necessária.
UCI_Dataset;03/09/04 05:00;0;NORMAL;;Sem ação necessária.
UCI_Dataset;03/09/04 06:00;0;NORMAL;;Sem ação necessária.
UCI_Dataset;03/09/04 07:00;0;NORMAL;;Sem ação necessária.
UCI_Dataset;03/09/04 08:00;0;NORMAL;;Sem ação necessária.
UCI_Dataset;03/09/04 09:00;0;NORMAL;;Sem ação necessária.
UCI_Dataset;03/09/04 10:00;0;NORMAL;;Sem ação necessária.
UCI_Dataset;03/09/04 11:00;0;NORMAL;;Sem ação necessária.
UCI_Dataset;03/09/04 12:00;1;ALTO;R09_RISCO_INCENDIO;Risco máximo incendio florestal. Proibir queimadas. Vigilancia reforcada.
UCI_Dataset;03/09/04 13:00;1;ALTO;R09_RISCO_INCENDIO;Risco máximo incendio florestal. Proibir queimadas. Vigilancia reforcada.
UCI_Dataset;03/09/04 14:00;1;ALTO;R09_RISCO_INCENDIO;Risco máximo incendio florestal. Proibir queimadas. Vigilancia reforcada.
UCI_Dataset;03/09/04 15:00;1;ALTO;R09_RISCO_INCENDIO;Risco máximo incendio florestal. Proibir queimadas. Vigilancia reforcada.
UCI_Dataset;03/09/04 16:00;1;ALTO;R09_RISCO_INCENDIO;Risco máximo incendio florestal. Proibir queimadas. Vigilancia reforcada.
UCI_Dataset;03/09/04 17:00;1;ALTO;R09_RISCO_INCENDIO;Risco máximo incendio florestal. Proibir queimadas. Vigilancia reforcada.
UCI_Dataset;03/09/04 18:00;1;ALTO;R09_RISCO_INCENDIO;Risco máximo incendio florestal. Proibir queimadas. Vigilancia reforcada.
UCI_Dataset;03/09/04 19:00;0;NORMAL;;Sem ação necessária.
UCI_Dataset;03/09/04 20:00;0;NORMAL;;Sem ação necessária.
UCI_Dataset;03/09/04 21:00;0;NORMAL;;Sem ação necessária.
UCI_Dataset;03/09/04 22:00;0;NORMAL;;Sem ação necessária.
UCI_Dataset;03/09/04 23:00;0;NORMAL;;Sem ação necessária.
UCI_Dataset;04/09/04 00:00;0;NORMAL;;Sem ação necessária.
UCI_Dataset;04/09/04 01:00;0;NORMAL;;Sem ação necessária.
UCI_Dataset;04/09/04 02:00;0;NORMAL;;Sem ação necessária.
UCI_Dataset;04/09/04 03:00;0;NORMAL;;Sem ação necessária.
UCI_Dataset;04/09/04 04:00;0;NORMAL;;Sem ação necessária.
UCI_Dataset;04/09/04 05:00;0;NORMAL;;Sem ação necessária.
UCI_Dataset;04/09/04 06:00;0;NORMAL;;Sem ação necessária.
UCI_Dataset;04/09/04 07:00;0;NORMAL;;Sem ação necessária.
UCI_Dataset;04/09/04 08:00;0;NORMAL;;Sem ação necessária.
UCI_Dataset;04/09/04 09:00;0;NORMAL;;Sem ação necessária.
UCI_Dataset;04/09/04 10:00;0;NORMAL;;Sem ação necessária.
UCI_Dataset;04/09/04 11:00;0;NORMAL;;Sem ação necessária.
UCI_Dataset;04/09/04 12:00;1;ALTO;R09_RISCO_INCENDIO;Risco máximo incendio florestal. Proibir queimadas. Vigilancia reforcada.
UCI_Dataset;04/09/04 13:00;1;ALTO;R09_RISCO_INCENDIO;Risco máximo incendio florestal. Proibir queimadas. Vigilancia reforcada.
UCI_Dataset;04/09/04 14:00;1;ALTO;R09_RISCO_INCENDIO;Risco máximo incendio florestal. Proibir queimadas. Vigilancia reforcada.
UCI_Dataset;04/09/04 15:00;1;ALTO;R09_RISCO_INCENDIO;Risco máximo incendio florestal. Proibir queimadas. Vigilancia reforcada.
UCI_Dataset;04/09/04 16:00;2;ALTO;R08_CALOR_EXTREMO, R09_RISCO_INCENDIO;Alerta vermelho calor. Ativar Plano de Contingencia. Populações vulneráveis em risco.
UCI_Dataset;04/09/04 17:00;1;ALTO;R09_RISCO_INCENDIO;Risco máximo incendio florestal. Proibir queimadas. Vigilancia reforcada.
UCI_Dataset;04/09/04 18:00;1;ALTO;R09_RISCO_INCENDIO;Risco máximo incendio florestal. Proibir queimadas. Vigilancia reforcada.
UCI_Dataset;04/09/04 19:00;0;NORMAL;;Sem ação necessária.
UCI_Dataset;04/09/04 20:00;0;NORMAL;;Sem ação necessária.
UCI_Dataset;04/09/04 21:00;0;NORMAL;;Sem ação necessária.
UCI_Dataset;04/09/04 22:00;0;NORMAL;;Sem ação necessária.
UCI_Dataset;04/09/04 23:00;0;NORMAL;;Sem ação necessária.
UCI_Dataset;05/09/04 00:00;0;NORMAL;;Sem ação necessária.
UCI_Dataset;05/09/04 01:00;0;NORMAL;;Sem ação necessária.
UCI_Dataset;05/09/04 02:00;0;NORMAL;;Sem ação necessária.
UCI_Dataset;05/09/04 03:00;0;NORMAL;;Sem ação necessária.
UCI_Dataset;05/09/04 04:00;0;NORMAL;;Sem ação necessária.
UCI_Dataset;05/09/04 05:00;0;NORMAL;;Sem ação necessária.
UCI_Dataset;05/09/04 06:00;0;NORMAL;;Sem ação necessária.
UCI_Dataset;05/09/04 07:00;0;NORMAL;;Sem ação necessária.
UCI_Dataset;05/09/04 08:00;0;NORMAL;;Sem ação necessária.
UCI_Dataset;05/09/04 09:00;0;NORMAL;;Sem ação necessária.
UCI_Dataset;05/09/04 10:00;0;NORMAL;;Sem ação necessária.
UCI_Dataset;05/09/04 11:00;0;NORMAL;;Sem ação necessária.
UCI_Dataset;05/09/04 12:00;0;NORMAL;;Sem ação necessária.
UCI_Dataset;05/09/04 13:00;0;NORMAL;;Sem ação necessária.
UCI_Dataset;05/09/04 14:00;0;NORMAL;;Sem ação necessária.
UCI_Dataset;05/09/04 15:00;0;NORMAL;;Sem ação necessária.
UCI_Dataset;05/09/04 16:00;0;NORMAL;;Sem ação necessária.
UCI_Dataset;05/09/04 17:00;0;NORMAL;;Sem ação necessária.
UCI_Dataset;05/09/04 18:00;0;NORMAL;;Sem ação necessária.
UCI_Dataset;05/09/04 19:00;0;NORMAL;;Sem ação necessária.
UCI_Dataset;05/09/04 20:00;0;NORMAL;;Sem ação necessária.
UCI_Dataset;05/09/04 21:00;0;NORMAL;;Sem ação necessária.
UCI_Dataset;05/09/04 22:00;0;NORMAL;;Sem ação necessária.
UCI_Dataset;05/09/04 23:00;0;NORMAL;;Sem ação necessária.
UCI_Dataset;06/09/04 00:00;0;NORMAL;;Sem ação necessária.
UCI_Dataset;06/09/04 01:00;0;NORMAL;;Sem ação necessária.
UCI_Dataset;06/09/04 02:00;0;NORMAL;;Sem ação necessária.
UCI_Dataset;06/09/04 03:00;0;NORMAL;;Sem ação necessária.
UCI_Dataset;06/09/04 04:00;0;NORMAL;;Sem ação necessária.
UCI_Dataset;06/09/04 05:00;0;NORMAL;;Sem ação necessária.
UCI_Dataset;06/09/04 06:00;0;NORMAL;;Sem ação necessária.
UCI_Dataset;06/09/04 07:00;0;NORMAL;;Sem ação necessária.
UCI_Dataset;06/09/04 08:00;0;NORMAL;;Sem ação necessária.
UCI_Dataset;06/09/04 09:00;0;NORMAL;;Sem ação necessária.
UCI_Dataset;06/09/04 10:00;0;NORMAL;;Sem ação necessária.
UCI_Dataset;06/09/04 11:00;0;NORMAL;;Sem ação necessária.
UCI_Dataset;06/09/04 12:00;0;NORMAL;;Sem ação necessária.
UCI_Dataset;06/09/04 13:00;0;NORMAL;;Sem ação necessária.
UCI_Dataset;06/09/04 14:00;0;NORMAL;;Sem ação necessária.
UCI_Dataset;06/09/04 15:00;0;NORMAL;;Sem ação necessária.
UCI_Dataset;06/09/04 16:00;0;NORMAL;;Sem ação necessária.
UCI_Dataset;06/09/04 17:00;0;NORMAL;;Sem ação necessária.
UCI_Dataset;06/09/04 18:00;0;NORMAL;;Sem ação necessária.
UCI_Dataset;06/09/04 19:00;0;NORMAL;;Sem ação necessária.
UCI_Dataset;06/09/04 20:00;0;NORMAL;;Sem ação necessária.
UCI_Dataset;06/09/04 21:00;0;NORMAL;;Sem ação necessária.
UCI_Dataset;06/09/04 22:00;0;NORMAL;;Sem ação necessária.
UCI_Dataset;06/09/04 23:00;0;NORMAL;;Sem ação necessária.
UCI_Dataset;07/09/04 00:00;0;NORMAL;;Sem ação necessária.
UCI_Dataset;07/09/04 01:00;0;NORMAL;;Sem ação necessária.
UCI_Dataset;07/09/04 02:00;0;NORMAL;;Sem ação necessária.
UCI_Dataset;07/09/04 03:00;0;NORMAL;;Sem ação necessária.
UCI_Dataset;07/09/04 04:00;0;NORMAL;;Sem ação necessária.
UCI_Dataset;07/09/04 05:00;0;NORMAL;;Sem ação necessária.
UCI_Dataset;07/09/04 06:00;0;NORMAL;;Sem ação necessária.
UCI_Dataset;07/09/04 07:00;0;NORMAL;;Sem ação necessária.
UCI_Dataset;07/09/04 08:00;0;NORMAL;;Sem ação necessária.
UCI_Dataset;07/09/04 09:00;0;NORMAL;;Sem ação necessária.
UCI_Dataset;07/09/04 10:00;0;NORMAL;;Sem ação necessária.
UCI_Dataset;07/09/04 11:00;0;NORMAL;;Sem ação necessária.
UCI_Dataset;07/09/04 12:00;0;NORMAL;;Sem ação necessária.
UCI_Dataset;07/09/04 13:00;0;NORMAL;;Sem ação necessária.
UCI_Dataset;07/09/04 14:00;0;NORMAL;;Sem ação necessária.
UCI_Dataset;07/09/04 15:00;0;NORMAL;;Sem ação necessária.
UCI_Dataset;07/09/04 16:00;0;NORMAL;;Sem ação necessária.
UCI_Dataset;07/09/04 17:00;0;NORMAL;;Sem ação necessária.
UCI_Dataset;07/09/04 18:00;0;NORMAL;;Sem ação necessária.
UCI_Dataset;07/09/04 19:00;0;NORMAL;;Sem ação necessária.
UCI_Dataset;07/09/04 20:00;0;NORMAL;;Sem ação necessária.
UCI_Dataset;07/09/04 21:00;0;NORMAL;;Sem ação necessária.
UCI_Dataset;07/09/04 22:00;0;NORMAL;;Sem ação necessária.
UCI_Dataset;08/09/04 09:00;0;NORMAL;;Sem ação necessária.
UCI_Dataset;08/09/04 17:00;0;NORMAL;;Sem ação necessária.
UCI_Dataset;08/09/04 18:00;1;MODERADO;R02_NO2_MODERADO;Monitorizar evolucão. Sensiveis reduzam atividade ao ar livre.
UCI_Dataset;08/09/04 19:00;1;MODERADO;R02_NO2_MODERADO;Monitorizar evolucão. Sensiveis reduzam atividade ao ar livre.
UCI_Dataset;08/09/04 20:00;1;MODERADO;R02_NO2_MODERADO;Monitorizar evolucão. Sensiveis reduzam atividade ao ar livre.
UCI_Dataset;08/09/04 21:00;1;MODERADO;R02_NO2_MODERADO;Monitorizar evolucão. Sensiveis reduzam atividade ao ar livre.
UCI_Dataset;08/09/04 22:00;1;MODERADO;R02_NO2_MODERADO;Monitorizar evolucão. Sensiveis reduzam atividade ao ar livre.
UCI_Dataset;08/09/04 23:00;1;MODERADO;R02_NO2_MODERADO;Monitorizar evolucão. Sensiveis reduzam atividade ao ar livre.
UCI_Dataset;09/09/04 00:00;1;MODERADO;R02_NO2_MODERADO;Monitorizar evolucão. Sensiveis reduzam atividade ao ar livre.
UCI_Dataset;09/09/04 01:00;0;NORMAL;;Sem ação necessária.
UCI_Dataset;09/09/04 02:00;0;NORMAL;;Sem ação necessária.
UCI_Dataset;09/09/04 03:00;0;NORMAL;;Sem ação necessária.
UCI_Dataset;09/09/04 04:00;0;NORMAL;;Sem ação necessária.
UCI_Dataset;09/09/04 05:00;0;NORMAL;;Sem ação necessária.
UCI_Dataset;09/09/04 06:00;0;NORMAL;;Sem ação necessária.
UCI_Dataset;09/09/04 07:00;1;MODERADO;R02_NO2_MODERADO;Monitorizar evolucão. Sensiveis reduzam atividade ao ar livre.
UCI_Dataset;09/09/04 08:00;1;MODERADO;R02_NO2_MODERADO;Monitorizar evolucão. Sensiveis reduzam atividade ao ar livre.
UCI_Dataset;09/09/04 09:00;1;MODERADO;R02_NO2_MODERADO;Monitorizar evolucão. Sensiveis reduzam atividade ao ar livre.
UCI_Dataset;09/09/04 10:00;1;MODERADO;R02_NO2_MODERADO;Monitorizar evolucão. Sensiveis reduzam atividade ao ar livre.
UCI_Dataset;09/09/04 11:00;1;MODERADO;R02_NO2_MODERADO;Monitorizar evolucão. Sensiveis reduzam atividade ao ar livre.
UCI_Dataset;09/09/04 12:00;2;ALTO;R09_RISCO_INCENDIO, R02_NO2_MODERADO;Risco máximo incendio florestal. Proibir queimadas. Vigilancia reforcada.
UCI_Dataset;09/09/04 13:00;2;ALTO;R09_RISCO_INCENDIO, R02_NO2_MODERADO;Risco máximo incendio florestal. Proibir queimadas. Vigilancia reforcada.
UCI_Dataset;09/09/04 14:00;2;ALTO;R09_RISCO_INCENDIO, R02_NO2_MODERADO;Risco máximo incendio florestal. Proibir queimadas. Vigilancia reforcada.
UCI_Dataset;09/09/04 15:00;2;ALTO;R09_RISCO_INCENDIO, R02_NO2_MODERADO;Risco máximo incendio florestal. Proibir queimadas. Vigilancia reforcada.
UCI_Dataset;09/09/04 16:00;2;ALTO;R09_RISCO_INCENDIO, R02_NO2_MODERADO;Risco máximo incendio florestal. Proibir queimadas. Vigilancia reforcada.
UCI_Dataset;09/09/04 17:00;2;ALTO;R01_NO2_ALTO, R09_RISCO_INCENDIO;Limitar trafego automovel. Grupos sensiveis evitem exposição prolongada.
UCI_Dataset;09/09/04 18:00;2;ALTO;R01_NO2_ALTO, R09_RISCO_INCENDIO;Limitar trafego automovel. Grupos sensiveis evitem exposição prolongada.
UCI_Dataset;09/09/04 19:00;1;MODERADO;R02_NO2_MODERADO;Monitorizar evolucão. Sensiveis reduzam atividade ao ar livre.
UCI_Dataset;09/09/04 20:00;1;MODERADO;R02_NO2_MODERADO;Monitorizar evolucão. Sensiveis reduzam atividade ao ar livre.
UCI_Dataset;09/09/04 21:00;1;MODERADO;R02_NO2_MODERADO;Monitorizar evolucão. Sensiveis reduzam atividade ao ar livre.
UCI_Dataset;09/09/04 22:00;1;MODERADO;R02_NO2_MODERADO;Monitorizar evolucão. Sensiveis reduzam atividade ao ar livre.
UCI_Dataset;09/09/04 23:00;1;MODERADO;R02_NO2_MODERADO;Monitorizar evolucão. Sensiveis reduzam atividade ao ar livre.
UCI_Dataset;10/09/04 00:00;0;NORMAL;;Sem ação necessária.
UCI_Dataset;10/09/04 01:00;0;NORMAL;;Sem ação necessária.
UCI_Dataset;10/09/04 02:00;0;NORMAL;;Sem ação necessária.
UCI_Dataset;10/09/04 03:00;0;NORMAL;;Sem ação necessária.
UCI_Dataset;10/09/04 04:00;0;NORMAL;;Sem ação necessária.
UCI_Dataset;10/09/04 05:00;0;NORMAL;;Sem ação necessária.
UCI_Dataset;10/09/04 06:00;0;NORMAL;;Sem ação necessária.
UCI_Dataset;10/09/04 07:00;1;MODERADO;R02_NO2_MODERADO;Monitorizar evolucão. Sensiveis reduzam atividade ao ar livre.
UCI_Dataset;10/09/04 08:00;1;MODERADO;R02_NO2_MODERADO;Monitorizar evolucão. Sensiveis reduzam atividade ao ar livre.
UCI_Dataset;10/09/04 09:00;1;MODERADO;R02_NO2_MODERADO;Monitorizar evolucão. Sensiveis reduzam atividade ao ar livre.
UCI_Dataset;10/09/04 10:00;1;MODERADO;R02_NO2_MODERADO;Monitorizar evolucão. Sensiveis reduzam atividade ao ar livre.
UCI_Dataset;10/09/04 11:00;1;MODERADO;R02_NO2_MODERADO;Monitorizar evolucão. Sensiveis reduzam atividade ao ar livre.
UCI_Dataset;10/09/04 12:00;1;MODERADO;R02_NO2_MODERADO;Monitorizar evolucão. Sensiveis reduzam atividade ao ar livre.
UCI_Dataset;10/09/04 13:00;1;MODERADO;R02_NO2_MODERADO;Monitorizar evolucão. Sensiveis reduzam atividade ao ar livre.
UCI_Dataset;10/09/04 14:00;1;MODERADO;R02_NO2_MODERADO;Monitorizar evolucão. Sensiveis reduzam atividade ao ar livre.
UCI_Dataset;10/09/04 15:00;1;MODERADO;R02_NO2_MODERADO;Monitorizar evolucão. Sensiveis reduzam atividade ao ar livre.
UCI_Dataset;10/09/04 16:00;1;MODERADO;R02_NO2_MODERADO;Monitorizar evolucão. Sensiveis reduzam atividade ao ar livre.
UCI_Dataset;10/09/04 17:00;1;MODERADO;R02_NO2_MODERADO;Monitorizar evolucão. Sensiveis reduzam atividade ao ar livre.
UCI_Dataset;10/09/04 18:00;1;MODERADO;R02_NO2_MODERADO;Monitorizar evolucão. Sensiveis reduzam atividade ao ar livre.
UCI_Dataset;10/09/04 19:00;1;MODERADO;R02_NO2_MODERADO;Monitorizar evolucão. Sensiveis reduzam atividade ao ar livre.
UCI_Dataset;10/09/04 20:00;1;MODERADO;R02_NO2_MODERADO;Monitorizar evolucão. Sensiveis reduzam atividade ao ar livre.
UCI_Dataset;10/09/04 21:00;1;MODERADO;R02_NO2_MODERADO;Monitorizar evolucão. Sensiveis reduzam atividade ao ar livre.
UCI_Dataset;10/09/04 22:00;1;MODERADO;R02_NO2_MODERADO;Monitorizar evolucão. Sensiveis reduzam atividade ao ar livre.
UCI_Dataset;10/09/04 23:00;1;MODERADO;R02_NO2_MODERADO;Monitorizar evolucão. Sensiveis reduzam atividade ao ar livre.
UCI_Dataset;11/09/04 00:00;1;MODERADO;R02_NO2_MODERADO;Monitorizar evolucão. Sensiveis reduzam atividade ao ar livre.
UCI_Dataset;11/09/04 01:00;0;NORMAL;;Sem ação necessária.
UCI_Dataset;11/09/04 02:00;0;NORMAL;;Sem ação necessária.
UCI_Dataset;11/09/04 03:00;0;NORMAL;;Sem ação necessária.
UCI_Dataset;11/09/04 04:00;0;NORMAL;;Sem ação necessária.
UCI_Dataset;11/09/04 05:00;0;NORMAL;;Sem ação necessária.
UCI_Dataset;11/09/04 06:00;0;NORMAL;;Sem ação necessária.
UCI_Dataset;11/09/04 07:00;0;NORMAL;;Sem ação necessária.
UCI_Dataset;11/09/04 08:00;0;NORMAL;;Sem ação necessária.
UCI_Dataset;11/09/04 09:00;0;NORMAL;;Sem ação necessária.
UCI_Dataset;11/09/04 10:00;0;NORMAL;;Sem ação necessária.
UCI_Dataset;11/09/04 11:00;0;NORMAL;;Sem ação necessária.
UCI_Dataset;11/09/04 12:00;0;NORMAL;;Sem ação necessária.
UCI_Dataset;11/09/04 13:00;0;NORMAL;;Sem ação necessária.
UCI_Dataset;11/09/04 14:00;0;NORMAL;;Sem ação necessária.
UCI_Dataset;11/09/04 15:00;0;NORMAL;;Sem ação necessária.
UCI_Dataset;11/09/04 16:00;1;ALTO;R09_RISCO_INCENDIO;Risco máximo incendio florestal. Proibir queimadas. Vigilancia reforcada.
UCI_Dataset;11/09/04 17:00;0;NORMAL;;Sem ação necessária.
UCI_Dataset;11/09/04 18:00;0;NORMAL;;Sem ação necessária.
UCI_Dataset;11/09/04 19:00;0;NORMAL;;Sem ação necessária.
UCI_Dataset;11/09/04 20:00;0;NORMAL;;Sem ação necessária.
UCI_Dataset;11/09/04 21:00;0;NORMAL;;Sem ação necessária.
UCI_Dataset;11/09/04 22:00;0;NORMAL;;Sem ação necessária.
UCI_Dataset;11/09/04 23:00;0;NORMAL;;Sem ação necessária.
UCI_Dataset;12/09/04 00:00;0;NORMAL;;Sem ação necessária.
UCI_Dataset;12/09/04 01:00;0;NORMAL;;Sem ação necessária.
UCI_Dataset;12/09/04 02:00;0;NORMAL;;Sem ação necessária.
UCI_Dataset;12/09/04 03:00;0;NORMAL;;Sem ação necessária.
UCI_Dataset;12/09/04 04:00;0;NORMAL;;Sem ação necessária.
UCI_Dataset;12/09/04 05:00;0;NORMAL;;Sem ação necessária.
UCI_Dataset;12/09/04 06:00;0;NORMAL;;Sem ação necessária.
UCI_Dataset;12/09/04 07:00;0;NORMAL;;Sem ação necessária.
UCI_Dataset;12/09/04 08:00;0;NORMAL;;Sem ação necessária.
UCI_Dataset;12/09/04 09:00;0;NORMAL;;Sem ação necessária.
UCI_Dataset;12/09/04 10:00;0;NORMAL;;Sem ação necessária.
UCI_Dataset;12/09/04 11:00;0;NORMAL;;Sem ação necessária.
UCI_Dataset;12/09/04 12:00;0;NORMAL;;Sem ação necessária.
UCI_Dataset;12/09/04 13:00;0;NORMAL;;Sem ação necessária.
UCI_Dataset;12/09/04 14:00;0;NORMAL;;Sem ação necessária.
UCI_Dataset;12/09/04 15:00;0;NORMAL;;Sem ação necessária.
UCI_Dataset;12/09/04 16:00;0;NORMAL;;Sem ação necessária.
UCI_Dataset;12/09/04 17:00;0;NORMAL;;Sem ação necessária.
UCI_Dataset;12/09/04 18:00;0;NORMAL;;Sem ação necessária.
UCI_Dataset;12/09/04 19:00;0;NORMAL;;Sem ação necessária.
UCI_Dataset;12/09/04 20:00;0;NORMAL;;Sem ação necessária.
UCI_Dataset;12/09/04 21:00;0;NORMAL;;Sem ação necessária.
UCI_Dataset;12/09/04 22:00;0;NORMAL;;Sem ação necessária.
UCI_Dataset;12/09/04 23:00;0;NORMAL;;Sem ação necessária.
UCI_Dataset;13/09/04 00:00;0;NORMAL;;Sem ação necessária.
UCI_Dataset;13/09/04 01:00;0;NORMAL;;Sem ação necessária.
UCI_Dataset;13/09/04 02:00;0;NORMAL;;Sem ação necessária.
UCI_Dataset;13/09/04 03:00;0;NORMAL;;Sem ação necessária.
UCI_Dataset;13/09/04 04:00;0;NORMAL;;Sem ação necessária.
UCI_Dataset;13/09/04 05:00;0;NORMAL;;Sem ação necessária.
UCI_Dataset;13/09/04 06:00;0;NORMAL;;Sem ação necessária.
UCI_Dataset;13/09/04 07:00;0;NORMAL;;Sem ação necessária.
UCI_Dataset;13/09/04 08:00;0;NORMAL;;Sem ação necessária.
UCI_Dataset;13/09/04 09:00;0;NORMAL;;Sem ação necessária.
UCI_Dataset;13/09/04 10:00;1;MODERADO;R02_NO2_MODERADO;Monitorizar evolucão. Sensiveis reduzam atividade ao ar livre.
UCI_Dataset;13/09/04 11:00;1;MODERADO;R02_NO2_MODERADO;Monitorizar evolucão. Sensiveis reduzam atividade ao ar livre.
UCI_Dataset;13/09/04 12:00;1;MODERADO;R02_NO2_MODERADO;Monitorizar evolucão. Sensiveis reduzam atividade ao ar livre.
UCI_Dataset;13/09/04 13:00;1;MODERADO;R02_NO2_MODERADO;Monitorizar evolucão. Sensiveis reduzam atividade ao ar livre.
UCI_Dataset;13/09/04 14:00;1;MODERADO;R02_NO2_MODERADO;Monitorizar evolucão. Sensiveis reduzam atividade ao ar livre.
UCI_Dataset;13/09/04 15:00;1;ALTO;R01_NO2_ALTO;Limitar trafego automovel. Grupos sensiveis evitem exposição prolongada.
UCI_Dataset;13/09/04 16:00;2;ALTO;R09_RISCO_INCENDIO, R02_NO2_MODERADO;Risco máximo incendio florestal. Proibir queimadas. Vigilancia reforcada.
UCI_Dataset;13/09/04 17:00;1;MODERADO;R02_NO2_MODERADO;Monitorizar evolucão. Sensiveis reduzam atividade ao ar livre.
UCI_Dataset;13/09/04 18:00;0;NORMAL;;Sem ação necessária.
UCI_Dataset;13/09/04 19:00;1;MODERADO;R02_NO2_MODERADO;Monitorizar evolucão. Sensiveis reduzam atividade ao ar livre.
UCI_Dataset;13/09/04 20:00;1;MODERADO;R02_NO2_MODERADO;Monitorizar evolucão. Sensiveis reduzam atividade ao ar livre.
UCI_Dataset;13/09/04 21:00;1;MODERADO;R02_NO2_MODERADO;Monitorizar evolucão. Sensiveis reduzam atividade ao ar livre.
UCI_Dataset;13/09/04 22:00;1;MODERADO;R02_NO2_MODERADO;Monitorizar evolucão. Sensiveis reduzam atividade ao ar livre.
UCI_Dataset;13/09/04 23:00;0;NORMAL;;Sem ação necessária.
UCI_Dataset;14/09/04 00:00;0;NORMAL;;Sem ação necessária.
UCI_Dataset;14/09/04 01:00;0;NORMAL;;Sem ação necessária.
UCI_Dataset;14/09/04 02:00;0;NORMAL;;Sem ação necessária.
UCI_Dataset;14/09/04 03:00;0;NORMAL;;Sem ação necessária.
UCI_Dataset;14/09/04 04:00;0;NORMAL;;Sem ação necessária.
UCI_Dataset;14/09/04 05:00;0;NORMAL;;Sem ação necessária.
UCI_Dataset;14/09/04 06:00;0;NORMAL;;Sem ação necessária.
UCI_Dataset;14/09/04 07:00;0;NORMAL;;Sem ação necessária.
UCI_Dataset;14/09/04 08:00;0;NORMAL;;Sem ação necessária.
UCI_Dataset;14/09/04 09:00;0;NORMAL;;Sem ação necessária.
UCI_Dataset;14/09/04 10:00;0;NORMAL;;Sem ação necessária.
UCI_Dataset;14/09/04 11:00;0;NORMAL;;Sem ação necessária.
UCI_Dataset;14/09/04 12:00;0;NORMAL;;Sem ação necessária.
UCI_Dataset;14/09/04 13:00;0;NORMAL;;Sem ação necessária.
UCI_Dataset;14/09/04 14:00;0;NORMAL;;Sem ação necessária.
UCI_Dataset;14/09/04 15:00;0;NORMAL;;Sem ação necessária.
UCI_Dataset;14/09/04 16:00;0;NORMAL;;Sem ação necessária.
UCI_Dataset;14/09/04 17:00;0;NORMAL;;Sem ação necessária.
UCI_Dataset;14/09/04 18:00;0;NORMAL;;Sem ação necessária.
UCI_Dataset;14/09/04 19:00;0;NORMAL;;Sem ação necessária.
UCI_Dataset;14/09/04 20:00;0;NORMAL;;Sem ação necessária.
UCI_Dataset;14/09/04 21:00;0;NORMAL;;Sem ação necessária.
UCI_Dataset;14/09/04 22:00;0;NORMAL;;Sem ação necessária.
UCI_Dataset;14/09/04 23:00;0;NORMAL;;Sem ação necessária.
UCI_Dataset;15/09/04 00:00;0;NORMAL;;Sem ação necessária.
UCI_Dataset;15/09/04 01:00;0;NORMAL;;Sem ação necessária.
UCI_Dataset;15/09/04 02:00;0;NORMAL;;Sem ação necessária.
UCI_Dataset;15/09/04 03:00;0;NORMAL;;Sem ação necessária.
UCI_Dataset;15/09/04 04:00;0;NORMAL;;Sem ação necessária.
UCI_Dataset;15/09/04 05:00;0;NORMAL;;Sem ação necessária.
UCI_Dataset;15/09/04 06:00;0;NORMAL;;Sem ação necessária.
UCI_Dataset;15/09/04 07:00;0;NORMAL;;Sem ação necessária.
UCI_Dataset;15/09/04 08:00;0;NORMAL;;Sem ação necessária.
UCI_Dataset;15/09/04 09:00;0;NORMAL;;Sem ação necessária.
UCI_Dataset;15/09/04 10:00;0;NORMAL;;Sem ação necessária.
UCI_Dataset;15/09/04 11:00;0;NORMAL;;Sem ação necessária.
UCI_Dataset;15/09/04 12:00;0;NORMAL;;Sem ação necessária.
UCI_Dataset;15/09/04 13:00;0;NORMAL;;Sem ação necessária.
UCI_Dataset;15/09/04 14:00;0;NORMAL;;Sem ação necessária.
UCI_Dataset;15/09/04 15:00;0;NORMAL;;Sem ação necessária.
UCI_Dataset;15/09/04 16:00;0;NORMAL;;Sem ação necessária.
UCI_Dataset;15/09/04 17:00;1;MODERADO;R02_NO2_MODERADO;Monitorizar evolucão. Sensiveis reduzam atividade ao ar livre.
UCI_Dataset;15/09/04 18:00;1;MODERADO;R02_NO2_MODERADO;Monitorizar evolucão. Sensiveis reduzam atividade ao ar livre.
UCI_Dataset;15/09/04 19:00;1;MODERADO;R02_NO2_MODERADO;Monitorizar evolucão. Sensiveis reduzam atividade ao ar livre.
UCI_Dataset;15/09/04 20:00;1;MODERADO;R02_NO2_MODERADO;Monitorizar evolucão. Sensiveis reduzam atividade ao ar livre.
UCI_Dataset;15/09/04 21:00;0;NORMAL;;Sem ação necessária.
UCI_Dataset;15/09/04 22:00;0;NORMAL;;Sem ação necessária.
UCI_Dataset;15/09/04 23:00;0;NORMAL;;Sem ação necessária.
UCI_Dataset;16/09/04 00:00;1;MODERADO;R02_NO2_MODERADO;Monitorizar evolucão. Sensiveis reduzam atividade ao ar livre.
UCI_Dataset;16/09/04 01:00;0;NORMAL;;Sem ação necessária.
UCI_Dataset;16/09/04 02:00;0;NORMAL;;Sem ação necessária.
UCI_Dataset;16/09/04 03:00;0;NORMAL;;Sem ação necessária.
UCI_Dataset;16/09/04 04:00;0;NORMAL;;Sem ação necessária.
UCI_Dataset;16/09/04 05:00;0;NORMAL;;Sem ação necessária.
UCI_Dataset;16/09/04 06:00;0;NORMAL;;Sem ação necessária.
UCI_Dataset;16/09/04 07:00;0;NORMAL;;Sem ação necessária.
UCI_Dataset;16/09/04 08:00;0;NORMAL;;Sem ação necessária.
UCI_Dataset;16/09/04 09:00;0;NORMAL;;Sem ação necessária.
UCI_Dataset;16/09/04 10:00;0;NORMAL;;Sem ação necessária.
UCI_Dataset;16/09/04 11:00;0;NORMAL;;Sem ação necessária.
UCI_Dataset;16/09/04 12:00;0;NORMAL;;Sem ação necessária.
UCI_Dataset;16/09/04 13:00;1;MODERADO;R02_NO2_MODERADO;Monitorizar evolucão. Sensiveis reduzam atividade ao ar livre.
UCI_Dataset;16/09/04 14:00;1;MODERADO;R02_NO2_MODERADO;Monitorizar evolucão. Sensiveis reduzam atividade ao ar livre.
UCI_Dataset;16/09/04 15:00;1;MODERADO;R02_NO2_MODERADO;Monitorizar evolucão. Sensiveis reduzam atividade ao ar livre.
UCI_Dataset;16/09/04 16:00;1;MODERADO;R02_NO2_MODERADO;Monitorizar evolucão. Sensiveis reduzam atividade ao ar livre.
UCI_Dataset;16/09/04 17:00;1;MODERADO;R02_NO2_MODERADO;Monitorizar evolucão. Sensiveis reduzam atividade ao ar livre.
UCI_Dataset;16/09/04 18:00;1;MODERADO;R02_NO2_MODERADO;Monitorizar evolucão. Sensiveis reduzam atividade ao ar livre.
UCI_Dataset;16/09/04 19:00;1;MODERADO;R02_NO2_MODERADO;Monitorizar evolucão. Sensiveis reduzam atividade ao ar livre.
UCI_Dataset;16/09/04 20:00;1;MODERADO;R02_NO2_MODERADO;Monitorizar evolucão. Sensiveis reduzam atividade ao ar livre.
UCI_Dataset;16/09/04 21:00;0;NORMAL;;Sem ação necessária.
UCI_Dataset;16/09/04 22:00;0;NORMAL;;Sem ação necessária.
UCI_Dataset;16/09/04 23:00;0;NORMAL;;Sem ação necessária.
UCI_Dataset;17/09/04 00:00;1;MODERADO;R02_NO2_MODERADO;Monitorizar evolucão. Sensiveis reduzam atividade ao ar livre.
UCI_Dataset;17/09/04 01:00;0;NORMAL;;Sem ação necessária.
UCI_Dataset;17/09/04 02:00;0;NORMAL;;Sem ação necessária.
UCI_Dataset;17/09/04 03:00;0;NORMAL;;Sem ação necessária.
UCI_Dataset;17/09/04 04:00;0;NORMAL;;Sem ação necessária.
UCI_Dataset;17/09/04 05:00;0;NORMAL;;Sem ação necessária.
UCI_Dataset;17/09/04 06:00;0;NORMAL;;Sem ação necessária.
UCI_Dataset;17/09/04 07:00;0;NORMAL;;Sem ação necessária.
UCI_Dataset;17/09/04 08:00;0;NORMAL;;Sem ação necessária.
UCI_Dataset;17/09/04 09:00;0;NORMAL;;Sem ação necessária.
UCI_Dataset;17/09/04 10:00;0;NORMAL;;Sem ação necessária.
UCI_Dataset;17/09/04 11:00;1;MODERADO;R02_NO2_MODERADO;Monitorizar evolucão. Sensiveis reduzam atividade ao ar livre.
UCI_Dataset;17/09/04 12:00;0;NORMAL;;Sem ação necessária.
UCI_Dataset;17/09/04 13:00;0;NORMAL;;Sem ação necessária.
UCI_Dataset;17/09/04 14:00;0;NORMAL;;Sem ação necessária.
UCI_Dataset;17/09/04 15:00;0;NORMAL;;Sem ação necessária.
UCI_Dataset;17/09/04 16:00;1;MODERADO;R02_NO2_MODERADO;Monitorizar evolucão. Sensiveis reduzam atividade ao ar livre.
UCI_Dataset;17/09/04 17:00;1;MODERADO;R02_NO2_MODERADO;Monitorizar evolucão. Sensiveis reduzam atividade ao ar livre.
UCI_Dataset;17/09/04 18:00;1;MODERADO;R02_NO2_MODERADO;Monitorizar evolucão. Sensiveis reduzam atividade ao ar livre.
UCI_Dataset;17/09/04 19:00;1;MODERADO;R02_NO2_MODERADO;Monitorizar evolucão. Sensiveis reduzam atividade ao ar livre.
UCI_Dataset;17/09/04 20:00;1;MODERADO;R02_NO2_MODERADO;Monitorizar evolucão. Sensiveis reduzam atividade ao ar livre.
UCI_Dataset;17/09/04 21:00;1;MODERADO;R02_NO2_MODERADO;Monitorizar evolucão. Sensiveis reduzam atividade ao ar livre.
UCI_Dataset;17/09/04 22:00;0;NORMAL;;Sem ação necessária.
UCI_Dataset;17/09/04 23:00;0;NORMAL;;Sem ação necessária.
UCI_Dataset;18/09/04 00:00;0;NORMAL;;Sem ação necessária.
UCI_Dataset;18/09/04 01:00;0;NORMAL;;Sem ação necessária.
UCI_Dataset;18/09/04 02:00;0;NORMAL;;Sem ação necessária.
UCI_Dataset;18/09/04 03:00;0;NORMAL;;Sem ação necessária.
UCI_Dataset;18/09/04 04:00;0;NORMAL;;Sem ação necessária.
UCI_Dataset;18/09/04 05:00;0;NORMAL;;Sem ação necessária.
UCI_Dataset;18/09/04 06:00;0;NORMAL;;Sem ação necessária.
UCI_Dataset;18/09/04 07:00;0;NORMAL;;Sem ação necessária.
UCI_Dataset;18/09/04 08:00;0;NORMAL;;Sem ação necessária.
UCI_Dataset;18/09/04 09:00;0;NORMAL;;Sem ação necessária.
UCI_Dataset;18/09/04 10:00;0;NORMAL;;Sem ação necessária.
UCI_Dataset;18/09/04 11:00;0;NORMAL;;Sem ação necessária.
UCI_Dataset;18/09/04 12:00;0;NORMAL;;Sem ação necessária.
UCI_Dataset;18/09/04 13:00;0;NORMAL;;Sem ação necessária.
UCI_Dataset;18/09/04 14:00;0;NORMAL;;Sem ação necessária.
UCI_Dataset;18/09/04 15:00;0;NORMAL;;Sem ação necessária.
UCI_Dataset;18/09/04 16:00;0;NORMAL;;Sem ação necessária.
UCI_Dataset;18/09/04 17:00;1;MODERADO;R02_NO2_MODERADO;Monitorizar evolucão. Sensiveis reduzam atividade ao ar livre.
UCI_Dataset;18/09/04 18:00;1;MODERADO;R02_NO2_MODERADO;Monitorizar evolucão. Sensiveis reduzam atividade ao ar livre.
UCI_Dataset;18/09/04 19:00;1;MODERADO;R02_NO2_MODERADO;Monitorizar evolucão. Sensiveis reduzam atividade ao ar livre.
UCI_Dataset;18/09/04 20:00;1;MODERADO;R02_NO2_MODERADO;Monitorizar evolucão. Sensiveis reduzam atividade ao ar livre.
UCI_Dataset;18/09/04 21:00;1;MODERADO;R02_NO2_MODERADO;Monitorizar evolucão. Sensiveis reduzam atividade ao ar livre.
UCI_Dataset;18/09/04 22:00;1;MODERADO;R02_NO2_MODERADO;Monitorizar evolucão. Sensiveis reduzam atividade ao ar livre.
UCI_Dataset;18/09/04 23:00;1;MODERADO;R02_NO2_MODERADO;Monitorizar evolucão. Sensiveis reduzam atividade ao ar livre.
UCI_Dataset;19/09/04 00:00;1;MODERADO;R02_NO2_MODERADO;Monitorizar evolucão. Sensiveis reduzam atividade ao ar livre.
UCI_Dataset;19/09/04 01:00;0;NORMAL;;Sem ação necessária.
UCI_Dataset;19/09/04 02:00;0;NORMAL;;Sem ação necessária.
UCI_Dataset;19/09/04 03:00;0;NORMAL;;Sem ação necessária.
UCI_Dataset;19/09/04 04:00;0;NORMAL;;Sem ação necessária.
UCI_Dataset;19/09/04 05:00;0;NORMAL;;Sem ação necessária.
UCI_Dataset;19/09/04 06:00;0;NORMAL;;Sem ação necessária.
UCI_Dataset;19/09/04 07:00;0;NORMAL;;Sem ação necessária.
UCI_Dataset;19/09/04 08:00;0;NORMAL;;Sem ação necessária.
UCI_Dataset;19/09/04 09:00;0;NORMAL;;Sem ação necessária.
UCI_Dataset;19/09/04 10:00;1;MODERADO;R02_NO2_MODERADO;Monitorizar evolucão. Sensiveis reduzam atividade ao ar livre.
UCI_Dataset;19/09/04 11:00;1;MODERADO;R02_NO2_MODERADO;Monitorizar evolucão. Sensiveis reduzam atividade ao ar livre.
UCI_Dataset;19/09/04 12:00;1;MODERADO;R02_NO2_MODERADO;Monitorizar evolucão. Sensiveis reduzam atividade ao ar livre.
UCI_Dataset;19/09/04 13:00;1;MODERADO;R02_NO2_MODERADO;Monitorizar evolucão. Sensiveis reduzam atividade ao ar livre.
UCI_Dataset;19/09/04 14:00;0;NORMAL;;Sem ação necessária.
UCI_Dataset;19/09/04 15:00;0;NORMAL;;Sem ação necessária.
UCI_Dataset;19/09/04 16:00;1;MODERADO;R02_NO2_MODERADO;Monitorizar evolucão. Sensiveis reduzam atividade ao ar livre.
UCI_Dataset;19/09/04 17:00;1;MODERADO;R02_NO2_MODERADO;Monitorizar evolucão. Sensiveis reduzam atividade ao ar livre.
UCI_Dataset;19/09/04 18:00;1;MODERADO;R02_NO2_MODERADO;Monitorizar evolucão. Sensiveis reduzam atividade ao ar livre.
UCI_Dataset;19/09/04 19:00;1;MODERADO;R02_NO2_MODERADO;Monitorizar evolucão. Sensiveis reduzam atividade ao ar livre.
UCI_Dataset;19/09/04 20:00;1;MODERADO;R02_NO2_MODERADO;Monitorizar evolucão. Sensiveis reduzam atividade ao ar livre.
UCI_Dataset;19/09/04 21:00;1;MODERADO;R02_NO2_MODERADO;Monitorizar evolucão. Sensiveis reduzam atividade ao ar livre.
UCI_Dataset;19/09/04 22:00;0;NORMAL;;Sem ação necessária.
UCI_Dataset;19/09/04 23:00;1;MODERADO;R02_NO2_MODERADO;Monitorizar evolucão. Sensiveis reduzam atividade ao ar livre.
UCI_Dataset;20/09/04 00:00;0;NORMAL;;Sem ação necessária.
UCI_Dataset;20/09/04 01:00;0;NORMAL;;Sem ação necessária.
UCI_Dataset;20/09/04 02:00;0;NORMAL;;Sem ação necessária.
UCI_Dataset;20/09/04 03:00;0;NORMAL;;Sem ação necessária.
UCI_Dataset;20/09/04 04:00;0;NORMAL;;Sem ação necessária.
UCI_Dataset;20/09/04 05:00;0;NORMAL;;Sem ação necessária.
UCI_Dataset;20/09/04 06:00;0;NORMAL;;Sem ação necessária.
UCI_Dataset;20/09/04 07:00;0;NORMAL;;Sem ação necessária.
UCI_Dataset;20/09/04 08:00;0;NORMAL;;Sem ação necessária.
UCI_Dataset;20/09/04 09:00;1;MODERADO;R02_NO2_MODERADO;Monitorizar evolucão. Sensiveis reduzam atividade ao ar livre.
UCI_Dataset;20/09/04 10:00;1;MODERADO;R02_NO2_MODERADO;Monitorizar evolucão. Sensiveis reduzam atividade ao ar livre.
UCI_Dataset;20/09/04 11:00;1;MODERADO;R02_NO2_MODERADO;Monitorizar evolucão. Sensiveis reduzam atividade ao ar livre.
UCI_Dataset;20/09/04 12:00;1;MODERADO;R02_NO2_MODERADO;Monitorizar evolucão. Sensiveis reduzam atividade ao ar livre.
UCI_Dataset;20/09/04 13:00;1;MODERADO;R02_NO2_MODERADO;Monitorizar evolucão. Sensiveis reduzam atividade ao ar livre.
UCI_Dataset;20/09/04 14:00;1;MODERADO;R02_NO2_MODERADO;Monitorizar evolucão. Sensiveis reduzam atividade ao ar livre.
UCI_Dataset;20/09/04 15:00;1;MODERADO;R02_NO2_MODERADO;Monitorizar evolucão. Sensiveis reduzam atividade ao ar livre.
UCI_Dataset;20/09/04 16:00;1;MODERADO;R02_NO2_MODERADO;Monitorizar evolucão. Sensiveis reduzam atividade ao ar livre.
UCI_Dataset;20/09/04 17:00;1;MODERADO;R02_NO2_MODERADO;Monitorizar evolucão. Sensiveis reduzam atividade ao ar livre.
UCI_Dataset;20/09/04 18:00;1;ALTO;R01_NO2_ALTO;Limitar trafego automovel. Grupos sensiveis evitem exposição prolongada.
UCI_Dataset;20/09/04 19:00;1;ALTO;R01_NO2_ALTO;Limitar trafego automovel. Grupos sensiveis evitem exposição prolongada.
UCI_Dataset;20/09/04 20:00;1;MODERADO;R02_NO2_MODERADO;Monitorizar evolucão. Sensiveis reduzam atividade ao ar livre.
UCI_Dataset;20/09/04 21:00;1;MODERADO;R02_NO2_MODERADO;Monitorizar evolucão. Sensiveis reduzam atividade ao ar livre.
UCI_Dataset;20/09/04 22:00;1;MODERADO;R02_NO2_MODERADO;Monitorizar evolucão. Sensiveis reduzam atividade ao ar livre.
UCI_Dataset;20/09/04 23:00;0;NORMAL;;Sem ação necessária.
UCI_Dataset;21/09/04 00:00;0;NORMAL;;Sem ação necessária.
UCI_Dataset;21/09/04 01:00;0;NORMAL;;Sem ação necessária.
UCI_Dataset;21/09/04 02:00;0;NORMAL;;Sem ação necessária.
UCI_Dataset;21/09/04 03:00;0;NORMAL;;Sem ação necessária.
UCI_Dataset;21/09/04 04:00;0;NORMAL;;Sem ação necessária.
UCI_Dataset;21/09/04 05:00;0;NORMAL;;Sem ação necessária.
UCI_Dataset;21/09/04 06:00;0;NORMAL;;Sem ação necessária.
UCI_Dataset;21/09/04 07:00;1;MODERADO;R02_NO2_MODERADO;Monitorizar evolucão. Sensiveis reduzam atividade ao ar livre.
UCI_Dataset;21/09/04 08:00;1;MODERADO;R02_NO2_MODERADO;Monitorizar evolucão. Sensiveis reduzam atividade ao ar livre.
UCI_Dataset;21/09/04 09:00;1;MODERADO;R02_NO2_MODERADO;Monitorizar evolucão. Sensiveis reduzam atividade ao ar livre.
UCI_Dataset;21/09/04 10:00;1;MODERADO;R02_NO2_MODERADO;Monitorizar evolucão. Sensiveis reduzam atividade ao ar livre.
UCI_Dataset;21/09/04 11:00;1;MODERADO;R02_NO2_MODERADO;Monitorizar evolucão. Sensiveis reduzam atividade ao ar livre.
UCI_Dataset;21/09/04 12:00;1;MODERADO;R02_NO2_MODERADO;Monitorizar evolucão. Sensiveis reduzam atividade ao ar livre.
UCI_Dataset;21/09/04 13:00;1;MODERADO;R02_NO2_MODERADO;Monitorizar evolucão. Sensiveis reduzam atividade ao ar livre.
UCI_Dataset;21/09/04 14:00;1;MODERADO;R02_NO2_MODERADO;Monitorizar evolucão. Sensiveis reduzam atividade ao ar livre.
UCI_Dataset;21/09/04 15:00;1;MODERADO;R02_NO2_MODERADO;Monitorizar evolucão. Sensiveis reduzam atividade ao ar livre.
UCI_Dataset;21/09/04 16:00;1;MODERADO;R02_NO2_MODERADO;Monitorizar evolucão. Sensiveis reduzam atividade ao ar livre.
UCI_Dataset;21/09/04 17:00;1;ALTO;R01_NO2_ALTO;Limitar trafego automovel. Grupos sensiveis evitem exposição prolongada.
UCI_Dataset;21/09/04 18:00;1;ALTO;R01_NO2_ALTO;Limitar trafego automovel. Grupos sensiveis evitem exposição prolongada.
UCI_Dataset;21/09/04 19:00;1;ALTO;R01_NO2_ALTO;Limitar trafego automovel. Grupos sensiveis evitem exposição prolongada.
UCI_Dataset;21/09/04 20:00;1;MODERADO;R02_NO2_MODERADO;Monitorizar evolucão. Sensiveis reduzam atividade ao ar livre.
UCI_Dataset;21/09/04 21:00;1;MODERADO;R02_NO2_MODERADO;Monitorizar evolucão. Sensiveis reduzam atividade ao ar livre.
UCI_Dataset;21/09/04 22:00;0;NORMAL;;Sem ação necessária.
UCI_Dataset;21/09/04 23:00;0;NORMAL;;Sem ação necessária.
UCI_Dataset;22/09/04 00:00;0;NORMAL;;Sem ação necessária.
UCI_Dataset;22/09/04 01:00;0;NORMAL;;Sem ação necessária.
UCI_Dataset;22/09/04 02:00;0;NORMAL;;Sem ação necessária.
UCI_Dataset;22/09/04 03:00;0;NORMAL;;Sem ação necessária.
UCI_Dataset;22/09/04 04:00;0;NORMAL;;Sem ação necessária.
UCI_Dataset;22/09/04 05:00;0;NORMAL;;Sem ação necessária.
UCI_Dataset;22/09/04 06:00;0;NORMAL;;Sem ação necessária.
UCI_Dataset;22/09/04 07:00;1;MODERADO;R02_NO2_MODERADO;Monitorizar evolucão. Sensiveis reduzam atividade ao ar livre.
UCI_Dataset;22/09/04 08:00;1;MODERADO;R02_NO2_MODERADO;Monitorizar evolucão. Sensiveis reduzam atividade ao ar livre.
UCI_Dataset;22/09/04 09:00;1;MODERADO;R02_NO2_MODERADO;Monitorizar evolucão. Sensiveis reduzam atividade ao ar livre.
UCI_Dataset;22/09/04 10:00;1;MODERADO;R02_NO2_MODERADO;Monitorizar evolucão. Sensiveis reduzam atividade ao ar livre.
UCI_Dataset;22/09/04 11:00;1;MODERADO;R02_NO2_MODERADO;Monitorizar evolucão. Sensiveis reduzam atividade ao ar livre.
UCI_Dataset;22/09/04 12:00;1;MODERADO;R02_NO2_MODERADO;Monitorizar evolucão. Sensiveis reduzam atividade ao ar livre.
UCI_Dataset;22/09/04 13:00;1;MODERADO;R02_NO2_MODERADO;Monitorizar evolucão. Sensiveis reduzam atividade ao ar livre.
UCI_Dataset;22/09/04 14:00;1;MODERADO;R02_NO2_MODERADO;Monitorizar evolucão. Sensiveis reduzam atividade ao ar livre.
UCI_Dataset;22/09/04 15:00;1;MODERADO;R02_NO2_MODERADO;Monitorizar evolucão. Sensiveis reduzam atividade ao ar livre.
UCI_Dataset;22/09/04 16:00;1;MODERADO;R02_NO2_MODERADO;Monitorizar evolucão. Sensiveis reduzam atividade ao ar livre.
UCI_Dataset;22/09/04 17:00;1;ALTO;R01_NO2_ALTO;Limitar trafego automovel. Grupos sensiveis evitem exposição prolongada.
UCI_Dataset;22/09/04 18:00;1;ALTO;R01_NO2_ALTO;Limitar trafego automovel. Grupos sensiveis evitem exposição prolongada.
UCI_Dataset;22/09/04 19:00;1;MODERADO;R02_NO2_MODERADO;Monitorizar evolucão. Sensiveis reduzam atividade ao ar livre.
UCI_Dataset;22/09/04 20:00;1;MODERADO;R02_NO2_MODERADO;Monitorizar evolucão. Sensiveis reduzam atividade ao ar livre.
UCI_Dataset;22/09/04 21:00;1;MODERADO;R02_NO2_MODERADO;Monitorizar evolucão. Sensiveis reduzam atividade ao ar livre.
UCI_Dataset;22/09/04 22:00;0;NORMAL;;Sem ação necessária.
UCI_Dataset;22/09/04 23:00;0;NORMAL;;Sem ação necessária.
UCI_Dataset;23/09/04 00:00;0;NORMAL;;Sem ação necessária.
UCI_Dataset;23/09/04 01:00;0;NORMAL;;Sem ação necessária.
UCI_Dataset;23/09/04 02:00;0;NORMAL;;Sem ação necessária.
UCI_Dataset;23/09/04 03:00;0;NORMAL;;Sem ação necessária.
UCI_Dataset;23/09/04 04:00;0;NORMAL;;Sem ação necessária.
UCI_Dataset;23/09/04 05:00;0;NORMAL;;Sem ação necessária.
UCI_Dataset;23/09/04 06:00;0;NORMAL;;Sem ação necessária.
UCI_Dataset;23/09/04 07:00;1;MODERADO;R02_NO2_MODERADO;Monitorizar evolucão. Sensiveis reduzam atividade ao ar livre.
UCI_Dataset;23/09/04 08:00;1;MODERADO;R02_NO2_MODERADO;Monitorizar evolucão. Sensiveis reduzam atividade ao ar livre.
UCI_Dataset;23/09/04 09:00;1;MODERADO;R02_NO2_MODERADO;Monitorizar evolucão. Sensiveis reduzam atividade ao ar livre.
UCI_Dataset;23/09/04 10:00;1;MODERADO;R02_NO2_MODERADO;Monitorizar evolucão. Sensiveis reduzam atividade ao ar livre.
UCI_Dataset;23/09/04 11:00;1;MODERADO;R02_NO2_MODERADO;Monitorizar evolucão. Sensiveis reduzam atividade ao ar livre.
UCI_Dataset;23/09/04 12:00;1;MODERADO;R02_NO2_MODERADO;Monitorizar evolucão. Sensiveis reduzam atividade ao ar livre.
UCI_Dataset;23/09/04 13:00;1;MODERADO;R02_NO2_MODERADO;Monitorizar evolucão. Sensiveis reduzam atividade ao ar livre.
UCI_Dataset;23/09/04 14:00;1;MODERADO;R02_NO2_MODERADO;Monitorizar evolucão. Sensiveis reduzam atividade ao ar livre.
UCI_Dataset;23/09/04 15:00;1;MODERADO;R02_NO2_MODERADO;Monitorizar evolucão. Sensiveis reduzam atividade ao ar livre.
UCI_Dataset;23/09/04 16:00;1;MODERADO;R02_NO2_MODERADO;Monitorizar evolucão. Sensiveis reduzam atividade ao ar livre.
UCI_Dataset;23/09/04 17:00;1;MODERADO;R02_NO2_MODERADO;Monitorizar evolucão. Sensiveis reduzam atividade ao ar livre.
UCI_Dataset;23/09/04 18:00;1;MODERADO;R02_NO2_MODERADO;Monitorizar evolucão. Sensiveis reduzam atividade ao ar livre.
UCI_Dataset;23/09/04 19:00;1;MODERADO;R02_NO2_MODERADO;Monitorizar evolucão. Sensiveis reduzam atividade ao ar livre.
UCI_Dataset;23/09/04 20:00;1;MODERADO;R02_NO2_MODERADO;Monitorizar evolucão. Sensiveis reduzam atividade ao ar livre.
UCI_Dataset;23/09/04 21:00;1;MODERADO;R02_NO2_MODERADO;Monitorizar evolucão. Sensiveis reduzam atividade ao ar livre.
UCI_Dataset;23/09/04 22:00;1;MODERADO;R02_NO2_MODERADO;Monitorizar evolucão. Sensiveis reduzam atividade ao ar livre.
UCI_Dataset;23/09/04 23:00;0;NORMAL;;Sem ação necessária.
UCI_Dataset;24/09/04 00:00;0;NORMAL;;Sem ação necessária.
UCI_Dataset;24/09/04 01:00;0;NORMAL;;Sem ação necessária.
UCI_Dataset;24/09/04 02:00;0;NORMAL;;Sem ação necessária.
UCI_Dataset;24/09/04 03:00;0;NORMAL;;Sem ação necessária.
UCI_Dataset;24/09/04 04:00;0;NORMAL;;Sem ação necessária.
UCI_Dataset;24/09/04 05:00;0;NORMAL;;Sem ação necessária.
UCI_Dataset;24/09/04 06:00;0;NORMAL;;Sem ação necessária.
UCI_Dataset;24/09/04 07:00;1;MODERADO;R02_NO2_MODERADO;Monitorizar evolucão. Sensiveis reduzam atividade ao ar livre.
UCI_Dataset;24/09/04 08:00;1;MODERADO;R02_NO2_MODERADO;Monitorizar evolucão. Sensiveis reduzam atividade ao ar livre.
UCI_Dataset;24/09/04 09:00;1;MODERADO;R02_NO2_MODERADO;Monitorizar evolucão. Sensiveis reduzam atividade ao ar livre.
UCI_Dataset;24/09/04 10:00;1;MODERADO;R02_NO2_MODERADO;Monitorizar evolucão. Sensiveis reduzam atividade ao ar livre.
UCI_Dataset;24/09/04 11:00;1;MODERADO;R02_NO2_MODERADO;Monitorizar evolucão. Sensiveis reduzam atividade ao ar livre.
UCI_Dataset;24/09/04 12:00;1;MODERADO;R02_NO2_MODERADO;Monitorizar evolucão. Sensiveis reduzam atividade ao ar livre.
UCI_Dataset;24/09/04 13:00;1;MODERADO;R02_NO2_MODERADO;Monitorizar evolucão. Sensiveis reduzam atividade ao ar livre.
UCI_Dataset;24/09/04 14:00;1;MODERADO;R02_NO2_MODERADO;Monitorizar evolucão. Sensiveis reduzam atividade ao ar livre.
UCI_Dataset;24/09/04 15:00;1;MODERADO;R02_NO2_MODERADO;Monitorizar evolucão. Sensiveis reduzam atividade ao ar livre.
UCI_Dataset;24/09/04 16:00;0;NORMAL;;Sem ação necessária.
UCI_Dataset;24/09/04 17:00;1;MODERADO;R02_NO2_MODERADO;Monitorizar evolucão. Sensiveis reduzam atividade ao ar livre.
UCI_Dataset;24/09/04 18:00;1;MODERADO;R02_NO2_MODERADO;Monitorizar evolucão. Sensiveis reduzam atividade ao ar livre.
UCI_Dataset;24/09/04 19:00;1;MODERADO;R02_NO2_MODERADO;Monitorizar evolucão. Sensiveis reduzam atividade ao ar livre.
UCI_Dataset;24/09/04 20:00;1;MODERADO;R02_NO2_MODERADO;Monitorizar evolucão. Sensiveis reduzam atividade ao ar livre.
UCI_Dataset;24/09/04 21:00;0;NORMAL;;Sem ação necessária.
UCI_Dataset;24/09/04 22:00;0;NORMAL;;Sem ação necessária.
UCI_Dataset;24/09/04 23:00;0;NORMAL;;Sem ação necessária.
UCI_Dataset;25/09/04 00:00;0;NORMAL;;Sem ação necessária.
UCI_Dataset;25/09/04 01:00;0;NORMAL;;Sem ação necessária.
UCI_Dataset;25/09/04 02:00;0;NORMAL;;Sem ação necessária.
UCI_Dataset;25/09/04 03:00;0;NORMAL;;Sem ação necessária.
UCI_Dataset;25/09/04 04:00;0;NORMAL;;Sem ação necessária.
UCI_Dataset;25/09/04 05:00;0;NORMAL;;Sem ação necessária.
UCI_Dataset;25/09/04 06:00;0;NORMAL;;Sem ação necessária.
UCI_Dataset;25/09/04 07:00;0;NORMAL;;Sem ação necessária.
UCI_Dataset;25/09/04 08:00;0;NORMAL;;Sem ação necessária.
UCI_Dataset;25/09/04 09:00;0;NORMAL;;Sem ação necessária.
UCI_Dataset;25/09/04 10:00;0;NORMAL;;Sem ação necessária.
UCI_Dataset;25/09/04 11:00;0;NORMAL;;Sem ação necessária.
UCI_Dataset;25/09/04 12:00;0;NORMAL;;Sem ação necessária.
UCI_Dataset;25/09/04 13:00;0;NORMAL;;Sem ação necessária.
UCI_Dataset;25/09/04 14:00;0;NORMAL;;Sem ação necessária.
UCI_Dataset;25/09/04 15:00;0;NORMAL;;Sem ação necessária.
UCI_Dataset;25/09/04 16:00;0;NORMAL;;Sem ação necessária.
UCI_Dataset;25/09/04 17:00;0;NORMAL;;Sem ação necessária.
UCI_Dataset;25/09/04 18:00;0;NORMAL;;Sem ação necessária.
UCI_Dataset;25/09/04 19:00;0;NORMAL;;Sem ação necessária.
UCI_Dataset;25/09/04 20:00;0;NORMAL;;Sem ação necessária.
UCI_Dataset;25/09/04 21:00;0;NORMAL;;Sem ação necessária.
UCI_Dataset;25/09/04 22:00;0;NORMAL;;Sem ação necessária.
UCI_Dataset;25/09/04 23:00;0;NORMAL;;Sem ação necessária.
UCI_Dataset;26/09/04 00:00;0;NORMAL;;Sem ação necessária.
UCI_Dataset;26/09/04 01:00;1;MODERADO;R02_NO2_MODERADO;Monitorizar evolucão. Sensiveis reduzam atividade ao ar livre.
UCI_Dataset;26/09/04 02:00;0;NORMAL;;Sem ação necessária.
UCI_Dataset;26/09/04 03:00;0;NORMAL;;Sem ação necessária.
UCI_Dataset;26/09/04 04:00;0;NORMAL;;Sem ação necessária.
UCI_Dataset;26/09/04 05:00;0;NORMAL;;Sem ação necessária.
UCI_Dataset;26/09/04 06:00;0;NORMAL;;Sem ação necessária.
UCI_Dataset;26/09/04 07:00;0;NORMAL;;Sem ação necessária.
UCI_Dataset;26/09/04 08:00;0;NORMAL;;Sem ação necessária.
UCI_Dataset;26/09/04 09:00;0;NORMAL;;Sem ação necessária.
UCI_Dataset;26/09/04 10:00;0;NORMAL;;Sem ação necessária.
UCI_Dataset;26/09/04 11:00;0;NORMAL;;Sem ação necessária.
UCI_Dataset;26/09/04 12:00;0;NORMAL;;Sem ação necessária.
UCI_Dataset;26/09/04 13:00;0;NORMAL;;Sem ação necessária.
UCI_Dataset;26/09/04 14:00;0;NORMAL;;Sem ação necessária.
UCI_Dataset;26/09/04 15:00;0;NORMAL;;Sem ação necessária.
UCI_Dataset;26/09/04 16:00;0;NORMAL;;Sem ação necessária.
UCI_Dataset;26/09/04 17:00;0;NORMAL;;Sem ação necessária.
UCI_Dataset;26/09/04 18:00;0;NORMAL;;Sem ação necessária.
UCI_Dataset;26/09/04 19:00;1;MODERADO;R02_NO2_MODERADO;Monitorizar evolucão. Sensiveis reduzam atividade ao ar livre.
UCI_Dataset;26/09/04 20:00;0;NORMAL;;Sem ação necessária.
UCI_Dataset;26/09/04 21:00;1;MODERADO;R02_NO2_MODERADO;Monitorizar evolucão. Sensiveis reduzam atividade ao ar livre.
UCI_Dataset;26/09/04 22:00;1;MODERADO;R02_NO2_MODERADO;Monitorizar evolucão. Sensiveis reduzam atividade ao ar livre.
UCI_Dataset;26/09/04 23:00;1;MODERADO;R02_NO2_MODERADO;Monitorizar evolucão. Sensiveis reduzam atividade ao ar livre.
UCI_Dataset;27/09/04 00:00;1;MODERADO;R02_NO2_MODERADO;Monitorizar evolucão. Sensiveis reduzam atividade ao ar livre.
UCI_Dataset;27/09/04 01:00;0;NORMAL;;Sem ação necessária.
UCI_Dataset;27/09/04 02:00;0;NORMAL;;Sem ação necessária.
UCI_Dataset;27/09/04 03:00;0;NORMAL;;Sem ação necessária.
UCI_Dataset;27/09/04 04:00;0;NORMAL;;Sem ação necessária.
UCI_Dataset;27/09/04 05:00;0;NORMAL;;Sem ação necessária.
UCI_Dataset;27/09/04 06:00;0;NORMAL;;Sem ação necessária.
UCI_Dataset;27/09/04 07:00;1;MODERADO;R02_NO2_MODERADO;Monitorizar evolucão. Sensiveis reduzam atividade ao ar livre.
UCI_Dataset;27/09/04 08:00;1;MODERADO;R02_NO2_MODERADO;Monitorizar evolucão. Sensiveis reduzam atividade ao ar livre.
UCI_Dataset;27/09/04 09:00;0;NORMAL;;Sem ação necessária.
UCI_Dataset;27/09/04 10:00;1;MODERADO;R02_NO2_MODERADO;Monitorizar evolucão. Sensiveis reduzam atividade ao ar livre.
UCI_Dataset;27/09/04 11:00;1;MODERADO;R02_NO2_MODERADO;Monitorizar evolucão. Sensiveis reduzam atividade ao ar livre.
UCI_Dataset;27/09/04 12:00;0;NORMAL;;Sem ação necessária.
UCI_Dataset;27/09/04 13:00;0;NORMAL;;Sem ação necessária.
UCI_Dataset;27/09/04 14:00;0;NORMAL;;Sem ação necessária.
UCI_Dataset;27/09/04 15:00;1;MODERADO;R02_NO2_MODERADO;Monitorizar evolucão. Sensiveis reduzam atividade ao ar livre.
UCI_Dataset;27/09/04 16:00;1;MODERADO;R02_NO2_MODERADO;Monitorizar evolucão. Sensiveis reduzam atividade ao ar livre.
UCI_Dataset;27/09/04 17:00;1;MODERADO;R02_NO2_MODERADO;Monitorizar evolucão. Sensiveis reduzam atividade ao ar livre.
UCI_Dataset;27/09/04 18:00;1;MODERADO;R02_NO2_MODERADO;Monitorizar evolucão. Sensiveis reduzam atividade ao ar livre.
UCI_Dataset;27/09/04 19:00;1;MODERADO;R02_NO2_MODERADO;Monitorizar evolucão. Sensiveis reduzam atividade ao ar livre.
UCI_Dataset;27/09/04 20:00;1;MODERADO;R02_NO2_MODERADO;Monitorizar evolucão. Sensiveis reduzam atividade ao ar livre.
UCI_Dataset;27/09/04 21:00;1;MODERADO;R02_NO2_MODERADO;Monitorizar evolucão. Sensiveis reduzam atividade ao ar livre.
UCI_Dataset;27/09/04 22:00;1;MODERADO;R02_NO2_MODERADO;Monitorizar evolucão. Sensiveis reduzam atividade ao ar livre.
UCI_Dataset;27/09/04 23:00;0;NORMAL;;Sem ação necessária.
UCI_Dataset;28/09/04 00:00;0;NORMAL;;Sem ação necessária.
UCI_Dataset;28/09/04 01:00;0;NORMAL;;Sem ação necessária.
UCI_Dataset;28/09/04 02:00;0;NORMAL;;Sem ação necessária.
UCI_Dataset;28/09/04 03:00;0;NORMAL;;Sem ação necessária.
UCI_Dataset;28/09/04 04:00;0;NORMAL;;Sem ação necessária.
UCI_Dataset;28/09/04 05:00;0;NORMAL;;Sem ação necessária.
UCI_Dataset;28/09/04 06:00;0;NORMAL;;Sem ação necessária.
UCI_Dataset;28/09/04 07:00;1;MODERADO;R02_NO2_MODERADO;Monitorizar evolucão. Sensiveis reduzam atividade ao ar livre.
UCI_Dataset;28/09/04 08:00;1;MODERADO;R02_NO2_MODERADO;Monitorizar evolucão. Sensiveis reduzam atividade ao ar livre.
UCI_Dataset;28/09/04 09:00;1;MODERADO;R02_NO2_MODERADO;Monitorizar evolucão. Sensiveis reduzam atividade ao ar livre.
UCI_Dataset;28/09/04 10:00;1;MODERADO;R02_NO2_MODERADO;Monitorizar evolucão. Sensiveis reduzam atividade ao ar livre.
UCI_Dataset;28/09/04 11:00;1;MODERADO;R02_NO2_MODERADO;Monitorizar evolucão. Sensiveis reduzam atividade ao ar livre.
UCI_Dataset;28/09/04 12:00;1;MODERADO;R02_NO2_MODERADO;Monitorizar evolucão. Sensiveis reduzam atividade ao ar livre.
UCI_Dataset;28/09/04 13:00;1;MODERADO;R02_NO2_MODERADO;Monitorizar evolucão. Sensiveis reduzam atividade ao ar livre.
UCI_Dataset;28/09/04 14:00;1;MODERADO;R02_NO2_MODERADO;Monitorizar evolucão. Sensiveis reduzam atividade ao ar livre.
UCI_Dataset;28/09/04 15:00;1;MODERADO;R02_NO2_MODERADO;Monitorizar evolucão. Sensiveis reduzam atividade ao ar livre.
UCI_Dataset;28/09/04 16:00;1;MODERADO;R02_NO2_MODERADO;Monitorizar evolucão. Sensiveis reduzam atividade ao ar livre.
UCI_Dataset;28/09/04 17:00;1;MODERADO;R02_NO2_MODERADO;Monitorizar evolucão. Sensiveis reduzam atividade ao ar livre.
UCI_Dataset;28/09/04 18:00;1;ALTO;R01_NO2_ALTO;Limitar trafego automovel. Grupos sensiveis evitem exposição prolongada.
UCI_Dataset;28/09/04 19:00;1;ALTO;R01_NO2_ALTO;Limitar trafego automovel. Grupos sensiveis evitem exposição prolongada.
UCI_Dataset;28/09/04 20:00;1;MODERADO;R02_NO2_MODERADO;Monitorizar evolucão. Sensiveis reduzam atividade ao ar livre.
UCI_Dataset;28/09/04 21:00;1;MODERADO;R02_NO2_MODERADO;Monitorizar evolucão. Sensiveis reduzam atividade ao ar livre.
UCI_Dataset;28/09/04 22:00;1;MODERADO;R02_NO2_MODERADO;Monitorizar evolucão. Sensiveis reduzam atividade ao ar livre.
UCI_Dataset;28/09/04 23:00;0;NORMAL;;Sem ação necessária.
UCI_Dataset;29/09/04 00:00;0;NORMAL;;Sem ação necessária.
UCI_Dataset;29/09/04 01:00;0;NORMAL;;Sem ação necessária.
UCI_Dataset;29/09/04 02:00;0;NORMAL;;Sem ação necessária.
UCI_Dataset;29/09/04 03:00;0;NORMAL;;Sem ação necessária.
UCI_Dataset;29/09/04 04:00;0;NORMAL;;Sem ação necessária.
UCI_Dataset;29/09/04 05:00;0;NORMAL;;Sem ação necessária.
UCI_Dataset;29/09/04 06:00;0;NORMAL;;Sem ação necessária.
UCI_Dataset;29/09/04 07:00;0;NORMAL;;Sem ação necessária.
UCI_Dataset;29/09/04 08:00;1;MODERADO;R02_NO2_MODERADO;Monitorizar evolucão. Sensiveis reduzam atividade ao ar livre.
UCI_Dataset;29/09/04 09:00;1;MODERADO;R02_NO2_MODERADO;Monitorizar evolucão. Sensiveis reduzam atividade ao ar livre.
UCI_Dataset;29/09/04 10:00;1;MODERADO;R02_NO2_MODERADO;Monitorizar evolucão. Sensiveis reduzam atividade ao ar livre.
UCI_Dataset;29/09/04 11:00;1;MODERADO;R02_NO2_MODERADO;Monitorizar evolucão. Sensiveis reduzam atividade ao ar livre.
UCI_Dataset;29/09/04 12:00;1;MODERADO;R02_NO2_MODERADO;Monitorizar evolucão. Sensiveis reduzam atividade ao ar livre.
UCI_Dataset;29/09/04 13:00;1;MODERADO;R02_NO2_MODERADO;Monitorizar evolucão. Sensiveis reduzam atividade ao ar livre.
UCI_Dataset;29/09/04 14:00;1;MODERADO;R02_NO2_MODERADO;Monitorizar evolucão. Sensiveis reduzam atividade ao ar livre.
UCI_Dataset;29/09/04 15:00;1;MODERADO;R02_NO2_MODERADO;Monitorizar evolucão. Sensiveis reduzam atividade ao ar livre.
UCI_Dataset;29/09/04 16:00;1;MODERADO;R02_NO2_MODERADO;Monitorizar evolucão. Sensiveis reduzam atividade ao ar livre.
UCI_Dataset;29/09/04 17:00;1;MODERADO;R02_NO2_MODERADO;Monitorizar evolucão. Sensiveis reduzam atividade ao ar livre.
UCI_Dataset;29/09/04 18:00;1;ALTO;R01_NO2_ALTO;Limitar trafego automovel. Grupos sensiveis evitem exposição prolongada.
UCI_Dataset;29/09/04 19:00;1;ALTO;R01_NO2_ALTO;Limitar trafego automovel. Grupos sensiveis evitem exposição prolongada.
UCI_Dataset;29/09/04 20:00;1;MODERADO;R02_NO2_MODERADO;Monitorizar evolucão. Sensiveis reduzam atividade ao ar livre.
UCI_Dataset;29/09/04 21:00;1;MODERADO;R02_NO2_MODERADO;Monitorizar evolucão. Sensiveis reduzam atividade ao ar livre.
UCI_Dataset;29/09/04 22:00;1;MODERADO;R02_NO2_MODERADO;Monitorizar evolucão. Sensiveis reduzam atividade ao ar livre.
UCI_Dataset;29/09/04 23:00;1;MODERADO;R02_NO2_MODERADO;Monitorizar evolucão. Sensiveis reduzam atividade ao ar livre.
UCI_Dataset;30/09/04 00:00;0;NORMAL;;Sem ação necessária.
UCI_Dataset;30/09/04 01:00;0;NORMAL;;Sem ação necessária.
UCI_Dataset;30/09/04 02:00;0;NORMAL;;Sem ação necessária.
UCI_Dataset;30/09/04 03:00;0;NORMAL;;Sem ação necessária.
UCI_Dataset;30/09/04 04:00;0;NORMAL;;Sem ação necessária.
UCI_Dataset;30/09/04 05:00;0;NORMAL;;Sem ação necessária.
UCI_Dataset;30/09/04 06:00;0;NORMAL;;Sem ação necessária.
UCI_Dataset;30/09/04 07:00;0;NORMAL;;Sem ação necessária.
UCI_Dataset;30/09/04 08:00;0;NORMAL;;Sem ação necessária.
UCI_Dataset;30/09/04 09:00;0;NORMAL;;Sem ação necessária.
UCI_Dataset;30/09/04 10:00;0;NORMAL;;Sem ação necessária.
UCI_Dataset;30/09/04 11:00;0;NORMAL;;Sem ação necessária.
UCI_Dataset;30/09/04 12:00;0;NORMAL;;Sem ação necessária.
UCI_Dataset;30/09/04 13:00;1;MODERADO;R02_NO2_MODERADO;Monitorizar evolucão. Sensiveis reduzam atividade ao ar livre.
UCI_Dataset;30/09/04 14:00;1;MODERADO;R02_NO2_MODERADO;Monitorizar evolucão. Sensiveis reduzam atividade ao ar livre.
UCI_Dataset;30/09/04 15:00;1;MODERADO;R02_NO2_MODERADO;Monitorizar evolucão. Sensiveis reduzam atividade ao ar livre.
UCI_Dataset;30/09/04 16:00;1;MODERADO;R02_NO2_MODERADO;Monitorizar evolucão. Sensiveis reduzam atividade ao ar livre.
UCI_Dataset;30/09/04 17:00;1;MODERADO;R02_NO2_MODERADO;Monitorizar evolucão. Sensiveis reduzam atividade ao ar livre.
UCI_Dataset;30/09/04 18:00;1;MODERADO;R02_NO2_MODERADO;Monitorizar evolucão. Sensiveis reduzam atividade ao ar livre.
UCI_Dataset;30/09/04 19:00;1;MODERADO;R02_NO2_MODERADO;Monitorizar evolucão. Sensiveis reduzam atividade ao ar livre.
UCI_Dataset;30/09/04 20:00;1;MODERADO;R02_NO2_MODERADO;Monitorizar evolucão. Sensiveis reduzam atividade ao ar livre.
UCI_Dataset;30/09/04 21:00;0;NORMAL;;Sem ação necessária.
UCI_Dataset;30/09/04 22:00;0;NORMAL;;Sem ação necessária.
UCI_Dataset;30/09/04 23:00;0;NORMAL;;Sem ação necessária.
UCI_Dataset;01/10/04 00:00;0;NORMAL;;Sem ação necessária.
UCI_Dataset;01/10/04 01:00;0;NORMAL;;Sem ação necessária.
UCI_Dataset;01/10/04 02:00;0;NORMAL;;Sem ação necessária.
UCI_Dataset;01/10/04 03:00;0;NORMAL;;Sem ação necessária.
UCI_Dataset;01/10/04 04:00;0;NORMAL;;Sem ação necessária.
UCI_Dataset;01/10/04 05:00;0;NORMAL;;Sem ação necessária.
UCI_Dataset;01/10/04 06:00;0;NORMAL;;Sem ação necessária.
UCI_Dataset;01/10/04 07:00;0;NORMAL;;Sem ação necessária.
UCI_Dataset;01/10/04 08:00;0;NORMAL;;Sem ação necessária.
UCI_Dataset;01/10/04 09:00;1;MODERADO;R02_NO2_MODERADO;Monitorizar evolucão. Sensiveis reduzam atividade ao ar livre.
UCI_Dataset;01/10/04 10:00;1;MODERADO;R02_NO2_MODERADO;Monitorizar evolucão. Sensiveis reduzam atividade ao ar livre.
UCI_Dataset;01/10/04 11:00;1;MODERADO;R02_NO2_MODERADO;Monitorizar evolucão. Sensiveis reduzam atividade ao ar livre.
UCI_Dataset;01/10/04 12:00;1;MODERADO;R02_NO2_MODERADO;Monitorizar evolucão. Sensiveis reduzam atividade ao ar livre.
UCI_Dataset;01/10/04 13:00;1;MODERADO;R02_NO2_MODERADO;Monitorizar evolucão. Sensiveis reduzam atividade ao ar livre.
UCI_Dataset;01/10/04 14:00;1;MODERADO;R02_NO2_MODERADO;Monitorizar evolucão. Sensiveis reduzam atividade ao ar livre.
UCI_Dataset;01/10/04 15:00;1;MODERADO;R02_NO2_MODERADO;Monitorizar evolucão. Sensiveis reduzam atividade ao ar livre.
UCI_Dataset;01/10/04 16:00;1;MODERADO;R02_NO2_MODERADO;Monitorizar evolucão. Sensiveis reduzam atividade ao ar livre.
UCI_Dataset;01/10/04 17:00;1;MODERADO;R02_NO2_MODERADO;Monitorizar evolucão. Sensiveis reduzam atividade ao ar livre.
UCI_Dataset;01/10/04 18:00;0;NORMAL;;Sem ação necessária.
UCI_Dataset;01/10/04 19:00;0;NORMAL;;Sem ação necessária.
UCI_Dataset;01/10/04 20:00;0;NORMAL;;Sem ação necessária.
UCI_Dataset;01/10/04 21:00;0;NORMAL;;Sem ação necessária.
UCI_Dataset;01/10/04 22:00;0;NORMAL;;Sem ação necessária.
UCI_Dataset;01/10/04 23:00;0;NORMAL;;Sem ação necessária.
UCI_Dataset;02/10/04 00:00;0;NORMAL;;Sem ação necessária.
UCI_Dataset;02/10/04 01:00;0;NORMAL;;Sem ação necessária.
UCI_Dataset;02/10/04 02:00;0;NORMAL;;Sem ação necessária.
UCI_Dataset;02/10/04 03:00;0;NORMAL;;Sem ação necessária.
UCI_Dataset;02/10/04 04:00;0;NORMAL;;Sem ação necessária.
UCI_Dataset;02/10/04 05:00;0;NORMAL;;Sem ação necessária.
UCI_Dataset;02/10/04 06:00;0;NORMAL;;Sem ação necessária.
UCI_Dataset;02/10/04 07:00;0;NORMAL;;Sem ação necessária.
UCI_Dataset;02/10/04 08:00;0;NORMAL;;Sem ação necessária.
UCI_Dataset;02/10/04 09:00;0;NORMAL;;Sem ação necessária.
UCI_Dataset;02/10/04 10:00;0;NORMAL;;Sem ação necessária.
UCI_Dataset;02/10/04 11:00;0;NORMAL;;Sem ação necessária.
UCI_Dataset;02/10/04 12:00;0;NORMAL;;Sem ação necessária.
UCI_Dataset;02/10/04 13:00;0;NORMAL;;Sem ação necessária.
UCI_Dataset;02/10/04 14:00;0;NORMAL;;Sem ação necessária.
UCI_Dataset;02/10/04 15:00;0;NORMAL;;Sem ação necessária.
UCI_Dataset;02/10/04 16:00;0;NORMAL;;Sem ação necessária.
UCI_Dataset;02/10/04 17:00;0;NORMAL;;Sem ação necessária.
UCI_Dataset;02/10/04 18:00;0;NORMAL;;Sem ação necessária.
UCI_Dataset;02/10/04 19:00;0;NORMAL;;Sem ação necessária.
UCI_Dataset;02/10/04 20:00;0;NORMAL;;Sem ação necessária.
UCI_Dataset;02/10/04 21:00;0;NORMAL;;Sem ação necessária.
UCI_Dataset;02/10/04 22:00;0;NORMAL;;Sem ação necessária.
UCI_Dataset;02/10/04 23:00;0;NORMAL;;Sem ação necessária.
UCI_Dataset;03/10/04 00:00;0;NORMAL;;Sem ação necessária.
UCI_Dataset;03/10/04 01:00;0;NORMAL;;Sem ação necessária.
UCI_Dataset;03/10/04 02:00;0;NORMAL;;Sem ação necessária.
UCI_Dataset;03/10/04 03:00;0;NORMAL;;Sem ação necessária.
UCI_Dataset;03/10/04 04:00;0;NORMAL;;Sem ação necessária.
UCI_Dataset;03/10/04 05:00;0;NORMAL;;Sem ação necessária.
UCI_Dataset;03/10/04 06:00;0;NORMAL;;Sem ação necessária.
UCI_Dataset;03/10/04 07:00;0;NORMAL;;Sem ação necessária.
UCI_Dataset;03/10/04 08:00;0;NORMAL;;Sem ação necessária.
UCI_Dataset;03/10/04 09:00;0;NORMAL;;Sem ação necessária.
UCI_Dataset;03/10/04 10:00;0;NORMAL;;Sem ação necessária.
UCI_Dataset;03/10/04 11:00;0;NORMAL;;Sem ação necessária.
UCI_Dataset;03/10/04 12:00;0;NORMAL;;Sem ação necessária.
UCI_Dataset;03/10/04 13:00;0;NORMAL;;Sem ação necessária.
UCI_Dataset;03/10/04 14:00;0;NORMAL;;Sem ação necessária.
UCI_Dataset;03/10/04 15:00;0;NORMAL;;Sem ação necessária.
UCI_Dataset;03/10/04 16:00;0;NORMAL;;Sem ação necessária.
UCI_Dataset;03/10/04 17:00;0;NORMAL;;Sem ação necessária.
UCI_Dataset;03/10/04 18:00;0;NORMAL;;Sem ação necessária.
UCI_Dataset;03/10/04 19:00;0;NORMAL;;Sem ação necessária.
UCI_Dataset;03/10/04 20:00;0;NORMAL;;Sem ação necessária.
UCI_Dataset;03/10/04 21:00;0;NORMAL;;Sem ação necessária.
UCI_Dataset;03/10/04 22:00;0;NORMAL;;Sem ação necessária.
UCI_Dataset;03/10/04 23:00;0;NORMAL;;Sem ação necessária.
UCI_Dataset;04/10/04 00:00;0;NORMAL;;Sem ação necessária.
UCI_Dataset;04/10/04 01:00;0;NORMAL;;Sem ação necessária.
UCI_Dataset;04/10/04 02:00;0;NORMAL;;Sem ação necessária.
UCI_Dataset;04/10/04 03:00;0;NORMAL;;Sem ação necessária.
UCI_Dataset;04/10/04 04:00;0;NORMAL;;Sem ação necessária.
UCI_Dataset;04/10/04 05:00;0;NORMAL;;Sem ação necessária.
UCI_Dataset;04/10/04 06:00;0;NORMAL;;Sem ação necessária.
UCI_Dataset;04/10/04 07:00;0;NORMAL;;Sem ação necessária.
UCI_Dataset;04/10/04 08:00;0;NORMAL;;Sem ação necessária.
UCI_Dataset;04/10/04 09:00;0;NORMAL;;Sem ação necessária.
UCI_Dataset;04/10/04 10:00;0;NORMAL;;Sem ação necessária.
UCI_Dataset;04/10/04 11:00;0;NORMAL;;Sem ação necessária.
UCI_Dataset;04/10/04 12:00;0;NORMAL;;Sem ação necessária.
UCI_Dataset;04/10/04 13:00;0;NORMAL;;Sem ação necessária.
UCI_Dataset;04/10/04 14:00;0;NORMAL;;Sem ação necessária.
UCI_Dataset;04/10/04 15:00;0;NORMAL;;Sem ação necessária.
UCI_Dataset;04/10/04 16:00;0;NORMAL;;Sem ação necessária.
UCI_Dataset;04/10/04 17:00;0;NORMAL;;Sem ação necessária.
UCI_Dataset;04/10/04 18:00;0;NORMAL;;Sem ação necessária.
UCI_Dataset;04/10/04 19:00;0;NORMAL;;Sem ação necessária.
UCI_Dataset;04/10/04 20:00;0;NORMAL;;Sem ação necessária.
UCI_Dataset;04/10/04 21:00;0;NORMAL;;Sem ação necessária.
UCI_Dataset;04/10/04 22:00;0;NORMAL;;Sem ação necessária.
UCI_Dataset;04/10/04 23:00;0;NORMAL;;Sem ação necessária.
UCI_Dataset;05/10/04 00:00;0;NORMAL;;Sem ação necessária.
UCI_Dataset;05/10/04 01:00;0;NORMAL;;Sem ação necessária.
UCI_Dataset;05/10/04 02:00;0;NORMAL;;Sem ação necessária.
UCI_Dataset;05/10/04 03:00;0;NORMAL;;Sem ação necessária.
UCI_Dataset;05/10/04 04:00;0;NORMAL;;Sem ação necessária.
UCI_Dataset;05/10/04 05:00;0;NORMAL;;Sem ação necessária.
UCI_Dataset;05/10/04 06:00;0;NORMAL;;Sem ação necessária.
UCI_Dataset;05/10/04 07:00;0;NORMAL;;Sem ação necessária.
UCI_Dataset;05/10/04 08:00;0;NORMAL;;Sem ação necessária.
UCI_Dataset;05/10/04 09:00;0;NORMAL;;Sem ação necessária.
UCI_Dataset;05/10/04 10:00;0;NORMAL;;Sem ação necessária.
UCI_Dataset;05/10/04 11:00;0;NORMAL;;Sem ação necessária.
UCI_Dataset;05/10/04 12:00;0;NORMAL;;Sem ação necessária.
UCI_Dataset;05/10/04 13:00;0;NORMAL;;Sem ação necessária.
UCI_Dataset;05/10/04 14:00;0;NORMAL;;Sem ação necessária.
UCI_Dataset;05/10/04 15:00;0;NORMAL;;Sem ação necessária.
UCI_Dataset;05/10/04 16:00;0;NORMAL;;Sem ação necessária.
UCI_Dataset;05/10/04 17:00;0;NORMAL;;Sem ação necessária.
UCI_Dataset;05/10/04 18:00;0;NORMAL;;Sem ação necessária.
UCI_Dataset;05/10/04 19:00;0;NORMAL;;Sem ação necessária.
UCI_Dataset;05/10/04 20:00;0;NORMAL;;Sem ação necessária.
UCI_Dataset;05/10/04 21:00;0;NORMAL;;Sem ação necessária.
UCI_Dataset;05/10/04 22:00;0;NORMAL;;Sem ação necessária.
UCI_Dataset;05/10/04 23:00;0;NORMAL;;Sem ação necessária.
UCI_Dataset;06/10/04 00:00;0;NORMAL;;Sem ação necessária.
UCI_Dataset;06/10/04 01:00;0;NORMAL;;Sem ação necessária.
UCI_Dataset;06/10/04 02:00;0;NORMAL;;Sem ação necessária.
UCI_Dataset;06/10/04 03:00;0;NORMAL;;Sem ação necessária.
UCI_Dataset;06/10/04 04:00;0;NORMAL;;Sem ação necessária.
UCI_Dataset;06/10/04 05:00;0;NORMAL;;Sem ação necessária.
UCI_Dataset;06/10/04 06:00;0;NORMAL;;Sem ação necessária.
UCI_Dataset;06/10/04 07:00;0;NORMAL;;Sem ação necessária.
UCI_Dataset;06/10/04 08:00;0;NORMAL;;Sem ação necessária.
UCI_Dataset;06/10/04 09:00;0;NORMAL;;Sem ação necessária.
UCI_Dataset;06/10/04 10:00;0;NORMAL;;Sem ação necessária.
UCI_Dataset;06/10/04 11:00;0;NORMAL;;Sem ação necessária.
UCI_Dataset;06/10/04 12:00;0;NORMAL;;Sem ação necessária.
UCI_Dataset;06/10/04 13:00;0;NORMAL;;Sem ação necessária.
UCI_Dataset;06/10/04 14:00;0;NORMAL;;Sem ação necessária.
UCI_Dataset;06/10/04 15:00;0;NORMAL;;Sem ação necessária.
UCI_Dataset;06/10/04 16:00;0;NORMAL;;Sem ação necessária.
UCI_Dataset;06/10/04 17:00;0;NORMAL;;Sem ação necessária.
UCI_Dataset;06/10/04 18:00;0;NORMAL;;Sem ação necessária.
UCI_Dataset;06/10/04 19:00;0;NORMAL;;Sem ação necessária.
UCI_Dataset;06/10/04 20:00;0;NORMAL;;Sem ação necessária.
UCI_Dataset;06/10/04 21:00;0;NORMAL;;Sem ação necessária.
UCI_Dataset;06/10/04 22:00;0;NORMAL;;Sem ação necessária.
UCI_Dataset;06/10/04 23:00;0;NORMAL;;Sem ação necessária.
UCI_Dataset;07/10/04 00:00;0;NORMAL;;Sem ação necessária.
UCI_Dataset;07/10/04 01:00;0;NORMAL;;Sem ação necessária.
UCI_Dataset;07/10/04 02:00;0;NORMAL;;Sem ação necessária.
UCI_Dataset;07/10/04 03:00;0;NORMAL;;Sem ação necessária.
UCI_Dataset;07/10/04 04:00;0;NORMAL;;Sem ação necessária.
UCI_Dataset;07/10/04 05:00;0;NORMAL;;Sem ação necessária.
UCI_Dataset;07/10/04 06:00;0;NORMAL;;Sem ação necessária.
UCI_Dataset;07/10/04 07:00;0;NORMAL;;Sem ação necessária.
UCI_Dataset;07/10/04 08:00;0;NORMAL;;Sem ação necessária.
UCI_Dataset;07/10/04 09:00;0;NORMAL;;Sem ação necessária.
UCI_Dataset;07/10/04 10:00;0;NORMAL;;Sem ação necessária.
UCI_Dataset;07/10/04 11:00;0;NORMAL;;Sem ação necessária.
UCI_Dataset;07/10/04 12:00;0;NORMAL;;Sem ação necessária.
UCI_Dataset;07/10/04 13:00;0;NORMAL;;Sem ação necessária.
UCI_Dataset;07/10/04 14:00;0;NORMAL;;Sem ação necessária.
UCI_Dataset;07/10/04 15:00;0;NORMAL;;Sem ação necessária.
UCI_Dataset;07/10/04 16:00;0;NORMAL;;Sem ação necessária.
UCI_Dataset;07/10/04 17:00;1;MODERADO;R02_NO2_MODERADO;Monitorizar evolucão. Sensiveis reduzam atividade ao ar livre.
UCI_Dataset;07/10/04 18:00;1;MODERADO;R02_NO2_MODERADO;Monitorizar evolucão. Sensiveis reduzam atividade ao ar livre.
UCI_Dataset;07/10/04 19:00;1;MODERADO;R02_NO2_MODERADO;Monitorizar evolucão. Sensiveis reduzam atividade ao ar livre.
UCI_Dataset;07/10/04 20:00;1;MODERADO;R02_NO2_MODERADO;Monitorizar evolucão. Sensiveis reduzam atividade ao ar livre.
UCI_Dataset;07/10/04 21:00;0;NORMAL;;Sem ação necessária.
UCI_Dataset;07/10/04 22:00;0;NORMAL;;Sem ação necessária.
UCI_Dataset;07/10/04 23:00;0;NORMAL;;Sem ação necessária.
UCI_Dataset;08/10/04 00:00;0;NORMAL;;Sem ação necessária.
UCI_Dataset;08/10/04 01:00;0;NORMAL;;Sem ação necessária.
UCI_Dataset;08/10/04 02:00;0;NORMAL;;Sem ação necessária.
UCI_Dataset;08/10/04 03:00;0;NORMAL;;Sem ação necessária.
UCI_Dataset;08/10/04 04:00;0;NORMAL;;Sem ação necessária.
UCI_Dataset;08/10/04 05:00;0;NORMAL;;Sem ação necessária.
UCI_Dataset;08/10/04 06:00;0;NORMAL;;Sem ação necessária.
UCI_Dataset;08/10/04 07:00;0;NORMAL;;Sem ação necessária.
UCI_Dataset;08/10/04 08:00;0;NORMAL;;Sem ação necessária.
UCI_Dataset;08/10/04 09:00;0;NORMAL;;Sem ação necessária.
UCI_Dataset;08/10/04 10:00;1;MODERADO;R02_NO2_MODERADO;Monitorizar evolucão. Sensiveis reduzam atividade ao ar livre.
UCI_Dataset;08/10/04 11:00;1;MODERADO;R02_NO2_MODERADO;Monitorizar evolucão. Sensiveis reduzam atividade ao ar livre.
UCI_Dataset;08/10/04 12:00;1;MODERADO;R02_NO2_MODERADO;Monitorizar evolucão. Sensiveis reduzam atividade ao ar livre.
UCI_Dataset;08/10/04 13:00;1;MODERADO;R02_NO2_MODERADO;Monitorizar evolucão. Sensiveis reduzam atividade ao ar livre.
UCI_Dataset;08/10/04 14:00;0;NORMAL;;Sem ação necessária.
UCI_Dataset;08/10/04 15:00;0;NORMAL;;Sem ação necessária.
UCI_Dataset;08/10/04 16:00;0;NORMAL;;Sem ação necessária.
UCI_Dataset;08/10/04 17:00;0;NORMAL;;Sem ação necessária.
UCI_Dataset;08/10/04 18:00;0;NORMAL;;Sem ação necessária.
UCI_Dataset;08/10/04 19:00;1;MODERADO;R02_NO2_MODERADO;Monitorizar evolucão. Sensiveis reduzam atividade ao ar livre.
UCI_Dataset;08/10/04 20:00;0;NORMAL;;Sem ação necessária.
UCI_Dataset;08/10/04 21:00;0;NORMAL;;Sem ação necessária.
UCI_Dataset;08/10/04 22:00;0;NORMAL;;Sem ação necessária.
UCI_Dataset;08/10/04 23:00;0;NORMAL;;Sem ação necessária.
UCI_Dataset;09/10/04 00:00;0;NORMAL;;Sem ação necessária.
UCI_Dataset;09/10/04 01:00;0;NORMAL;;Sem ação necessária.
UCI_Dataset;09/10/04 02:00;0;NORMAL;;Sem ação necessária.
UCI_Dataset;09/10/04 03:00;0;NORMAL;;Sem ação necessária.
UCI_Dataset;09/10/04 04:00;0;NORMAL;;Sem ação necessária.
UCI_Dataset;09/10/04 05:00;0;NORMAL;;Sem ação necessária.
UCI_Dataset;09/10/04 06:00;0;NORMAL;;Sem ação necessária.
UCI_Dataset;09/10/04 07:00;0;NORMAL;;Sem ação necessária.
UCI_Dataset;09/10/04 08:00;0;NORMAL;;Sem ação necessária.
UCI_Dataset;09/10/04 09:00;0;NORMAL;;Sem ação necessária.
UCI_Dataset;09/10/04 10:00;0;NORMAL;;Sem ação necessária.
UCI_Dataset;09/10/04 11:00;0;NORMAL;;Sem ação necessária.
UCI_Dataset;09/10/04 12:00;0;NORMAL;;Sem ação necessária.
UCI_Dataset;09/10/04 13:00;0;NORMAL;;Sem ação necessária.
UCI_Dataset;09/10/04 14:00;0;NORMAL;;Sem ação necessária.
UCI_Dataset;09/10/04 15:00;0;NORMAL;;Sem ação necessária.
UCI_Dataset;09/10/04 16:00;0;NORMAL;;Sem ação necessária.
UCI_Dataset;09/10/04 17:00;1;MODERADO;R02_NO2_MODERADO;Monitorizar evolucão. Sensiveis reduzam atividade ao ar livre.
UCI_Dataset;09/10/04 18:00;1;MODERADO;R02_NO2_MODERADO;Monitorizar evolucão. Sensiveis reduzam atividade ao ar livre.
UCI_Dataset;09/10/04 19:00;1;MODERADO;R02_NO2_MODERADO;Monitorizar evolucão. Sensiveis reduzam atividade ao ar livre.
UCI_Dataset;09/10/04 20:00;1;MODERADO;R02_NO2_MODERADO;Monitorizar evolucão. Sensiveis reduzam atividade ao ar livre.
UCI_Dataset;09/10/04 21:00;0;NORMAL;;Sem ação necessária.
UCI_Dataset;09/10/04 22:00;0;NORMAL;;Sem ação necessária.
UCI_Dataset;09/10/04 23:00;0;NORMAL;;Sem ação necessária.
UCI_Dataset;10/10/04 00:00;1;MODERADO;R02_NO2_MODERADO;Monitorizar evolucão. Sensiveis reduzam atividade ao ar livre.
UCI_Dataset;10/10/04 01:00;0;NORMAL;;Sem ação necessária.
UCI_Dataset;10/10/04 02:00;0;NORMAL;;Sem ação necessária.
UCI_Dataset;10/10/04 03:00;0;NORMAL;;Sem ação necessária.
UCI_Dataset;10/10/04 04:00;0;NORMAL;;Sem ação necessária.
UCI_Dataset;10/10/04 05:00;0;NORMAL;;Sem ação necessária.
UCI_Dataset;10/10/04 06:00;0;NORMAL;;Sem ação necessária.
UCI_Dataset;10/10/04 07:00;0;NORMAL;;Sem ação necessária.
UCI_Dataset;10/10/04 08:00;0;NORMAL;;Sem ação necessária.
UCI_Dataset;10/10/04 09:00;0;NORMAL;;Sem ação necessária.
UCI_Dataset;10/10/04 10:00;0;NORMAL;;Sem ação necessária.
UCI_Dataset;10/10/04 11:00;0;NORMAL;;Sem ação necessária.
UCI_Dataset;10/10/04 12:00;0;NORMAL;;Sem ação necessária.
UCI_Dataset;10/10/04 13:00;0;NORMAL;;Sem ação necessária.
UCI_Dataset;10/10/04 14:00;0;NORMAL;;Sem ação necessária.
UCI_Dataset;10/10/04 15:00;0;NORMAL;;Sem ação necessária.
UCI_Dataset;10/10/04 16:00;0;NORMAL;;Sem ação necessária.
UCI_Dataset;10/10/04 17:00;0;NORMAL;;Sem ação necessária.
UCI_Dataset;10/10/04 18:00;0;NORMAL;;Sem ação necessária.
UCI_Dataset;10/10/04 19:00;0;NORMAL;;Sem ação necessária.
UCI_Dataset;10/10/04 20:00;0;NORMAL;;Sem ação necessária.
UCI_Dataset;10/10/04 21:00;0;NORMAL;;Sem ação necessária.
UCI_Dataset;10/10/04 22:00;0;NORMAL;;Sem ação necessária.
UCI_Dataset;10/10/04 23:00;0;NORMAL;;Sem ação necessária.
UCI_Dataset;11/10/04 00:00;0;NORMAL;;Sem ação necessária.
UCI_Dataset;11/10/04 01:00;0;NORMAL;;Sem ação necessária.
UCI_Dataset;11/10/04 02:00;0;NORMAL;;Sem ação necessária.
UCI_Dataset;11/10/04 03:00;0;NORMAL;;Sem ação necessária.
UCI_Dataset;11/10/04 04:00;0;NORMAL;;Sem ação necessária.
UCI_Dataset;11/10/04 05:00;0;NORMAL;;Sem ação necessária.
UCI_Dataset;11/10/04 06:00;0;NORMAL;;Sem ação necessária.
UCI_Dataset;11/10/04 07:00;0;NORMAL;;Sem ação necessária.
UCI_Dataset;11/10/04 08:00;0;NORMAL;;Sem ação necessária.
UCI_Dataset;11/10/04 09:00;0;NORMAL;;Sem ação necessária.
UCI_Dataset;11/10/04 10:00;0;NORMAL;;Sem ação necessária.
UCI_Dataset;11/10/04 11:00;0;NORMAL;;Sem ação necessária.
UCI_Dataset;11/10/04 12:00;0;NORMAL;;Sem ação necessária.
UCI_Dataset;11/10/04 13:00;0;NORMAL;;Sem ação necessária.
UCI_Dataset;11/10/04 14:00;0;NORMAL;;Sem ação necessária.
UCI_Dataset;11/10/04 15:00;0;NORMAL;;Sem ação necessária.
UCI_Dataset;11/10/04 16:00;0;NORMAL;;Sem ação necessária.
UCI_Dataset;11/10/04 17:00;1;MODERADO;R02_NO2_MODERADO;Monitorizar evolucão. Sensiveis reduzam atividade ao ar livre.
UCI_Dataset;11/10/04 18:00;0;NORMAL;;Sem ação necessária.
UCI_Dataset;11/10/04 19:00;0;NORMAL;;Sem ação necessária.
UCI_Dataset;11/10/04 20:00;0;NORMAL;;Sem ação necessária.
UCI_Dataset;11/10/04 21:00;0;NORMAL;;Sem ação necessária.
UCI_Dataset;11/10/04 22:00;0;NORMAL;;Sem ação necessária.
UCI_Dataset;11/10/04 23:00;0;NORMAL;;Sem ação necessária.
UCI_Dataset;12/10/04 00:00;0;NORMAL;;Sem ação necessária.
UCI_Dataset;12/10/04 01:00;0;NORMAL;;Sem ação necessária.
UCI_Dataset;12/10/04 02:00;0;NORMAL;;Sem ação necessária.
UCI_Dataset;12/10/04 03:00;0;NORMAL;;Sem ação necessária.
UCI_Dataset;12/10/04 04:00;0;NORMAL;;Sem ação necessária.
UCI_Dataset;12/10/04 05:00;0;NORMAL;;Sem ação necessária.
UCI_Dataset;12/10/04 06:00;0;NORMAL;;Sem ação necessária.
UCI_Dataset;12/10/04 07:00;1;MODERADO;R02_NO2_MODERADO;Monitorizar evolucão. Sensiveis reduzam atividade ao ar livre.
UCI_Dataset;12/10/04 08:00;1;MODERADO;R02_NO2_MODERADO;Monitorizar evolucão. Sensiveis reduzam atividade ao ar livre.
UCI_Dataset;12/10/04 09:00;0;NORMAL;;Sem ação necessária.
UCI_Dataset;12/10/04 10:00;0;NORMAL;;Sem ação necessária.
UCI_Dataset;12/10/04 11:00;0;NORMAL;;Sem ação necessária.
UCI_Dataset;12/10/04 12:00;0;NORMAL;;Sem ação necessária.
UCI_Dataset;12/10/04 13:00;0;NORMAL;;Sem ação necessária.
UCI_Dataset;12/10/04 14:00;0;NORMAL;;Sem ação necessária.
UCI_Dataset;12/10/04 15:00;0;NORMAL;;Sem ação necessária.
UCI_Dataset;12/10/04 16:00;0;NORMAL;;Sem ação necessária.
UCI_Dataset;12/10/04 17:00;0;NORMAL;;Sem ação necessária.
UCI_Dataset;12/10/04 18:00;0;NORMAL;;Sem ação necessária.
UCI_Dataset;12/10/04 19:00;0;NORMAL;;Sem ação necessária.
UCI_Dataset;12/10/04 20:00;0;NORMAL;;Sem ação necessária.
UCI_Dataset;12/10/04 21:00;0;NORMAL;;Sem ação necessária.
UCI_Dataset;12/10/04 22:00;0;NORMAL;;Sem ação necessária.
UCI_Dataset;12/10/04 23:00;0;NORMAL;;Sem ação necessária.
UCI_Dataset;13/10/04 00:00;0;NORMAL;;Sem ação necessária.
UCI_Dataset;13/10/04 01:00;0;NORMAL;;Sem ação necessária.
UCI_Dataset;13/10/04 02:00;0;NORMAL;;Sem ação necessária.
UCI_Dataset;13/10/04 03:00;0;NORMAL;;Sem ação necessária.
UCI_Dataset;13/10/04 04:00;0;NORMAL;;Sem ação necessária.
UCI_Dataset;13/10/04 05:00;0;NORMAL;;Sem ação necessária.
UCI_Dataset;13/10/04 06:00;0;NORMAL;;Sem ação necessária.
UCI_Dataset;13/10/04 07:00;0;NORMAL;;Sem ação necessária.
UCI_Dataset;13/10/04 08:00;0;NORMAL;;Sem ação necessária.
UCI_Dataset;13/10/04 09:00;0;NORMAL;;Sem ação necessária.
UCI_Dataset;13/10/04 10:00;0;NORMAL;;Sem ação necessária.
UCI_Dataset;13/10/04 11:00;0;NORMAL;;Sem ação necessária.
UCI_Dataset;13/10/04 12:00;0;NORMAL;;Sem ação necessária.
UCI_Dataset;13/10/04 13:00;0;NORMAL;;Sem ação necessária.
UCI_Dataset;13/10/04 14:00;0;NORMAL;;Sem ação necessária.
UCI_Dataset;13/10/04 15:00;0;NORMAL;;Sem ação necessária.
UCI_Dataset;13/10/04 16:00;0;NORMAL;;Sem ação necessária.
UCI_Dataset;13/10/04 17:00;0;NORMAL;;Sem ação necessária.
UCI_Dataset;13/10/04 18:00;0;NORMAL;;Sem ação necessária.
UCI_Dataset;13/10/04 19:00;0;NORMAL;;Sem ação necessária.
UCI_Dataset;13/10/04 20:00;0;NORMAL;;Sem ação necessária.
UCI_Dataset;13/10/04 21:00;0;NORMAL;;Sem ação necessária.
UCI_Dataset;13/10/04 22:00;0;NORMAL;;Sem ação necessária.
UCI_Dataset;13/10/04 23:00;0;NORMAL;;Sem ação necessária.
UCI_Dataset;14/10/04 00:00;0;NORMAL;;Sem ação necessária.
UCI_Dataset;14/10/04 01:00;0;NORMAL;;Sem ação necessária.
UCI_Dataset;14/10/04 02:00;0;NORMAL;;Sem ação necessária.
UCI_Dataset;14/10/04 03:00;0;NORMAL;;Sem ação necessária.
UCI_Dataset;14/10/04 04:00;0;NORMAL;;Sem ação necessária.
UCI_Dataset;14/10/04 05:00;0;NORMAL;;Sem ação necessária.
UCI_Dataset;14/10/04 06:00;0;NORMAL;;Sem ação necessária.
UCI_Dataset;14/10/04 07:00;0;NORMAL;;Sem ação necessária.
UCI_Dataset;14/10/04 08:00;0;NORMAL;;Sem ação necessária.
UCI_Dataset;14/10/04 09:00;0;NORMAL;;Sem ação necessária.
UCI_Dataset;14/10/04 10:00;0;NORMAL;;Sem ação necessária.
UCI_Dataset;14/10/04 11:00;0;NORMAL;;Sem ação necessária.
UCI_Dataset;14/10/04 12:00;0;NORMAL;;Sem ação necessária.
UCI_Dataset;14/10/04 13:00;0;NORMAL;;Sem ação necessária.
UCI_Dataset;14/10/04 14:00;0;NORMAL;;Sem ação necessária.
UCI_Dataset;14/10/04 15:00;0;NORMAL;;Sem ação necessária.
UCI_Dataset;14/10/04 16:00;0;NORMAL;;Sem ação necessária.
UCI_Dataset;14/10/04 17:00;0;NORMAL;;Sem ação necessária.
UCI_Dataset;14/10/04 18:00;0;NORMAL;;Sem ação necessária.
UCI_Dataset;14/10/04 19:00;0;NORMAL;;Sem ação necessária.
UCI_Dataset;14/10/04 20:00;0;NORMAL;;Sem ação necessária.
UCI_Dataset;14/10/04 21:00;0;NORMAL;;Sem ação necessária.
UCI_Dataset;14/10/04 22:00;0;NORMAL;;Sem ação necessária.
UCI_Dataset;14/10/04 23:00;0;NORMAL;;Sem ação necessária.
UCI_Dataset;15/10/04 00:00;0;NORMAL;;Sem ação necessária.
UCI_Dataset;15/10/04 01:00;0;NORMAL;;Sem ação necessária.
UCI_Dataset;15/10/04 02:00;0;NORMAL;;Sem ação necessária.
UCI_Dataset;15/10/04 03:00;0;NORMAL;;Sem ação necessária.
UCI_Dataset;15/10/04 04:00;0;NORMAL;;Sem ação necessária.
UCI_Dataset;15/10/04 05:00;0;NORMAL;;Sem ação necessária.
UCI_Dataset;15/10/04 06:00;0;NORMAL;;Sem ação necessária.
UCI_Dataset;15/10/04 07:00;0;NORMAL;;Sem ação necessária.
UCI_Dataset;15/10/04 08:00;0;NORMAL;;Sem ação necessária.
UCI_Dataset;15/10/04 09:00;0;NORMAL;;Sem ação necessária.
UCI_Dataset;15/10/04 10:00;0;NORMAL;;Sem ação necessária.
UCI_Dataset;15/10/04 11:00;0;NORMAL;;Sem ação necessária.
UCI_Dataset;15/10/04 12:00;0;NORMAL;;Sem ação necessária.
UCI_Dataset;15/10/04 13:00;0;NORMAL;;Sem ação necessária.
UCI_Dataset;15/10/04 14:00;0;NORMAL;;Sem ação necessária.
UCI_Dataset;15/10/04 15:00;0;NORMAL;;Sem ação necessária.
UCI_Dataset;15/10/04 16:00;0;NORMAL;;Sem ação necessária.
UCI_Dataset;15/10/04 17:00;0;NORMAL;;Sem ação necessária.
UCI_Dataset;15/10/04 18:00;0;NORMAL;;Sem ação necessária.
UCI_Dataset;15/10/04 19:00;0;NORMAL;;Sem ação necessária.
UCI_Dataset;15/10/04 20:00;0;NORMAL;;Sem ação necessária.
UCI_Dataset;15/10/04 21:00;0;NORMAL;;Sem ação necessária.
UCI_Dataset;15/10/04 22:00;0;NORMAL;;Sem ação necessária.
UCI_Dataset;15/10/04 23:00;0;NORMAL;;Sem ação necessária.
UCI_Dataset;16/10/04 00:00;0;NORMAL;;Sem ação necessária.
UCI_Dataset;16/10/04 01:00;0;NORMAL;;Sem ação necessária.
UCI_Dataset;16/10/04 02:00;0;NORMAL;;Sem ação necessária.
UCI_Dataset;16/10/04 03:00;0;NORMAL;;Sem ação necessária.
UCI_Dataset;16/10/04 04:00;0;NORMAL;;Sem ação necessária.
UCI_Dataset;16/10/04 05:00;0;NORMAL;;Sem ação necessária.
UCI_Dataset;16/10/04 06:00;0;NORMAL;;Sem ação necessária.
UCI_Dataset;16/10/04 07:00;0;NORMAL;;Sem ação necessária.
UCI_Dataset;16/10/04 08:00;0;NORMAL;;Sem ação necessária.
UCI_Dataset;16/10/04 09:00;0;NORMAL;;Sem ação necessária.
UCI_Dataset;16/10/04 10:00;0;NORMAL;;Sem ação necessária.
UCI_Dataset;16/10/04 11:00;0;NORMAL;;Sem ação necessária.
UCI_Dataset;16/10/04 12:00;0;NORMAL;;Sem ação necessária.
UCI_Dataset;16/10/04 13:00;0;NORMAL;;Sem ação necessária.
UCI_Dataset;16/10/04 14:00;0;NORMAL;;Sem ação necessária.
UCI_Dataset;16/10/04 15:00;0;NORMAL;;Sem ação necessária.
UCI_Dataset;16/10/04 16:00;0;NORMAL;;Sem ação necessária.
UCI_Dataset;16/10/04 17:00;0;NORMAL;;Sem ação necessária.
UCI_Dataset;16/10/04 18:00;0;NORMAL;;Sem ação necessária.
UCI_Dataset;16/10/04 19:00;0;NORMAL;;Sem ação necessária.
UCI_Dataset;16/10/04 20:00;0;NORMAL;;Sem ação necessária.
UCI_Dataset;16/10/04 21:00;0;NORMAL;;Sem ação necessária.
UCI_Dataset;16/10/04 22:00;0;NORMAL;;Sem ação necessária.
UCI_Dataset;16/10/04 23:00;0;NORMAL;;Sem ação necessária.
UCI_Dataset;17/10/04 00:00;0;NORMAL;;Sem ação necessária.
UCI_Dataset;17/10/04 01:00;0;NORMAL;;Sem ação necessária.
UCI_Dataset;17/10/04 02:00;0;NORMAL;;Sem ação necessária.
UCI_Dataset;17/10/04 03:00;0;NORMAL;;Sem ação necessária.
UCI_Dataset;17/10/04 04:00;0;NORMAL;;Sem ação necessária.
UCI_Dataset;17/10/04 05:00;0;NORMAL;;Sem ação necessária.
UCI_Dataset;17/10/04 06:00;0;NORMAL;;Sem ação necessária.
UCI_Dataset;17/10/04 07:00;0;NORMAL;;Sem ação necessária.
UCI_Dataset;17/10/04 08:00;0;NORMAL;;Sem ação necessária.
UCI_Dataset;17/10/04 09:00;0;NORMAL;;Sem ação necessária.
UCI_Dataset;17/10/04 10:00;0;NORMAL;;Sem ação necessária.
UCI_Dataset;17/10/04 11:00;0;NORMAL;;Sem ação necessária.
UCI_Dataset;17/10/04 12:00;0;NORMAL;;Sem ação necessária.
UCI_Dataset;17/10/04 13:00;0;NORMAL;;Sem ação necessária.
UCI_Dataset;17/10/04 14:00;0;NORMAL;;Sem ação necessária.
UCI_Dataset;17/10/04 15:00;0;NORMAL;;Sem ação necessária.
UCI_Dataset;17/10/04 16:00;0;NORMAL;;Sem ação necessária.
UCI_Dataset;17/10/04 17:00;0;NORMAL;;Sem ação necessária.
UCI_Dataset;17/10/04 18:00;0;NORMAL;;Sem ação necessária.
UCI_Dataset;17/10/04 19:00;0;NORMAL;;Sem ação necessária.
UCI_Dataset;17/10/04 20:00;0;NORMAL;;Sem ação necessária.
UCI_Dataset;17/10/04 21:00;0;NORMAL;;Sem ação necessária.
UCI_Dataset;17/10/04 22:00;0;NORMAL;;Sem ação necessária.
UCI_Dataset;17/10/04 23:00;0;NORMAL;;Sem ação necessária.
UCI_Dataset;18/10/04 00:00;0;NORMAL;;Sem ação necessária.
UCI_Dataset;18/10/04 01:00;0;NORMAL;;Sem ação necessária.
UCI_Dataset;18/10/04 02:00;0;NORMAL;;Sem ação necessária.
UCI_Dataset;18/10/04 03:00;0;NORMAL;;Sem ação necessária.
UCI_Dataset;18/10/04 04:00;0;NORMAL;;Sem ação necessária.
UCI_Dataset;18/10/04 05:00;0;NORMAL;;Sem ação necessária.
UCI_Dataset;18/10/04 06:00;0;NORMAL;;Sem ação necessária.
UCI_Dataset;18/10/04 07:00;0;NORMAL;;Sem ação necessária.
UCI_Dataset;18/10/04 08:00;0;NORMAL;;Sem ação necessária.
UCI_Dataset;18/10/04 09:00;0;NORMAL;;Sem ação necessária.
UCI_Dataset;18/10/04 10:00;0;NORMAL;;Sem ação necessária.
UCI_Dataset;18/10/04 11:00;0;NORMAL;;Sem ação necessária.
UCI_Dataset;18/10/04 12:00;0;NORMAL;;Sem ação necessária.
UCI_Dataset;18/10/04 13:00;0;NORMAL;;Sem ação necessária.
UCI_Dataset;18/10/04 14:00;0;NORMAL;;Sem ação necessária.
UCI_Dataset;18/10/04 15:00;0;NORMAL;;Sem ação necessária.
UCI_Dataset;18/10/04 16:00;0;NORMAL;;Sem ação necessária.
UCI_Dataset;18/10/04 17:00;0;NORMAL;;Sem ação necessária.
UCI_Dataset;18/10/04 18:00;0;NORMAL;;Sem ação necessária.
UCI_Dataset;18/10/04 19:00;0;NORMAL;;Sem ação necessária.
UCI_Dataset;18/10/04 20:00;0;NORMAL;;Sem ação necessária.
UCI_Dataset;18/10/04 21:00;0;NORMAL;;Sem ação necessária.
UCI_Dataset;18/10/04 22:00;0;NORMAL;;Sem ação necessária.
UCI_Dataset;18/10/04 23:00;0;NORMAL;;Sem ação necessária.
UCI_Dataset;19/10/04 00:00;0;NORMAL;;Sem ação necessária.
UCI_Dataset;19/10/04 01:00;0;NORMAL;;Sem ação necessária.
UCI_Dataset;19/10/04 02:00;0;NORMAL;;Sem ação necessária.
UCI_Dataset;19/10/04 03:00;0;NORMAL;;Sem ação necessária.
UCI_Dataset;19/10/04 04:00;0;NORMAL;;Sem ação necessária.
UCI_Dataset;19/10/04 05:00;0;NORMAL;;Sem ação necessária.
UCI_Dataset;19/10/04 06:00;0;NORMAL;;Sem ação necessária.
UCI_Dataset;19/10/04 07:00;0;NORMAL;;Sem ação necessária.
UCI_Dataset;19/10/04 08:00;0;NORMAL;;Sem ação necessária.
UCI_Dataset;19/10/04 09:00;0;NORMAL;;Sem ação necessária.
UCI_Dataset;19/10/04 10:00;0;NORMAL;;Sem ação necessária.
UCI_Dataset;19/10/04 11:00;0;NORMAL;;Sem ação necessária.
UCI_Dataset;19/10/04 12:00;0;NORMAL;;Sem ação necessária.
UCI_Dataset;19/10/04 13:00;0;NORMAL;;Sem ação necessária.
UCI_Dataset;19/10/04 14:00;0;NORMAL;;Sem ação necessária.
UCI_Dataset;19/10/04 15:00;0;NORMAL;;Sem ação necessária.
UCI_Dataset;19/10/04 16:00;0;NORMAL;;Sem ação necessária.
UCI_Dataset;19/10/04 17:00;0;NORMAL;;Sem ação necessária.
UCI_Dataset;19/10/04 18:00;0;NORMAL;;Sem ação necessária.
UCI_Dataset;19/10/04 19:00;0;NORMAL;;Sem ação necessária.
UCI_Dataset;19/10/04 20:00;0;NORMAL;;Sem ação necessária.
UCI_Dataset;19/10/04 21:00;0;NORMAL;;Sem ação necessária.
UCI_Dataset;19/10/04 22:00;0;NORMAL;;Sem ação necessária.
UCI_Dataset;19/10/04 23:00;0;NORMAL;;Sem ação necessária.
UCI_Dataset;20/10/04 00:00;0;NORMAL;;Sem ação necessária.
UCI_Dataset;20/10/04 01:00;0;NORMAL;;Sem ação necessária.
UCI_Dataset;20/10/04 02:00;0;NORMAL;;Sem ação necessária.
UCI_Dataset;20/10/04 03:00;0;NORMAL;;Sem ação necessária.
UCI_Dataset;20/10/04 04:00;0;NORMAL;;Sem ação necessária.
UCI_Dataset;20/10/04 05:00;0;NORMAL;;Sem ação necessária.
UCI_Dataset;20/10/04 06:00;0;NORMAL;;Sem ação necessária.
UCI_Dataset;20/10/04 07:00;0;NORMAL;;Sem ação necessária.
UCI_Dataset;20/10/04 08:00;0;NORMAL;;Sem ação necessária.
UCI_Dataset;20/10/04 09:00;0;NORMAL;;Sem ação necessária.
UCI_Dataset;20/10/04 10:00;0;NORMAL;;Sem ação necessária.
UCI_Dataset;20/10/04 11:00;0;NORMAL;;Sem ação necessária.
UCI_Dataset;20/10/04 12:00;0;NORMAL;;Sem ação necessária.
UCI_Dataset;20/10/04 13:00;0;NORMAL;;Sem ação necessária.
UCI_Dataset;20/10/04 14:00;0;NORMAL;;Sem ação necessária.
UCI_Dataset;20/10/04 15:00;0;NORMAL;;Sem ação necessária.
UCI_Dataset;20/10/04 16:00;1;MODERADO;R02_NO2_MODERADO;Monitorizar evolucão. Sensiveis reduzam atividade ao ar livre.
UCI_Dataset;20/10/04 17:00;1;MODERADO;R02_NO2_MODERADO;Monitorizar evolucão. Sensiveis reduzam atividade ao ar livre.
UCI_Dataset;20/10/04 18:00;1;MODERADO;R02_NO2_MODERADO;Monitorizar evolucão. Sensiveis reduzam atividade ao ar livre.
UCI_Dataset;20/10/04 19:00;1;MODERADO;R02_NO2_MODERADO;Monitorizar evolucão. Sensiveis reduzam atividade ao ar livre.
UCI_Dataset;20/10/04 20:00;1;MODERADO;R02_NO2_MODERADO;Monitorizar evolucão. Sensiveis reduzam atividade ao ar livre.
UCI_Dataset;20/10/04 21:00;1;MODERADO;R02_NO2_MODERADO;Monitorizar evolucão. Sensiveis reduzam atividade ao ar livre.
UCI_Dataset;20/10/04 22:00;0;NORMAL;;Sem ação necessária.
UCI_Dataset;20/10/04 23:00;1;MODERADO;R02_NO2_MODERADO;Monitorizar evolucão. Sensiveis reduzam atividade ao ar livre.
UCI_Dataset;21/10/04 00:00;1;MODERADO;R02_NO2_MODERADO;Monitorizar evolucão. Sensiveis reduzam atividade ao ar livre.
UCI_Dataset;21/10/04 01:00;0;NORMAL;;Sem ação necessária.
UCI_Dataset;21/10/04 02:00;0;NORMAL;;Sem ação necessária.
UCI_Dataset;21/10/04 03:00;0;NORMAL;;Sem ação necessária.
UCI_Dataset;21/10/04 04:00;0;NORMAL;;Sem ação necessária.
UCI_Dataset;21/10/04 05:00;0;NORMAL;;Sem ação necessária.
UCI_Dataset;21/10/04 06:00;0;NORMAL;;Sem ação necessária.
UCI_Dataset;21/10/04 07:00;0;NORMAL;;Sem ação necessária.
UCI_Dataset;21/10/04 08:00;1;MODERADO;R02_NO2_MODERADO;Monitorizar evolucão. Sensiveis reduzam atividade ao ar livre.
UCI_Dataset;21/10/04 09:00;1;MODERADO;R02_NO2_MODERADO;Monitorizar evolucão. Sensiveis reduzam atividade ao ar livre.
UCI_Dataset;21/10/04 10:00;1;MODERADO;R02_NO2_MODERADO;Monitorizar evolucão. Sensiveis reduzam atividade ao ar livre.
UCI_Dataset;21/10/04 11:00;0;NORMAL;;Sem ação necessária.
UCI_Dataset;21/10/04 12:00;1;MODERADO;R02_NO2_MODERADO;Monitorizar evolucão. Sensiveis reduzam atividade ao ar livre.
UCI_Dataset;21/10/04 13:00;0;NORMAL;;Sem ação necessária.
UCI_Dataset;21/10/04 14:00;1;MODERADO;R02_NO2_MODERADO;Monitorizar evolucão. Sensiveis reduzam atividade ao ar livre.
UCI_Dataset;21/10/04 15:00;1;MODERADO;R02_NO2_MODERADO;Monitorizar evolucão. Sensiveis reduzam atividade ao ar livre.
UCI_Dataset;21/10/04 16:00;1;MODERADO;R02_NO2_MODERADO;Monitorizar evolucão. Sensiveis reduzam atividade ao ar livre.
UCI_Dataset;21/10/04 17:00;1;MODERADO;R02_NO2_MODERADO;Monitorizar evolucão. Sensiveis reduzam atividade ao ar livre.
UCI_Dataset;21/10/04 18:00;1;MODERADO;R02_NO2_MODERADO;Monitorizar evolucão. Sensiveis reduzam atividade ao ar livre.
UCI_Dataset;21/10/04 19:00;1;MODERADO;R02_NO2_MODERADO;Monitorizar evolucão. Sensiveis reduzam atividade ao ar livre.
UCI_Dataset;21/10/04 20:00;1;MODERADO;R02_NO2_MODERADO;Monitorizar evolucão. Sensiveis reduzam atividade ao ar livre.
UCI_Dataset;21/10/04 21:00;1;MODERADO;R02_NO2_MODERADO;Monitorizar evolucão. Sensiveis reduzam atividade ao ar livre.
UCI_Dataset;21/10/04 22:00;0;NORMAL;;Sem ação necessária.
UCI_Dataset;21/10/04 23:00;0;NORMAL;;Sem ação necessária.
UCI_Dataset;22/10/04 00:00;0;NORMAL;;Sem ação necessária.
UCI_Dataset;22/10/04 01:00;0;NORMAL;;Sem ação necessária.
UCI_Dataset;22/10/04 02:00;0;NORMAL;;Sem ação necessária.
UCI_Dataset;22/10/04 03:00;0;NORMAL;;Sem ação necessária.
UCI_Dataset;22/10/04 04:00;0;NORMAL;;Sem ação necessária.
UCI_Dataset;22/10/04 05:00;0;NORMAL;;Sem ação necessária.
UCI_Dataset;22/10/04 06:00;0;NORMAL;;Sem ação necessária.
UCI_Dataset;22/10/04 07:00;0;NORMAL;;Sem ação necessária.
UCI_Dataset;22/10/04 08:00;0;NORMAL;;Sem ação necessária.
UCI_Dataset;22/10/04 09:00;0;NORMAL;;Sem ação necessária.
UCI_Dataset;22/10/04 10:00;0;NORMAL;;Sem ação necessária.
UCI_Dataset;22/10/04 11:00;0;NORMAL;;Sem ação necessária.
UCI_Dataset;22/10/04 12:00;0;NORMAL;;Sem ação necessária.
UCI_Dataset;22/10/04 13:00;1;MODERADO;R02_NO2_MODERADO;Monitorizar evolucão. Sensiveis reduzam atividade ao ar livre.
UCI_Dataset;22/10/04 14:00;1;MODERADO;R02_NO2_MODERADO;Monitorizar evolucão. Sensiveis reduzam atividade ao ar livre.
UCI_Dataset;22/10/04 15:00;1;MODERADO;R02_NO2_MODERADO;Monitorizar evolucão. Sensiveis reduzam atividade ao ar livre.
UCI_Dataset;22/10/04 16:00;1;MODERADO;R02_NO2_MODERADO;Monitorizar evolucão. Sensiveis reduzam atividade ao ar livre.
UCI_Dataset;22/10/04 17:00;1;MODERADO;R02_NO2_MODERADO;Monitorizar evolucão. Sensiveis reduzam atividade ao ar livre.
UCI_Dataset;22/10/04 18:00;1;MODERADO;R02_NO2_MODERADO;Monitorizar evolucão. Sensiveis reduzam atividade ao ar livre.
UCI_Dataset;22/10/04 19:00;1;MODERADO;R02_NO2_MODERADO;Monitorizar evolucão. Sensiveis reduzam atividade ao ar livre.
UCI_Dataset;22/10/04 20:00;1;MODERADO;R02_NO2_MODERADO;Monitorizar evolucão. Sensiveis reduzam atividade ao ar livre.
UCI_Dataset;22/10/04 21:00;0;NORMAL;;Sem ação necessária.
UCI_Dataset;22/10/04 22:00;0;NORMAL;;Sem ação necessária.
UCI_Dataset;22/10/04 23:00;0;NORMAL;;Sem ação necessária.
UCI_Dataset;23/10/04 00:00;0;NORMAL;;Sem ação necessária.
UCI_Dataset;23/10/04 01:00;0;NORMAL;;Sem ação necessária.
UCI_Dataset;23/10/04 02:00;0;NORMAL;;Sem ação necessária.
UCI_Dataset;23/10/04 03:00;0;NORMAL;;Sem ação necessária.
UCI_Dataset;23/10/04 04:00;0;NORMAL;;Sem ação necessária.
UCI_Dataset;23/10/04 05:00;0;NORMAL;;Sem ação necessária.
UCI_Dataset;23/10/04 06:00;0;NORMAL;;Sem ação necessária.
UCI_Dataset;23/10/04 07:00;0;NORMAL;;Sem ação necessária.
UCI_Dataset;23/10/04 08:00;0;NORMAL;;Sem ação necessária.
UCI_Dataset;23/10/04 09:00;0;NORMAL;;Sem ação necessária.
UCI_Dataset;23/10/04 10:00;0;NORMAL;;Sem ação necessária.
UCI_Dataset;23/10/04 11:00;1;MODERADO;R02_NO2_MODERADO;Monitorizar evolucão. Sensiveis reduzam atividade ao ar livre.
UCI_Dataset;23/10/04 12:00;1;MODERADO;R02_NO2_MODERADO;Monitorizar evolucão. Sensiveis reduzam atividade ao ar livre.
UCI_Dataset;23/10/04 13:00;1;MODERADO;R02_NO2_MODERADO;Monitorizar evolucão. Sensiveis reduzam atividade ao ar livre.
UCI_Dataset;23/10/04 14:00;1;MODERADO;R02_NO2_MODERADO;Monitorizar evolucão. Sensiveis reduzam atividade ao ar livre.
UCI_Dataset;23/10/04 15:00;1;MODERADO;R02_NO2_MODERADO;Monitorizar evolucão. Sensiveis reduzam atividade ao ar livre.
UCI_Dataset;23/10/04 16:00;1;MODERADO;R02_NO2_MODERADO;Monitorizar evolucão. Sensiveis reduzam atividade ao ar livre.
UCI_Dataset;23/10/04 17:00;1;MODERADO;R02_NO2_MODERADO;Monitorizar evolucão. Sensiveis reduzam atividade ao ar livre.
UCI_Dataset;23/10/04 18:00;1;MODERADO;R02_NO2_MODERADO;Monitorizar evolucão. Sensiveis reduzam atividade ao ar livre.
UCI_Dataset;23/10/04 19:00;1;MODERADO;R02_NO2_MODERADO;Monitorizar evolucão. Sensiveis reduzam atividade ao ar livre.
UCI_Dataset;23/10/04 20:00;1;MODERADO;R02_NO2_MODERADO;Monitorizar evolucão. Sensiveis reduzam atividade ao ar livre.
UCI_Dataset;23/10/04 21:00;0;NORMAL;;Sem ação necessária.
UCI_Dataset;23/10/04 22:00;0;NORMAL;;Sem ação necessária.
UCI_Dataset;23/10/04 23:00;0;NORMAL;;Sem ação necessária.
UCI_Dataset;24/10/04 00:00;0;NORMAL;;Sem ação necessária.
UCI_Dataset;24/10/04 01:00;0;NORMAL;;Sem ação necessária.
UCI_Dataset;24/10/04 02:00;0;NORMAL;;Sem ação necessária.
UCI_Dataset;24/10/04 03:00;0;NORMAL;;Sem ação necessária.
UCI_Dataset;24/10/04 04:00;0;NORMAL;;Sem ação necessária.
UCI_Dataset;24/10/04 05:00;0;NORMAL;;Sem ação necessária.
UCI_Dataset;24/10/04 06:00;0;NORMAL;;Sem ação necessária.
UCI_Dataset;24/10/04 07:00;0;NORMAL;;Sem ação necessária.
UCI_Dataset;24/10/04 08:00;0;NORMAL;;Sem ação necessária.
UCI_Dataset;24/10/04 09:00;0;NORMAL;;Sem ação necessária.
UCI_Dataset;24/10/04 10:00;0;NORMAL;;Sem ação necessária.
UCI_Dataset;24/10/04 11:00;0;NORMAL;;Sem ação necessária.
UCI_Dataset;24/10/04 12:00;0;NORMAL;;Sem ação necessária.
UCI_Dataset;24/10/04 13:00;0;NORMAL;;Sem ação necessária.
UCI_Dataset;24/10/04 14:00;0;NORMAL;;Sem ação necessária.
UCI_Dataset;24/10/04 15:00;0;NORMAL;;Sem ação necessária.
UCI_Dataset;24/10/04 16:00;0;NORMAL;;Sem ação necessária.
UCI_Dataset;24/10/04 17:00;0;NORMAL;;Sem ação necessária.
UCI_Dataset;24/10/04 18:00;1;MODERADO;R02_NO2_MODERADO;Monitorizar evolucão. Sensiveis reduzam atividade ao ar livre.
UCI_Dataset;24/10/04 19:00;1;MODERADO;R02_NO2_MODERADO;Monitorizar evolucão. Sensiveis reduzam atividade ao ar livre.
UCI_Dataset;24/10/04 20:00;0;NORMAL;;Sem ação necessária.
UCI_Dataset;24/10/04 21:00;0;NORMAL;;Sem ação necessária.
UCI_Dataset;24/10/04 22:00;0;NORMAL;;Sem ação necessária.
UCI_Dataset;24/10/04 23:00;0;NORMAL;;Sem ação necessária.
UCI_Dataset;25/10/04 00:00;0;NORMAL;;Sem ação necessária.
UCI_Dataset;25/10/04 01:00;0;NORMAL;;Sem ação necessária.
UCI_Dataset;25/10/04 02:00;0;NORMAL;;Sem ação necessária.
UCI_Dataset;25/10/04 03:00;0;NORMAL;;Sem ação necessária.
UCI_Dataset;25/10/04 04:00;0;NORMAL;;Sem ação necessária.
UCI_Dataset;25/10/04 05:00;0;NORMAL;;Sem ação necessária.
UCI_Dataset;25/10/04 06:00;0;NORMAL;;Sem ação necessária.
UCI_Dataset;25/10/04 07:00;0;NORMAL;;Sem ação necessária.
UCI_Dataset;25/10/04 08:00;0;NORMAL;;Sem ação necessária.
UCI_Dataset;25/10/04 09:00;1;MODERADO;R02_NO2_MODERADO;Monitorizar evolucão. Sensiveis reduzam atividade ao ar livre.
UCI_Dataset;25/10/04 10:00;1;MODERADO;R02_NO2_MODERADO;Monitorizar evolucão. Sensiveis reduzam atividade ao ar livre.
UCI_Dataset;25/10/04 11:00;1;MODERADO;R02_NO2_MODERADO;Monitorizar evolucão. Sensiveis reduzam atividade ao ar livre.
UCI_Dataset;25/10/04 12:00;1;MODERADO;R02_NO2_MODERADO;Monitorizar evolucão. Sensiveis reduzam atividade ao ar livre.
UCI_Dataset;25/10/04 13:00;1;MODERADO;R02_NO2_MODERADO;Monitorizar evolucão. Sensiveis reduzam atividade ao ar livre.
UCI_Dataset;25/10/04 14:00;1;MODERADO;R02_NO2_MODERADO;Monitorizar evolucão. Sensiveis reduzam atividade ao ar livre.
UCI_Dataset;25/10/04 15:00;1;MODERADO;R02_NO2_MODERADO;Monitorizar evolucão. Sensiveis reduzam atividade ao ar livre.
UCI_Dataset;25/10/04 16:00;1;MODERADO;R02_NO2_MODERADO;Monitorizar evolucão. Sensiveis reduzam atividade ao ar livre.
UCI_Dataset;25/10/04 17:00;1;MODERADO;R02_NO2_MODERADO;Monitorizar evolucão. Sensiveis reduzam atividade ao ar livre.
UCI_Dataset;25/10/04 18:00;1;MODERADO;R02_NO2_MODERADO;Monitorizar evolucão. Sensiveis reduzam atividade ao ar livre.
UCI_Dataset;25/10/04 19:00;1;MODERADO;R02_NO2_MODERADO;Monitorizar evolucão. Sensiveis reduzam atividade ao ar livre.
UCI_Dataset;25/10/04 20:00;1;MODERADO;R02_NO2_MODERADO;Monitorizar evolucão. Sensiveis reduzam atividade ao ar livre.
UCI_Dataset;25/10/04 21:00;0;NORMAL;;Sem ação necessária.
UCI_Dataset;25/10/04 22:00;0;NORMAL;;Sem ação necessária.
UCI_Dataset;25/10/04 23:00;0;NORMAL;;Sem ação necessária.
UCI_Dataset;26/10/04 00:00;0;NORMAL;;Sem ação necessária.
UCI_Dataset;26/10/04 01:00;0;NORMAL;;Sem ação necessária.
UCI_Dataset;26/10/04 02:00;0;NORMAL;;Sem ação necessária.
UCI_Dataset;26/10/04 03:00;0;NORMAL;;Sem ação necessária.
UCI_Dataset;26/10/04 04:00;0;NORMAL;;Sem ação necessária.
UCI_Dataset;26/10/04 05:00;0;NORMAL;;Sem ação necessária.
UCI_Dataset;26/10/04 06:00;0;NORMAL;;Sem ação necessária.
UCI_Dataset;26/10/04 07:00;0;NORMAL;;Sem ação necessária.
UCI_Dataset;26/10/04 08:00;0;NORMAL;;Sem ação necessária.
UCI_Dataset;26/10/04 09:00;0;NORMAL;;Sem ação necessária.
UCI_Dataset;26/10/04 10:00;1;MODERADO;R02_NO2_MODERADO;Monitorizar evolucão. Sensiveis reduzam atividade ao ar livre.
UCI_Dataset;26/10/04 11:00;1;MODERADO;R02_NO2_MODERADO;Monitorizar evolucão. Sensiveis reduzam atividade ao ar livre.
UCI_Dataset;26/10/04 12:00;1;MODERADO;R02_NO2_MODERADO;Monitorizar evolucão. Sensiveis reduzam atividade ao ar livre.
UCI_Dataset;26/10/04 13:00;1;MODERADO;R02_NO2_MODERADO;Monitorizar evolucão. Sensiveis reduzam atividade ao ar livre.
UCI_Dataset;26/10/04 14:00;1;MODERADO;R02_NO2_MODERADO;Monitorizar evolucão. Sensiveis reduzam atividade ao ar livre.
UCI_Dataset;26/10/04 15:00;1;MODERADO;R02_NO2_MODERADO;Monitorizar evolucão. Sensiveis reduzam atividade ao ar livre.
UCI_Dataset;26/10/04 16:00;1;MODERADO;R02_NO2_MODERADO;Monitorizar evolucão. Sensiveis reduzam atividade ao ar livre.
UCI_Dataset;26/10/04 17:00;1;MODERADO;R02_NO2_MODERADO;Monitorizar evolucão. Sensiveis reduzam atividade ao ar livre.
UCI_Dataset;26/10/04 18:00;1;MODERADO;R02_NO2_MODERADO;Monitorizar evolucão. Sensiveis reduzam atividade ao ar livre.
UCI_Dataset;26/10/04 19:00;1;MODERADO;R02_NO2_MODERADO;Monitorizar evolucão. Sensiveis reduzam atividade ao ar livre.
UCI_Dataset;26/10/04 20:00;1;MODERADO;R02_NO2_MODERADO;Monitorizar evolucão. Sensiveis reduzam atividade ao ar livre.
UCI_Dataset;26/10/04 21:00;0;NORMAL;;Sem ação necessária.
UCI_Dataset;26/10/04 22:00;0;NORMAL;;Sem ação necessária.
UCI_Dataset;26/10/04 23:00;0;NORMAL;;Sem ação necessária.
UCI_Dataset;27/10/04 00:00;0;NORMAL;;Sem ação necessária.
UCI_Dataset;27/10/04 01:00;0;NORMAL;;Sem ação necessária.
UCI_Dataset;27/10/04 02:00;0;NORMAL;;Sem ação necessária.
UCI_Dataset;27/10/04 03:00;0;NORMAL;;Sem ação necessária.
UCI_Dataset;27/10/04 04:00;0;NORMAL;;Sem ação necessária.
UCI_Dataset;27/10/04 05:00;0;NORMAL;;Sem ação necessária.
UCI_Dataset;27/10/04 06:00;0;NORMAL;;Sem ação necessária.
UCI_Dataset;27/10/04 07:00;1;MODERADO;R02_NO2_MODERADO;Monitorizar evolucão. Sensiveis reduzam atividade ao ar livre.
UCI_Dataset;27/10/04 08:00;1;MODERADO;R02_NO2_MODERADO;Monitorizar evolucão. Sensiveis reduzam atividade ao ar livre.
UCI_Dataset;27/10/04 09:00;1;MODERADO;R02_NO2_MODERADO;Monitorizar evolucão. Sensiveis reduzam atividade ao ar livre.
UCI_Dataset;27/10/04 10:00;1;MODERADO;R02_NO2_MODERADO;Monitorizar evolucão. Sensiveis reduzam atividade ao ar livre.
UCI_Dataset;27/10/04 11:00;1;MODERADO;R02_NO2_MODERADO;Monitorizar evolucão. Sensiveis reduzam atividade ao ar livre.
UCI_Dataset;27/10/04 12:00;1;MODERADO;R02_NO2_MODERADO;Monitorizar evolucão. Sensiveis reduzam atividade ao ar livre.
UCI_Dataset;27/10/04 13:00;1;MODERADO;R02_NO2_MODERADO;Monitorizar evolucão. Sensiveis reduzam atividade ao ar livre.
UCI_Dataset;27/10/04 14:00;1;MODERADO;R02_NO2_MODERADO;Monitorizar evolucão. Sensiveis reduzam atividade ao ar livre.
UCI_Dataset;27/10/04 15:00;1;MODERADO;R02_NO2_MODERADO;Monitorizar evolucão. Sensiveis reduzam atividade ao ar livre.
UCI_Dataset;27/10/04 16:00;1;MODERADO;R02_NO2_MODERADO;Monitorizar evolucão. Sensiveis reduzam atividade ao ar livre.
UCI_Dataset;27/10/04 17:00;1;MODERADO;R02_NO2_MODERADO;Monitorizar evolucão. Sensiveis reduzam atividade ao ar livre.
UCI_Dataset;27/10/04 18:00;1;MODERADO;R02_NO2_MODERADO;Monitorizar evolucão. Sensiveis reduzam atividade ao ar livre.
UCI_Dataset;27/10/04 19:00;1;MODERADO;R02_NO2_MODERADO;Monitorizar evolucão. Sensiveis reduzam atividade ao ar livre.
UCI_Dataset;27/10/04 20:00;0;NORMAL;;Sem ação necessária.
UCI_Dataset;27/10/04 21:00;0;NORMAL;;Sem ação necessária.
UCI_Dataset;27/10/04 22:00;0;NORMAL;;Sem ação necessária.
UCI_Dataset;27/10/04 23:00;0;NORMAL;;Sem ação necessária.
UCI_Dataset;28/10/04 00:00;0;NORMAL;;Sem ação necessária.
UCI_Dataset;28/10/04 01:00;0;NORMAL;;Sem ação necessária.
UCI_Dataset;28/10/04 02:00;0;NORMAL;;Sem ação necessária.
UCI_Dataset;28/10/04 03:00;0;NORMAL;;Sem ação necessária.
UCI_Dataset;28/10/04 04:00;0;NORMAL;;Sem ação necessária.
UCI_Dataset;28/10/04 05:00;0;NORMAL;;Sem ação necessária.
UCI_Dataset;28/10/04 06:00;0;NORMAL;;Sem ação necessária.
UCI_Dataset;28/10/04 07:00;0;NORMAL;;Sem ação necessária.
UCI_Dataset;28/10/04 08:00;1;MODERADO;R02_NO2_MODERADO;Monitorizar evolucão. Sensiveis reduzam atividade ao ar livre.
UCI_Dataset;28/10/04 09:00;0;NORMAL;;Sem ação necessária.
UCI_Dataset;28/10/04 10:00;1;MODERADO;R02_NO2_MODERADO;Monitorizar evolucão. Sensiveis reduzam atividade ao ar livre.
UCI_Dataset;28/10/04 11:00;1;MODERADO;R02_NO2_MODERADO;Monitorizar evolucão. Sensiveis reduzam atividade ao ar livre.
UCI_Dataset;28/10/04 12:00;1;MODERADO;R02_NO2_MODERADO;Monitorizar evolucão. Sensiveis reduzam atividade ao ar livre.
UCI_Dataset;28/10/04 13:00;0;NORMAL;;Sem ação necessária.
UCI_Dataset;28/10/04 14:00;1;MODERADO;R02_NO2_MODERADO;Monitorizar evolucão. Sensiveis reduzam atividade ao ar livre.
UCI_Dataset;28/10/04 15:00;1;MODERADO;R02_NO2_MODERADO;Monitorizar evolucão. Sensiveis reduzam atividade ao ar livre.
UCI_Dataset;28/10/04 16:00;1;MODERADO;R02_NO2_MODERADO;Monitorizar evolucão. Sensiveis reduzam atividade ao ar livre.
UCI_Dataset;28/10/04 17:00;1;MODERADO;R02_NO2_MODERADO;Monitorizar evolucão. Sensiveis reduzam atividade ao ar livre.
UCI_Dataset;28/10/04 18:00;1;MODERADO;R02_NO2_MODERADO;Monitorizar evolucão. Sensiveis reduzam atividade ao ar livre.
UCI_Dataset;28/10/04 19:00;1;MODERADO;R02_NO2_MODERADO;Monitorizar evolucão. Sensiveis reduzam atividade ao ar livre.
UCI_Dataset;28/10/04 20:00;1;MODERADO;R02_NO2_MODERADO;Monitorizar evolucão. Sensiveis reduzam atividade ao ar livre.
UCI_Dataset;28/10/04 21:00;0;NORMAL;;Sem ação necessária.
UCI_Dataset;28/10/04 22:00;0;NORMAL;;Sem ação necessária.
UCI_Dataset;28/10/04 23:00;0;NORMAL;;Sem ação necessária.
UCI_Dataset;29/10/04 00:00;0;NORMAL;;Sem ação necessária.
UCI_Dataset;29/10/04 01:00;0;NORMAL;;Sem ação necessária.
UCI_Dataset;29/10/04 02:00;0;NORMAL;;Sem ação necessária.
UCI_Dataset;29/10/04 03:00;0;NORMAL;;Sem ação necessária.
UCI_Dataset;29/10/04 04:00;0;NORMAL;;Sem ação necessária.
UCI_Dataset;29/10/04 05:00;0;NORMAL;;Sem ação necessária.
UCI_Dataset;29/10/04 06:00;0;NORMAL;;Sem ação necessária.
UCI_Dataset;29/10/04 07:00;1;MODERADO;R02_NO2_MODERADO;Monitorizar evolucão. Sensiveis reduzam atividade ao ar livre.
UCI_Dataset;29/10/04 08:00;1;MODERADO;R02_NO2_MODERADO;Monitorizar evolucão. Sensiveis reduzam atividade ao ar livre.
UCI_Dataset;29/10/04 09:00;1;MODERADO;R02_NO2_MODERADO;Monitorizar evolucão. Sensiveis reduzam atividade ao ar livre.
UCI_Dataset;29/10/04 10:00;0;NORMAL;;Sem ação necessária.
UCI_Dataset;29/10/04 11:00;1;MODERADO;R02_NO2_MODERADO;Monitorizar evolucão. Sensiveis reduzam atividade ao ar livre.
UCI_Dataset;29/10/04 12:00;1;MODERADO;R02_NO2_MODERADO;Monitorizar evolucão. Sensiveis reduzam atividade ao ar livre.
UCI_Dataset;29/10/04 13:00;1;MODERADO;R02_NO2_MODERADO;Monitorizar evolucão. Sensiveis reduzam atividade ao ar livre.
UCI_Dataset;29/10/04 14:00;2;ALTO;R12_QUALIDADE_AR_PESSIMA, R02_NO2_MODERADO;Qualidade do ar muito degradada agravada por humidade alta. Grupos de risco evitem saídas.
UCI_Dataset;29/10/04 15:00;1;MODERADO;R02_NO2_MODERADO;Monitorizar evolucão. Sensiveis reduzam atividade ao ar livre.
UCI_Dataset;29/10/04 16:00;1;MODERADO;R02_NO2_MODERADO;Monitorizar evolucão. Sensiveis reduzam atividade ao ar livre.
UCI_Dataset;29/10/04 17:00;1;MODERADO;R02_NO2_MODERADO;Monitorizar evolucão. Sensiveis reduzam atividade ao ar livre.
UCI_Dataset;29/10/04 18:00;1;MODERADO;R02_NO2_MODERADO;Monitorizar evolucão. Sensiveis reduzam atividade ao ar livre.
UCI_Dataset;29/10/04 19:00;1;MODERADO;R02_NO2_MODERADO;Monitorizar evolucão. Sensiveis reduzam atividade ao ar livre.
UCI_Dataset;29/10/04 20:00;1;MODERADO;R02_NO2_MODERADO;Monitorizar evolucão. Sensiveis reduzam atividade ao ar livre.
UCI_Dataset;29/10/04 21:00;1;MODERADO;R02_NO2_MODERADO;Monitorizar evolucão. Sensiveis reduzam atividade ao ar livre.
UCI_Dataset;29/10/04 22:00;0;NORMAL;;Sem ação necessária.
UCI_Dataset;29/10/04 23:00;1;MODERADO;R02_NO2_MODERADO;Monitorizar evolucão. Sensiveis reduzam atividade ao ar livre.
UCI_Dataset;30/10/04 00:00;1;MODERADO;R02_NO2_MODERADO;Monitorizar evolucão. Sensiveis reduzam atividade ao ar livre.
UCI_Dataset;30/10/04 01:00;0;NORMAL;;Sem ação necessária.
UCI_Dataset;30/10/04 02:00;0;NORMAL;;Sem ação necessária.
UCI_Dataset;30/10/04 03:00;0;NORMAL;;Sem ação necessária.
UCI_Dataset;30/10/04 04:00;0;NORMAL;;Sem ação necessária.
UCI_Dataset;30/10/04 05:00;0;NORMAL;;Sem ação necessária.
UCI_Dataset;30/10/04 06:00;0;NORMAL;;Sem ação necessária.
UCI_Dataset;30/10/04 07:00;0;NORMAL;;Sem ação necessária.
UCI_Dataset;30/10/04 08:00;1;MODERADO;R02_NO2_MODERADO;Monitorizar evolucão. Sensiveis reduzam atividade ao ar livre.
UCI_Dataset;30/10/04 09:00;1;MODERADO;R02_NO2_MODERADO;Monitorizar evolucão. Sensiveis reduzam atividade ao ar livre.
UCI_Dataset;30/10/04 10:00;1;MODERADO;R02_NO2_MODERADO;Monitorizar evolucão. Sensiveis reduzam atividade ao ar livre.
UCI_Dataset;30/10/04 11:00;1;MODERADO;R02_NO2_MODERADO;Monitorizar evolucão. Sensiveis reduzam atividade ao ar livre.
UCI_Dataset;30/10/04 12:00;1;MODERADO;R02_NO2_MODERADO;Monitorizar evolucão. Sensiveis reduzam atividade ao ar livre.
UCI_Dataset;30/10/04 13:00;1;MODERADO;R02_NO2_MODERADO;Monitorizar evolucão. Sensiveis reduzam atividade ao ar livre.
UCI_Dataset;30/10/04 14:00;1;MODERADO;R02_NO2_MODERADO;Monitorizar evolucão. Sensiveis reduzam atividade ao ar livre.
UCI_Dataset;30/10/04 15:00;1;MODERADO;R02_NO2_MODERADO;Monitorizar evolucão. Sensiveis reduzam atividade ao ar livre.
UCI_Dataset;30/10/04 16:00;1;MODERADO;R02_NO2_MODERADO;Monitorizar evolucão. Sensiveis reduzam atividade ao ar livre.
UCI_Dataset;30/10/04 17:00;1;MODERADO;R02_NO2_MODERADO;Monitorizar evolucão. Sensiveis reduzam atividade ao ar livre.
UCI_Dataset;30/10/04 18:00;1;MODERADO;R02_NO2_MODERADO;Monitorizar evolucão. Sensiveis reduzam atividade ao ar livre.
UCI_Dataset;30/10/04 19:00;1;MODERADO;R02_NO2_MODERADO;Monitorizar evolucão. Sensiveis reduzam atividade ao ar livre.
UCI_Dataset;30/10/04 20:00;1;MODERADO;R02_NO2_MODERADO;Monitorizar evolucão. Sensiveis reduzam atividade ao ar livre.
UCI_Dataset;30/10/04 21:00;0;NORMAL;;Sem ação necessária.
UCI_Dataset;30/10/04 22:00;0;NORMAL;;Sem ação necessária.
UCI_Dataset;30/10/04 23:00;0;NORMAL;;Sem ação necessária.
UCI_Dataset;31/10/04 00:00;0;NORMAL;;Sem ação necessária.
UCI_Dataset;31/10/04 01:00;0;NORMAL;;Sem ação necessária.
UCI_Dataset;31/10/04 02:00;0;NORMAL;;Sem ação necessária.
UCI_Dataset;31/10/04 03:00;0;NORMAL;;Sem ação necessária.
UCI_Dataset;31/10/04 04:00;0;NORMAL;;Sem ação necessária.
UCI_Dataset;31/10/04 05:00;0;NORMAL;;Sem ação necessária.
UCI_Dataset;31/10/04 06:00;0;NORMAL;;Sem ação necessária.
UCI_Dataset;31/10/04 07:00;0;NORMAL;;Sem ação necessária.
UCI_Dataset;31/10/04 08:00;0;NORMAL;;Sem ação necessária.
UCI_Dataset;31/10/04 09:00;0;NORMAL;;Sem ação necessária.
UCI_Dataset;31/10/04 10:00;0;NORMAL;;Sem ação necessária.
UCI_Dataset;31/10/04 11:00;0;NORMAL;;Sem ação necessária.
UCI_Dataset;31/10/04 12:00;0;NORMAL;;Sem ação necessária.
UCI_Dataset;31/10/04 13:00;0;NORMAL;;Sem ação necessária.
UCI_Dataset;31/10/04 14:00;0;NORMAL;;Sem ação necessária.
UCI_Dataset;31/10/04 15:00;0;NORMAL;;Sem ação necessária.
UCI_Dataset;31/10/04 16:00;0;NORMAL;;Sem ação necessária.
UCI_Dataset;31/10/04 17:00;0;NORMAL;;Sem ação necessária.
UCI_Dataset;31/10/04 18:00;1;MODERADO;R02_NO2_MODERADO;Monitorizar evolucão. Sensiveis reduzam atividade ao ar livre.
UCI_Dataset;31/10/04 19:00;1;MODERADO;R02_NO2_MODERADO;Monitorizar evolucão. Sensiveis reduzam atividade ao ar livre.
UCI_Dataset;31/10/04 20:00;0;NORMAL;;Sem ação necessária.
UCI_Dataset;31/10/04 21:00;0;NORMAL;;Sem ação necessária.
UCI_Dataset;31/10/04 22:00;0;NORMAL;;Sem ação necessária.
UCI_Dataset;31/10/04 23:00;0;NORMAL;;Sem ação necessária.
UCI_Dataset;01/11/04 00:00;0;NORMAL;;Sem ação necessária.
UCI_Dataset;01/11/04 01:00;0;NORMAL;;Sem ação necessária.
UCI_Dataset;01/11/04 02:00;0;NORMAL;;Sem ação necessária.
UCI_Dataset;01/11/04 03:00;0;NORMAL;;Sem ação necessária.
UCI_Dataset;01/11/04 04:00;0;NORMAL;;Sem ação necessária.
UCI_Dataset;01/11/04 05:00;0;NORMAL;;Sem ação necessária.
UCI_Dataset;01/11/04 06:00;0;NORMAL;;Sem ação necessária.
UCI_Dataset;01/11/04 07:00;0;NORMAL;;Sem ação necessária.
UCI_Dataset;01/11/04 08:00;0;NORMAL;;Sem ação necessária.
UCI_Dataset;01/11/04 09:00;0;NORMAL;;Sem ação necessária.
UCI_Dataset;01/11/04 10:00;0;NORMAL;;Sem ação necessária.
UCI_Dataset;01/11/04 11:00;0;NORMAL;;Sem ação necessária.
UCI_Dataset;01/11/04 12:00;0;NORMAL;;Sem ação necessária.
UCI_Dataset;01/11/04 13:00;0;NORMAL;;Sem ação necessária.
UCI_Dataset;01/11/04 14:00;0;NORMAL;;Sem ação necessária.
UCI_Dataset;01/11/04 15:00;0;NORMAL;;Sem ação necessária.
UCI_Dataset;01/11/04 16:00;0;NORMAL;;Sem ação necessária.
UCI_Dataset;01/11/04 17:00;1;MODERADO;R02_NO2_MODERADO;Monitorizar evolucão. Sensiveis reduzam atividade ao ar livre.
UCI_Dataset;01/11/04 18:00;0;NORMAL;;Sem ação necessária.
UCI_Dataset;01/11/04 19:00;0;NORMAL;;Sem ação necessária.
UCI_Dataset;01/11/04 20:00;0;NORMAL;;Sem ação necessária.
UCI_Dataset;01/11/04 21:00;0;NORMAL;;Sem ação necessária.
UCI_Dataset;01/11/04 22:00;0;NORMAL;;Sem ação necessária.
UCI_Dataset;01/11/04 23:00;0;NORMAL;;Sem ação necessária.
UCI_Dataset;02/11/04 00:00;0;NORMAL;;Sem ação necessária.
UCI_Dataset;02/11/04 01:00;0;NORMAL;;Sem ação necessária.
UCI_Dataset;02/11/04 02:00;0;NORMAL;;Sem ação necessária.
UCI_Dataset;02/11/04 03:00;0;NORMAL;;Sem ação necessária.
UCI_Dataset;02/11/04 04:00;0;NORMAL;;Sem ação necessária.
UCI_Dataset;02/11/04 05:00;0;NORMAL;;Sem ação necessária.
UCI_Dataset;02/11/04 06:00;0;NORMAL;;Sem ação necessária.
UCI_Dataset;02/11/04 07:00;0;NORMAL;;Sem ação necessária.
UCI_Dataset;02/11/04 08:00;0;NORMAL;;Sem ação necessária.
UCI_Dataset;02/11/04 09:00;1;MODERADO;R02_NO2_MODERADO;Monitorizar evolucão. Sensiveis reduzam atividade ao ar livre.
UCI_Dataset;02/11/04 10:00;1;MODERADO;R02_NO2_MODERADO;Monitorizar evolucão. Sensiveis reduzam atividade ao ar livre.
UCI_Dataset;02/11/04 11:00;1;MODERADO;R02_NO2_MODERADO;Monitorizar evolucão. Sensiveis reduzam atividade ao ar livre.
UCI_Dataset;02/11/04 12:00;1;MODERADO;R02_NO2_MODERADO;Monitorizar evolucão. Sensiveis reduzam atividade ao ar livre.
UCI_Dataset;02/11/04 13:00;1;MODERADO;R02_NO2_MODERADO;Monitorizar evolucão. Sensiveis reduzam atividade ao ar livre.
UCI_Dataset;02/11/04 14:00;1;MODERADO;R02_NO2_MODERADO;Monitorizar evolucão. Sensiveis reduzam atividade ao ar livre.
UCI_Dataset;02/11/04 15:00;1;MODERADO;R02_NO2_MODERADO;Monitorizar evolucão. Sensiveis reduzam atividade ao ar livre.
UCI_Dataset;02/11/04 16:00;1;MODERADO;R02_NO2_MODERADO;Monitorizar evolucão. Sensiveis reduzam atividade ao ar livre.
UCI_Dataset;02/11/04 17:00;1;MODERADO;R02_NO2_MODERADO;Monitorizar evolucão. Sensiveis reduzam atividade ao ar livre.
UCI_Dataset;02/11/04 18:00;1;MODERADO;R02_NO2_MODERADO;Monitorizar evolucão. Sensiveis reduzam atividade ao ar livre.
UCI_Dataset;02/11/04 19:00;1;MODERADO;R02_NO2_MODERADO;Monitorizar evolucão. Sensiveis reduzam atividade ao ar livre.
UCI_Dataset;02/11/04 20:00;1;MODERADO;R02_NO2_MODERADO;Monitorizar evolucão. Sensiveis reduzam atividade ao ar livre.
UCI_Dataset;02/11/04 21:00;0;NORMAL;;Sem ação necessária.
UCI_Dataset;02/11/04 22:00;0;NORMAL;;Sem ação necessária.
UCI_Dataset;02/11/04 23:00;0;NORMAL;;Sem ação necessária.
UCI_Dataset;03/11/04 00:00;0;NORMAL;;Sem ação necessária.
UCI_Dataset;03/11/04 01:00;0;NORMAL;;Sem ação necessária.
UCI_Dataset;03/11/04 02:00;0;NORMAL;;Sem ação necessária.
UCI_Dataset;03/11/04 03:00;0;NORMAL;;Sem ação necessária.
UCI_Dataset;03/11/04 04:00;0;NORMAL;;Sem ação necessária.
UCI_Dataset;03/11/04 05:00;0;NORMAL;;Sem ação necessária.
UCI_Dataset;03/11/04 06:00;0;NORMAL;;Sem ação necessária.
UCI_Dataset;03/11/04 07:00;0;NORMAL;;Sem ação necessária.
UCI_Dataset;03/11/04 08:00;0;NORMAL;;Sem ação necessária.
UCI_Dataset;03/11/04 09:00;1;MODERADO;R02_NO2_MODERADO;Monitorizar evolucão. Sensiveis reduzam atividade ao ar livre.
UCI_Dataset;03/11/04 10:00;0;NORMAL;;Sem ação necessária.
UCI_Dataset;03/11/04 11:00;0;NORMAL;;Sem ação necessária.
UCI_Dataset;03/11/04 12:00;1;MODERADO;R02_NO2_MODERADO;Monitorizar evolucão. Sensiveis reduzam atividade ao ar livre.
UCI_Dataset;03/11/04 13:00;0;NORMAL;;Sem ação necessária.
UCI_Dataset;03/11/04 14:00;0;NORMAL;;Sem ação necessária.
UCI_Dataset;03/11/04 15:00;0;NORMAL;;Sem ação necessária.
UCI_Dataset;03/11/04 16:00;0;NORMAL;;Sem ação necessária.
UCI_Dataset;03/11/04 17:00;1;MODERADO;R02_NO2_MODERADO;Monitorizar evolucão. Sensiveis reduzam atividade ao ar livre.
UCI_Dataset;03/11/04 18:00;1;MODERADO;R02_NO2_MODERADO;Monitorizar evolucão. Sensiveis reduzam atividade ao ar livre.
UCI_Dataset;03/11/04 19:00;1;MODERADO;R02_NO2_MODERADO;Monitorizar evolucão. Sensiveis reduzam atividade ao ar livre.
UCI_Dataset;03/11/04 20:00;0;NORMAL;;Sem ação necessária.
UCI_Dataset;03/11/04 21:00;0;NORMAL;;Sem ação necessária.
UCI_Dataset;03/11/04 22:00;0;NORMAL;;Sem ação necessária.
UCI_Dataset;03/11/04 23:00;0;NORMAL;;Sem ação necessária.
UCI_Dataset;04/11/04 00:00;0;NORMAL;;Sem ação necessária.
UCI_Dataset;04/11/04 01:00;0;NORMAL;;Sem ação necessária.
UCI_Dataset;04/11/04 02:00;0;NORMAL;;Sem ação necessária.
UCI_Dataset;04/11/04 03:00;0;NORMAL;;Sem ação necessária.
UCI_Dataset;04/11/04 04:00;0;NORMAL;;Sem ação necessária.
UCI_Dataset;04/11/04 05:00;0;NORMAL;;Sem ação necessária.
UCI_Dataset;04/11/04 06:00;0;NORMAL;;Sem ação necessária.
UCI_Dataset;04/11/04 07:00;0;NORMAL;;Sem ação necessária.
UCI_Dataset;04/11/04 08:00;0;NORMAL;;Sem ação necessária.
UCI_Dataset;04/11/04 09:00;0;NORMAL;;Sem ação necessária.
UCI_Dataset;04/11/04 10:00;1;MODERADO;R02_NO2_MODERADO;Monitorizar evolucão. Sensiveis reduzam atividade ao ar livre.
UCI_Dataset;04/11/04 11:00;1;MODERADO;R02_NO2_MODERADO;Monitorizar evolucão. Sensiveis reduzam atividade ao ar livre.
UCI_Dataset;04/11/04 12:00;1;MODERADO;R02_NO2_MODERADO;Monitorizar evolucão. Sensiveis reduzam atividade ao ar livre.
UCI_Dataset;04/11/04 13:00;1;MODERADO;R02_NO2_MODERADO;Monitorizar evolucão. Sensiveis reduzam atividade ao ar livre.
UCI_Dataset;04/11/04 14:00;1;MODERADO;R02_NO2_MODERADO;Monitorizar evolucão. Sensiveis reduzam atividade ao ar livre.
UCI_Dataset;04/11/04 15:00;1;MODERADO;R02_NO2_MODERADO;Monitorizar evolucão. Sensiveis reduzam atividade ao ar livre.
UCI_Dataset;04/11/04 16:00;1;MODERADO;R02_NO2_MODERADO;Monitorizar evolucão. Sensiveis reduzam atividade ao ar livre.
UCI_Dataset;04/11/04 17:00;1;MODERADO;R02_NO2_MODERADO;Monitorizar evolucão. Sensiveis reduzam atividade ao ar livre.
UCI_Dataset;04/11/04 18:00;1;MODERADO;R02_NO2_MODERADO;Monitorizar evolucão. Sensiveis reduzam atividade ao ar livre.
UCI_Dataset;04/11/04 19:00;1;MODERADO;R02_NO2_MODERADO;Monitorizar evolucão. Sensiveis reduzam atividade ao ar livre.
UCI_Dataset;04/11/04 20:00;0;NORMAL;;Sem ação necessária.
UCI_Dataset;04/11/04 21:00;0;NORMAL;;Sem ação necessária.
UCI_Dataset;04/11/04 22:00;0;NORMAL;;Sem ação necessária.
UCI_Dataset;04/11/04 23:00;0;NORMAL;;Sem ação necessária.
UCI_Dataset;05/11/04 00:00;0;NORMAL;;Sem ação necessária.
UCI_Dataset;05/11/04 01:00;0;NORMAL;;Sem ação necessária.
UCI_Dataset;05/11/04 02:00;0;NORMAL;;Sem ação necessária.
UCI_Dataset;05/11/04 03:00;0;NORMAL;;Sem ação necessária.
UCI_Dataset;05/11/04 04:00;0;NORMAL;;Sem ação necessária.
UCI_Dataset;05/11/04 05:00;0;NORMAL;;Sem ação necessária.
UCI_Dataset;05/11/04 06:00;0;NORMAL;;Sem ação necessária.
UCI_Dataset;05/11/04 07:00;0;NORMAL;;Sem ação necessária.
UCI_Dataset;05/11/04 08:00;0;NORMAL;;Sem ação necessária.
UCI_Dataset;05/11/04 09:00;1;MODERADO;R02_NO2_MODERADO;Monitorizar evolucão. Sensiveis reduzam atividade ao ar livre.
UCI_Dataset;05/11/04 10:00;1;MODERADO;R02_NO2_MODERADO;Monitorizar evolucão. Sensiveis reduzam atividade ao ar livre.
UCI_Dataset;05/11/04 11:00;1;MODERADO;R02_NO2_MODERADO;Monitorizar evolucão. Sensiveis reduzam atividade ao ar livre.
UCI_Dataset;05/11/04 12:00;1;MODERADO;R02_NO2_MODERADO;Monitorizar evolucão. Sensiveis reduzam atividade ao ar livre.
UCI_Dataset;05/11/04 13:00;1;MODERADO;R02_NO2_MODERADO;Monitorizar evolucão. Sensiveis reduzam atividade ao ar livre.
UCI_Dataset;05/11/04 14:00;1;MODERADO;R02_NO2_MODERADO;Monitorizar evolucão. Sensiveis reduzam atividade ao ar livre.
UCI_Dataset;05/11/04 15:00;1;MODERADO;R02_NO2_MODERADO;Monitorizar evolucão. Sensiveis reduzam atividade ao ar livre.
UCI_Dataset;05/11/04 16:00;1;MODERADO;R02_NO2_MODERADO;Monitorizar evolucão. Sensiveis reduzam atividade ao ar livre.
UCI_Dataset;05/11/04 17:00;1;MODERADO;R02_NO2_MODERADO;Monitorizar evolucão. Sensiveis reduzam atividade ao ar livre.
UCI_Dataset;05/11/04 18:00;1;MODERADO;R02_NO2_MODERADO;Monitorizar evolucão. Sensiveis reduzam atividade ao ar livre.
UCI_Dataset;05/11/04 19:00;1;MODERADO;R02_NO2_MODERADO;Monitorizar evolucão. Sensiveis reduzam atividade ao ar livre.
UCI_Dataset;05/11/04 20:00;0;NORMAL;;Sem ação necessária.
UCI_Dataset;05/11/04 21:00;0;NORMAL;;Sem ação necessária.
UCI_Dataset;05/11/04 22:00;0;NORMAL;;Sem ação necessária.
UCI_Dataset;05/11/04 23:00;0;NORMAL;;Sem ação necessária.
UCI_Dataset;06/11/04 00:00;0;NORMAL;;Sem ação necessária.
UCI_Dataset;06/11/04 01:00;0;NORMAL;;Sem ação necessária.
UCI_Dataset;06/11/04 02:00;0;NORMAL;;Sem ação necessária.
UCI_Dataset;06/11/04 03:00;0;NORMAL;;Sem ação necessária.
UCI_Dataset;06/11/04 04:00;0;NORMAL;;Sem ação necessária.
UCI_Dataset;06/11/04 05:00;0;NORMAL;;Sem ação necessária.
UCI_Dataset;06/11/04 06:00;0;NORMAL;;Sem ação necessária.
UCI_Dataset;06/11/04 07:00;0;NORMAL;;Sem ação necessária.
UCI_Dataset;06/11/04 08:00;0;NORMAL;;Sem ação necessária.
UCI_Dataset;06/11/04 09:00;0;NORMAL;;Sem ação necessária.
UCI_Dataset;06/11/04 10:00;0;NORMAL;;Sem ação necessária.
UCI_Dataset;06/11/04 11:00;0;NORMAL;;Sem ação necessária.
UCI_Dataset;06/11/04 12:00;1;MODERADO;R02_NO2_MODERADO;Monitorizar evolucão. Sensiveis reduzam atividade ao ar livre.
UCI_Dataset;06/11/04 13:00;1;MODERADO;R02_NO2_MODERADO;Monitorizar evolucão. Sensiveis reduzam atividade ao ar livre.
UCI_Dataset;06/11/04 14:00;1;MODERADO;R02_NO2_MODERADO;Monitorizar evolucão. Sensiveis reduzam atividade ao ar livre.
UCI_Dataset;06/11/04 15:00;1;MODERADO;R02_NO2_MODERADO;Monitorizar evolucão. Sensiveis reduzam atividade ao ar livre.
UCI_Dataset;06/11/04 16:00;1;MODERADO;R02_NO2_MODERADO;Monitorizar evolucão. Sensiveis reduzam atividade ao ar livre.
UCI_Dataset;06/11/04 17:00;1;MODERADO;R02_NO2_MODERADO;Monitorizar evolucão. Sensiveis reduzam atividade ao ar livre.
UCI_Dataset;06/11/04 18:00;1;MODERADO;R02_NO2_MODERADO;Monitorizar evolucão. Sensiveis reduzam atividade ao ar livre.
UCI_Dataset;06/11/04 19:00;0;NORMAL;;Sem ação necessária.
UCI_Dataset;06/11/04 20:00;0;NORMAL;;Sem ação necessária.
UCI_Dataset;06/11/04 21:00;0;NORMAL;;Sem ação necessária.
UCI_Dataset;06/11/04 22:00;0;NORMAL;;Sem ação necessária.
UCI_Dataset;06/11/04 23:00;0;NORMAL;;Sem ação necessária.
UCI_Dataset;07/11/04 00:00;0;NORMAL;;Sem ação necessária.
UCI_Dataset;07/11/04 01:00;0;NORMAL;;Sem ação necessária.
UCI_Dataset;07/11/04 02:00;0;NORMAL;;Sem ação necessária.
UCI_Dataset;07/11/04 03:00;0;NORMAL;;Sem ação necessária.
UCI_Dataset;07/11/04 04:00;0;NORMAL;;Sem ação necessária.
UCI_Dataset;07/11/04 05:00;0;NORMAL;;Sem ação necessária.
UCI_Dataset;07/11/04 06:00;0;NORMAL;;Sem ação necessária.
UCI_Dataset;07/11/04 07:00;0;NORMAL;;Sem ação necessária.
UCI_Dataset;07/11/04 08:00;0;NORMAL;;Sem ação necessária.
UCI_Dataset;07/11/04 09:00;0;NORMAL;;Sem ação necessária.
UCI_Dataset;07/11/04 10:00;0;NORMAL;;Sem ação necessária.
UCI_Dataset;07/11/04 11:00;0;NORMAL;;Sem ação necessária.
UCI_Dataset;07/11/04 12:00;0;NORMAL;;Sem ação necessária.
UCI_Dataset;07/11/04 13:00;0;NORMAL;;Sem ação necessária.
UCI_Dataset;07/11/04 14:00;0;NORMAL;;Sem ação necessária.
UCI_Dataset;07/11/04 15:00;0;NORMAL;;Sem ação necessária.
UCI_Dataset;07/11/04 16:00;0;NORMAL;;Sem ação necessária.
UCI_Dataset;07/11/04 17:00;0;NORMAL;;Sem ação necessária.
UCI_Dataset;07/11/04 18:00;0;NORMAL;;Sem ação necessária.
UCI_Dataset;07/11/04 19:00;1;MODERADO;R02_NO2_MODERADO;Monitorizar evolucão. Sensiveis reduzam atividade ao ar livre.
UCI_Dataset;07/11/04 20:00;1;MODERADO;R02_NO2_MODERADO;Monitorizar evolucão. Sensiveis reduzam atividade ao ar livre.
UCI_Dataset;07/11/04 21:00;1;MODERADO;R02_NO2_MODERADO;Monitorizar evolucão. Sensiveis reduzam atividade ao ar livre.
UCI_Dataset;07/11/04 22:00;1;MODERADO;R02_NO2_MODERADO;Monitorizar evolucão. Sensiveis reduzam atividade ao ar livre.
UCI_Dataset;07/11/04 23:00;0;NORMAL;;Sem ação necessária.
UCI_Dataset;08/11/04 00:00;0;NORMAL;;Sem ação necessária.
UCI_Dataset;08/11/04 01:00;0;NORMAL;;Sem ação necessária.
UCI_Dataset;08/11/04 02:00;0;NORMAL;;Sem ação necessária.
UCI_Dataset;08/11/04 03:00;0;NORMAL;;Sem ação necessária.
UCI_Dataset;08/11/04 04:00;0;NORMAL;;Sem ação necessária.
UCI_Dataset;08/11/04 05:00;0;NORMAL;;Sem ação necessária.
UCI_Dataset;08/11/04 06:00;0;NORMAL;;Sem ação necessária.
UCI_Dataset;08/11/04 07:00;0;NORMAL;;Sem ação necessária.
UCI_Dataset;08/11/04 08:00;1;MODERADO;R02_NO2_MODERADO;Monitorizar evolucão. Sensiveis reduzam atividade ao ar livre.
UCI_Dataset;08/11/04 09:00;1;MODERADO;R02_NO2_MODERADO;Monitorizar evolucão. Sensiveis reduzam atividade ao ar livre.
UCI_Dataset;08/11/04 10:00;1;MODERADO;R02_NO2_MODERADO;Monitorizar evolucão. Sensiveis reduzam atividade ao ar livre.
UCI_Dataset;08/11/04 11:00;1;MODERADO;R02_NO2_MODERADO;Monitorizar evolucão. Sensiveis reduzam atividade ao ar livre.
UCI_Dataset;08/11/04 12:00;1;MODERADO;R02_NO2_MODERADO;Monitorizar evolucão. Sensiveis reduzam atividade ao ar livre.
UCI_Dataset;08/11/04 13:00;1;MODERADO;R02_NO2_MODERADO;Monitorizar evolucão. Sensiveis reduzam atividade ao ar livre.
UCI_Dataset;08/11/04 14:00;1;MODERADO;R02_NO2_MODERADO;Monitorizar evolucão. Sensiveis reduzam atividade ao ar livre.
UCI_Dataset;08/11/04 15:00;1;MODERADO;R02_NO2_MODERADO;Monitorizar evolucão. Sensiveis reduzam atividade ao ar livre.
UCI_Dataset;08/11/04 16:00;1;MODERADO;R02_NO2_MODERADO;Monitorizar evolucão. Sensiveis reduzam atividade ao ar livre.
UCI_Dataset;08/11/04 17:00;1;MODERADO;R02_NO2_MODERADO;Monitorizar evolucão. Sensiveis reduzam atividade ao ar livre.
UCI_Dataset;08/11/04 18:00;1;MODERADO;R02_NO2_MODERADO;Monitorizar evolucão. Sensiveis reduzam atividade ao ar livre.
UCI_Dataset;08/11/04 19:00;0;NORMAL;;Sem ação necessária.
UCI_Dataset;08/11/04 20:00;0;NORMAL;;Sem ação necessária.
UCI_Dataset;08/11/04 21:00;0;NORMAL;;Sem ação necessária.
UCI_Dataset;08/11/04 22:00;0;NORMAL;;Sem ação necessária.
UCI_Dataset;08/11/04 23:00;0;NORMAL;;Sem ação necessária.
UCI_Dataset;09/11/04 00:00;0;NORMAL;;Sem ação necessária.
UCI_Dataset;09/11/04 01:00;0;NORMAL;;Sem ação necessária.
UCI_Dataset;09/11/04 02:00;0;NORMAL;;Sem ação necessária.
UCI_Dataset;09/11/04 03:00;0;NORMAL;;Sem ação necessária.
UCI_Dataset;09/11/04 04:00;0;NORMAL;;Sem ação necessária.
UCI_Dataset;09/11/04 05:00;0;NORMAL;;Sem ação necessária.
UCI_Dataset;09/11/04 06:00;0;NORMAL;;Sem ação necessária.
UCI_Dataset;09/11/04 07:00;0;NORMAL;;Sem ação necessária.
UCI_Dataset;09/11/04 08:00;0;NORMAL;;Sem ação necessária.
UCI_Dataset;09/11/04 09:00;0;NORMAL;;Sem ação necessária.
UCI_Dataset;09/11/04 10:00;0;NORMAL;;Sem ação necessária.
UCI_Dataset;09/11/04 11:00;0;NORMAL;;Sem ação necessária.
UCI_Dataset;09/11/04 12:00;0;NORMAL;;Sem ação necessária.
UCI_Dataset;09/11/04 13:00;0;NORMAL;;Sem ação necessária.
UCI_Dataset;09/11/04 14:00;0;NORMAL;;Sem ação necessária.
UCI_Dataset;09/11/04 15:00;0;NORMAL;;Sem ação necessária.
UCI_Dataset;09/11/04 16:00;0;NORMAL;;Sem ação necessária.
UCI_Dataset;09/11/04 17:00;0;NORMAL;;Sem ação necessária.
UCI_Dataset;09/11/04 18:00;0;NORMAL;;Sem ação necessária.
UCI_Dataset;09/11/04 19:00;0;NORMAL;;Sem ação necessária.
UCI_Dataset;09/11/04 20:00;0;NORMAL;;Sem ação necessária.
UCI_Dataset;09/11/04 21:00;0;NORMAL;;Sem ação necessária.
UCI_Dataset;09/11/04 22:00;0;NORMAL;;Sem ação necessária.
UCI_Dataset;09/11/04 23:00;0;NORMAL;;Sem ação necessária.
UCI_Dataset;10/11/04 00:00;0;NORMAL;;Sem ação necessária.
UCI_Dataset;10/11/04 01:00;0;NORMAL;;Sem ação necessária.
UCI_Dataset;10/11/04 02:00;0;NORMAL;;Sem ação necessária.
UCI_Dataset;10/11/04 03:00;0;NORMAL;;Sem ação necessária.
UCI_Dataset;10/11/04 04:00;0;NORMAL;;Sem ação necessária.
UCI_Dataset;10/11/04 05:00;0;NORMAL;;Sem ação necessária.
UCI_Dataset;10/11/04 06:00;0;NORMAL;;Sem ação necessária.
UCI_Dataset;10/11/04 07:00;0;NORMAL;;Sem ação necessária.
UCI_Dataset;10/11/04 08:00;1;MODERADO;R02_NO2_MODERADO;Monitorizar evolucão. Sensiveis reduzam atividade ao ar livre.
UCI_Dataset;10/11/04 09:00;1;MODERADO;R02_NO2_MODERADO;Monitorizar evolucão. Sensiveis reduzam atividade ao ar livre.
UCI_Dataset;10/11/04 10:00;2;ALTO;R12_QUALIDADE_AR_PESSIMA, R02_NO2_MODERADO;Qualidade do ar muito degradada agravada por humidade alta. Grupos de risco evitem saídas.
UCI_Dataset;10/11/04 11:00;2;ALTO;R12_QUALIDADE_AR_PESSIMA, R02_NO2_MODERADO;Qualidade do ar muito degradada agravada por humidade alta. Grupos de risco evitem saídas.
UCI_Dataset;10/11/04 12:00;2;ALTO;R12_QUALIDADE_AR_PESSIMA, R02_NO2_MODERADO;Qualidade do ar muito degradada agravada por humidade alta. Grupos de risco evitem saídas.
UCI_Dataset;10/11/04 13:00;1;MODERADO;R02_NO2_MODERADO;Monitorizar evolucão. Sensiveis reduzam atividade ao ar livre.
UCI_Dataset;10/11/04 14:00;1;MODERADO;R02_NO2_MODERADO;Monitorizar evolucão. Sensiveis reduzam atividade ao ar livre.
UCI_Dataset;10/11/04 15:00;0;NORMAL;;Sem ação necessária.
UCI_Dataset;10/11/04 16:00;1;MODERADO;R02_NO2_MODERADO;Monitorizar evolucão. Sensiveis reduzam atividade ao ar livre.
UCI_Dataset;10/11/04 17:00;1;MODERADO;R02_NO2_MODERADO;Monitorizar evolucão. Sensiveis reduzam atividade ao ar livre.
UCI_Dataset;10/11/04 18:00;1;MODERADO;R02_NO2_MODERADO;Monitorizar evolucão. Sensiveis reduzam atividade ao ar livre.
UCI_Dataset;10/11/04 19:00;1;MODERADO;R02_NO2_MODERADO;Monitorizar evolucão. Sensiveis reduzam atividade ao ar livre.
UCI_Dataset;10/11/04 20:00;1;MODERADO;R02_NO2_MODERADO;Monitorizar evolucão. Sensiveis reduzam atividade ao ar livre.
UCI_Dataset;10/11/04 21:00;1;MODERADO;R02_NO2_MODERADO;Monitorizar evolucão. Sensiveis reduzam atividade ao ar livre.
UCI_Dataset;10/11/04 22:00;1;MODERADO;R02_NO2_MODERADO;Monitorizar evolucão. Sensiveis reduzam atividade ao ar livre.
UCI_Dataset;10/11/04 23:00;1;MODERADO;R02_NO2_MODERADO;Monitorizar evolucão. Sensiveis reduzam atividade ao ar livre.
UCI_Dataset;11/11/04 00:00;1;MODERADO;R02_NO2_MODERADO;Monitorizar evolucão. Sensiveis reduzam atividade ao ar livre.
UCI_Dataset;11/11/04 01:00;1;MODERADO;R02_NO2_MODERADO;Monitorizar evolucão. Sensiveis reduzam atividade ao ar livre.
UCI_Dataset;11/11/04 02:00;0;NORMAL;;Sem ação necessária.
UCI_Dataset;11/11/04 03:00;0;NORMAL;;Sem ação necessária.
UCI_Dataset;11/11/04 04:00;0;NORMAL;;Sem ação necessária.
UCI_Dataset;11/11/04 05:00;0;NORMAL;;Sem ação necessária.
UCI_Dataset;11/11/04 06:00;0;NORMAL;;Sem ação necessária.
UCI_Dataset;11/11/04 07:00;1;MODERADO;R02_NO2_MODERADO;Monitorizar evolucão. Sensiveis reduzam atividade ao ar livre.
UCI_Dataset;11/11/04 08:00;2;ALTO;R12_QUALIDADE_AR_PESSIMA, R02_NO2_MODERADO;Qualidade do ar muito degradada agravada por humidade alta. Grupos de risco evitem saídas.
UCI_Dataset;11/11/04 09:00;2;ALTO;R01_NO2_ALTO, R12_QUALIDADE_AR_PESSIMA;Limitar trafego automovel. Grupos sensiveis evitem exposição prolongada.
UCI_Dataset;11/11/04 10:00;2;ALTO;R12_QUALIDADE_AR_PESSIMA, R02_NO2_MODERADO;Qualidade do ar muito degradada agravada por humidade alta. Grupos de risco evitem saídas.
UCI_Dataset;11/11/04 11:00;2;ALTO;R12_QUALIDADE_AR_PESSIMA, R02_NO2_MODERADO;Qualidade do ar muito degradada agravada por humidade alta. Grupos de risco evitem saídas.
UCI_Dataset;11/11/04 12:00;1;ALTO;R01_NO2_ALTO;Limitar trafego automovel. Grupos sensiveis evitem exposição prolongada.
UCI_Dataset;11/11/04 13:00;1;MODERADO;R02_NO2_MODERADO;Monitorizar evolucão. Sensiveis reduzam atividade ao ar livre.
UCI_Dataset;11/11/04 14:00;1;MODERADO;R02_NO2_MODERADO;Monitorizar evolucão. Sensiveis reduzam atividade ao ar livre.
UCI_Dataset;11/11/04 15:00;1;MODERADO;R02_NO2_MODERADO;Monitorizar evolucão. Sensiveis reduzam atividade ao ar livre.
UCI_Dataset;11/11/04 16:00;1;MODERADO;R02_NO2_MODERADO;Monitorizar evolucão. Sensiveis reduzam atividade ao ar livre.
UCI_Dataset;11/11/04 17:00;1;MODERADO;R02_NO2_MODERADO;Monitorizar evolucão. Sensiveis reduzam atividade ao ar livre.
UCI_Dataset;11/11/04 18:00;1;MODERADO;R02_NO2_MODERADO;Monitorizar evolucão. Sensiveis reduzam atividade ao ar livre.
UCI_Dataset;11/11/04 19:00;1;MODERADO;R02_NO2_MODERADO;Monitorizar evolucão. Sensiveis reduzam atividade ao ar livre.
UCI_Dataset;11/11/04 20:00;1;MODERADO;R02_NO2_MODERADO;Monitorizar evolucão. Sensiveis reduzam atividade ao ar livre.
UCI_Dataset;11/11/04 21:00;1;ALTO;R01_NO2_ALTO;Limitar trafego automovel. Grupos sensiveis evitem exposição prolongada.
UCI_Dataset;11/11/04 22:00;1;MODERADO;R02_NO2_MODERADO;Monitorizar evolucão. Sensiveis reduzam atividade ao ar livre.
UCI_Dataset;11/11/04 23:00;0;NORMAL;;Sem ação necessária.
UCI_Dataset;12/11/04 00:00;0;NORMAL;;Sem ação necessária.
UCI_Dataset;12/11/04 01:00;1;MODERADO;R02_NO2_MODERADO;Monitorizar evolucão. Sensiveis reduzam atividade ao ar livre.
UCI_Dataset;12/11/04 02:00;0;NORMAL;;Sem ação necessária.
UCI_Dataset;12/11/04 03:00;0;NORMAL;;Sem ação necessária.
UCI_Dataset;12/11/04 04:00;0;NORMAL;;Sem ação necessária.
UCI_Dataset;12/11/04 05:00;0;NORMAL;;Sem ação necessária.
UCI_Dataset;12/11/04 06:00;0;NORMAL;;Sem ação necessária.
UCI_Dataset;12/11/04 07:00;0;NORMAL;;Sem ação necessária.
UCI_Dataset;12/11/04 08:00;1;MODERADO;R02_NO2_MODERADO;Monitorizar evolucão. Sensiveis reduzam atividade ao ar livre.
UCI_Dataset;12/11/04 09:00;1;MODERADO;R02_NO2_MODERADO;Monitorizar evolucão. Sensiveis reduzam atividade ao ar livre.
UCI_Dataset;12/11/04 10:00;1;MODERADO;R02_NO2_MODERADO;Monitorizar evolucão. Sensiveis reduzam atividade ao ar livre.
UCI_Dataset;12/11/04 11:00;1;MODERADO;R02_NO2_MODERADO;Monitorizar evolucão. Sensiveis reduzam atividade ao ar livre.
UCI_Dataset;12/11/04 12:00;1;MODERADO;R02_NO2_MODERADO;Monitorizar evolucão. Sensiveis reduzam atividade ao ar livre.
UCI_Dataset;12/11/04 13:00;1;MODERADO;R02_NO2_MODERADO;Monitorizar evolucão. Sensiveis reduzam atividade ao ar livre.
UCI_Dataset;12/11/04 14:00;1;MODERADO;R02_NO2_MODERADO;Monitorizar evolucão. Sensiveis reduzam atividade ao ar livre.
UCI_Dataset;12/11/04 15:00;1;MODERADO;R02_NO2_MODERADO;Monitorizar evolucão. Sensiveis reduzam atividade ao ar livre.
UCI_Dataset;12/11/04 16:00;1;MODERADO;R02_NO2_MODERADO;Monitorizar evolucão. Sensiveis reduzam atividade ao ar livre.
UCI_Dataset;12/11/04 17:00;1;MODERADO;R02_NO2_MODERADO;Monitorizar evolucão. Sensiveis reduzam atividade ao ar livre.
UCI_Dataset;12/11/04 18:00;1;MODERADO;R02_NO2_MODERADO;Monitorizar evolucão. Sensiveis reduzam atividade ao ar livre.
UCI_Dataset;12/11/04 19:00;1;MODERADO;R02_NO2_MODERADO;Monitorizar evolucão. Sensiveis reduzam atividade ao ar livre.
UCI_Dataset;12/11/04 20:00;1;MODERADO;R02_NO2_MODERADO;Monitorizar evolucão. Sensiveis reduzam atividade ao ar livre.
UCI_Dataset;12/11/04 21:00;1;MODERADO;R02_NO2_MODERADO;Monitorizar evolucão. Sensiveis reduzam atividade ao ar livre.
UCI_Dataset;12/11/04 22:00;1;MODERADO;R02_NO2_MODERADO;Monitorizar evolucão. Sensiveis reduzam atividade ao ar livre.
UCI_Dataset;12/11/04 23:00;1;MODERADO;R02_NO2_MODERADO;Monitorizar evolucão. Sensiveis reduzam atividade ao ar livre.
UCI_Dataset;13/11/04 00:00;1;MODERADO;R02_NO2_MODERADO;Monitorizar evolucão. Sensiveis reduzam atividade ao ar livre.
UCI_Dataset;13/11/04 01:00;1;MODERADO;R02_NO2_MODERADO;Monitorizar evolucão. Sensiveis reduzam atividade ao ar livre.
UCI_Dataset;13/11/04 02:00;0;NORMAL;;Sem ação necessária.
UCI_Dataset;13/11/04 03:00;0;NORMAL;;Sem ação necessária.
UCI_Dataset;13/11/04 04:00;0;NORMAL;;Sem ação necessária.
UCI_Dataset;13/11/04 05:00;0;NORMAL;;Sem ação necessária.
UCI_Dataset;13/11/04 06:00;0;NORMAL;;Sem ação necessária.
UCI_Dataset;13/11/04 07:00;0;NORMAL;;Sem ação necessária.
UCI_Dataset;13/11/04 08:00;1;MODERADO;R02_NO2_MODERADO;Monitorizar evolucão. Sensiveis reduzam atividade ao ar livre.
UCI_Dataset;13/11/04 09:00;1;MODERADO;R02_NO2_MODERADO;Monitorizar evolucão. Sensiveis reduzam atividade ao ar livre.
UCI_Dataset;13/11/04 10:00;1;MODERADO;R02_NO2_MODERADO;Monitorizar evolucão. Sensiveis reduzam atividade ao ar livre.
UCI_Dataset;13/11/04 11:00;1;MODERADO;R02_NO2_MODERADO;Monitorizar evolucão. Sensiveis reduzam atividade ao ar livre.
UCI_Dataset;13/11/04 12:00;1;MODERADO;R02_NO2_MODERADO;Monitorizar evolucão. Sensiveis reduzam atividade ao ar livre.
UCI_Dataset;13/11/04 13:00;1;MODERADO;R02_NO2_MODERADO;Monitorizar evolucão. Sensiveis reduzam atividade ao ar livre.
UCI_Dataset;13/11/04 14:00;1;MODERADO;R02_NO2_MODERADO;Monitorizar evolucão. Sensiveis reduzam atividade ao ar livre.
UCI_Dataset;13/11/04 15:00;1;MODERADO;R02_NO2_MODERADO;Monitorizar evolucão. Sensiveis reduzam atividade ao ar livre.
UCI_Dataset;13/11/04 16:00;1;MODERADO;R02_NO2_MODERADO;Monitorizar evolucão. Sensiveis reduzam atividade ao ar livre.
UCI_Dataset;13/11/04 17:00;1;MODERADO;R02_NO2_MODERADO;Monitorizar evolucão. Sensiveis reduzam atividade ao ar livre.
UCI_Dataset;13/11/04 18:00;1;MODERADO;R02_NO2_MODERADO;Monitorizar evolucão. Sensiveis reduzam atividade ao ar livre.
UCI_Dataset;13/11/04 19:00;1;MODERADO;R02_NO2_MODERADO;Monitorizar evolucão. Sensiveis reduzam atividade ao ar livre.
UCI_Dataset;13/11/04 20:00;1;MODERADO;R02_NO2_MODERADO;Monitorizar evolucão. Sensiveis reduzam atividade ao ar livre.
UCI_Dataset;13/11/04 21:00;1;MODERADO;R02_NO2_MODERADO;Monitorizar evolucão. Sensiveis reduzam atividade ao ar livre.
UCI_Dataset;13/11/04 22:00;0;NORMAL;;Sem ação necessária.
UCI_Dataset;13/11/04 23:00;0;NORMAL;;Sem ação necessária.
UCI_Dataset;14/11/04 00:00;0;NORMAL;;Sem ação necessária.
UCI_Dataset;14/11/04 01:00;0;NORMAL;;Sem ação necessária.
UCI_Dataset;14/11/04 02:00;0;NORMAL;;Sem ação necessária.
UCI_Dataset;14/11/04 03:00;0;NORMAL;;Sem ação necessária.
UCI_Dataset;14/11/04 04:00;0;NORMAL;;Sem ação necessária.
UCI_Dataset;14/11/04 05:00;0;NORMAL;;Sem ação necessária.
UCI_Dataset;14/11/04 06:00;0;NORMAL;;Sem ação necessária.
UCI_Dataset;14/11/04 07:00;0;NORMAL;;Sem ação necessária.
UCI_Dataset;14/11/04 08:00;0;NORMAL;;Sem ação necessária.
UCI_Dataset;14/11/04 09:00;0;NORMAL;;Sem ação necessária.
UCI_Dataset;14/11/04 10:00;0;NORMAL;;Sem ação necessária.
UCI_Dataset;14/11/04 11:00;0;NORMAL;;Sem ação necessária.
UCI_Dataset;14/11/04 12:00;0;NORMAL;;Sem ação necessária.
UCI_Dataset;14/11/04 13:00;0;NORMAL;;Sem ação necessária.
UCI_Dataset;14/11/04 14:00;0;NORMAL;;Sem ação necessária.
UCI_Dataset;14/11/04 15:00;0;NORMAL;;Sem ação necessária.
UCI_Dataset;14/11/04 16:00;0;NORMAL;;Sem ação necessária.
UCI_Dataset;14/11/04 17:00;0;NORMAL;;Sem ação necessária.
UCI_Dataset;14/11/04 18:00;0;NORMAL;;Sem ação necessária.
UCI_Dataset;14/11/04 19:00;0;NORMAL;;Sem ação necessária.
UCI_Dataset;14/11/04 20:00;1;MODERADO;R02_NO2_MODERADO;Monitorizar evolucão. Sensiveis reduzam atividade ao ar livre.
UCI_Dataset;14/11/04 21:00;0;NORMAL;;Sem ação necessária.
UCI_Dataset;14/11/04 22:00;0;NORMAL;;Sem ação necessária.
UCI_Dataset;14/11/04 23:00;0;NORMAL;;Sem ação necessária.
UCI_Dataset;15/11/04 00:00;0;NORMAL;;Sem ação necessária.
UCI_Dataset;15/11/04 01:00;0;NORMAL;;Sem ação necessária.
UCI_Dataset;15/11/04 02:00;0;NORMAL;;Sem ação necessária.
UCI_Dataset;15/11/04 03:00;0;NORMAL;;Sem ação necessária.
UCI_Dataset;15/11/04 04:00;0;NORMAL;;Sem ação necessária.
UCI_Dataset;15/11/04 05:00;0;NORMAL;;Sem ação necessária.
UCI_Dataset;15/11/04 06:00;0;NORMAL;;Sem ação necessária.
UCI_Dataset;15/11/04 07:00;0;NORMAL;;Sem ação necessária.
UCI_Dataset;15/11/04 08:00;1;MODERADO;R02_NO2_MODERADO;Monitorizar evolucão. Sensiveis reduzam atividade ao ar livre.
UCI_Dataset;15/11/04 09:00;1;MODERADO;R02_NO2_MODERADO;Monitorizar evolucão. Sensiveis reduzam atividade ao ar livre.
UCI_Dataset;15/11/04 10:00;1;MODERADO;R02_NO2_MODERADO;Monitorizar evolucão. Sensiveis reduzam atividade ao ar livre.
UCI_Dataset;15/11/04 11:00;1;MODERADO;R02_NO2_MODERADO;Monitorizar evolucão. Sensiveis reduzam atividade ao ar livre.
UCI_Dataset;15/11/04 12:00;1;MODERADO;R02_NO2_MODERADO;Monitorizar evolucão. Sensiveis reduzam atividade ao ar livre.
UCI_Dataset;15/11/04 13:00;1;MODERADO;R02_NO2_MODERADO;Monitorizar evolucão. Sensiveis reduzam atividade ao ar livre.
UCI_Dataset;15/11/04 14:00;1;MODERADO;R02_NO2_MODERADO;Monitorizar evolucão. Sensiveis reduzam atividade ao ar livre.
UCI_Dataset;15/11/04 15:00;1;MODERADO;R02_NO2_MODERADO;Monitorizar evolucão. Sensiveis reduzam atividade ao ar livre.
UCI_Dataset;15/11/04 16:00;1;MODERADO;R02_NO2_MODERADO;Monitorizar evolucão. Sensiveis reduzam atividade ao ar livre.
UCI_Dataset;15/11/04 17:00;1;MODERADO;R02_NO2_MODERADO;Monitorizar evolucão. Sensiveis reduzam atividade ao ar livre.
UCI_Dataset;15/11/04 18:00;1;MODERADO;R02_NO2_MODERADO;Monitorizar evolucão. Sensiveis reduzam atividade ao ar livre.
UCI_Dataset;15/11/04 19:00;1;MODERADO;R02_NO2_MODERADO;Monitorizar evolucão. Sensiveis reduzam atividade ao ar livre.
UCI_Dataset;15/11/04 20:00;1;MODERADO;R02_NO2_MODERADO;Monitorizar evolucão. Sensiveis reduzam atividade ao ar livre.
UCI_Dataset;15/11/04 21:00;1;MODERADO;R02_NO2_MODERADO;Monitorizar evolucão. Sensiveis reduzam atividade ao ar livre.
UCI_Dataset;15/11/04 22:00;1;MODERADO;R02_NO2_MODERADO;Monitorizar evolucão. Sensiveis reduzam atividade ao ar livre.
UCI_Dataset;15/11/04 23:00;0;NORMAL;;Sem ação necessária.
UCI_Dataset;16/11/04 00:00;0;NORMAL;;Sem ação necessária.
UCI_Dataset;16/11/04 01:00;0;NORMAL;;Sem ação necessária.
UCI_Dataset;16/11/04 02:00;0;NORMAL;;Sem ação necessária.
UCI_Dataset;16/11/04 03:00;0;NORMAL;;Sem ação necessária.
UCI_Dataset;16/11/04 04:00;0;NORMAL;;Sem ação necessária.
UCI_Dataset;16/11/04 05:00;0;NORMAL;;Sem ação necessária.
UCI_Dataset;16/11/04 06:00;0;NORMAL;;Sem ação necessária.
UCI_Dataset;16/11/04 07:00;1;MODERADO;R02_NO2_MODERADO;Monitorizar evolucão. Sensiveis reduzam atividade ao ar livre.
UCI_Dataset;16/11/04 08:00;1;ALTO;R01_NO2_ALTO;Limitar trafego automovel. Grupos sensiveis evitem exposição prolongada.
UCI_Dataset;16/11/04 09:00;1;ALTO;R01_NO2_ALTO;Limitar trafego automovel. Grupos sensiveis evitem exposição prolongada.
UCI_Dataset;16/11/04 10:00;1;ALTO;R01_NO2_ALTO;Limitar trafego automovel. Grupos sensiveis evitem exposição prolongada.
UCI_Dataset;16/11/04 11:00;1;ALTO;R01_NO2_ALTO;Limitar trafego automovel. Grupos sensiveis evitem exposição prolongada.
UCI_Dataset;16/11/04 12:00;1;MODERADO;R02_NO2_MODERADO;Monitorizar evolucão. Sensiveis reduzam atividade ao ar livre.
UCI_Dataset;16/11/04 13:00;1;MODERADO;R02_NO2_MODERADO;Monitorizar evolucão. Sensiveis reduzam atividade ao ar livre.
UCI_Dataset;16/11/04 14:00;1;MODERADO;R02_NO2_MODERADO;Monitorizar evolucão. Sensiveis reduzam atividade ao ar livre.
UCI_Dataset;16/11/04 15:00;1;MODERADO;R02_NO2_MODERADO;Monitorizar evolucão. Sensiveis reduzam atividade ao ar livre.
UCI_Dataset;16/11/04 16:00;1;MODERADO;R02_NO2_MODERADO;Monitorizar evolucão. Sensiveis reduzam atividade ao ar livre.
UCI_Dataset;16/11/04 17:00;1;MODERADO;R02_NO2_MODERADO;Monitorizar evolucão. Sensiveis reduzam atividade ao ar livre.
UCI_Dataset;16/11/04 18:00;1;ALTO;R01_NO2_ALTO;Limitar trafego automovel. Grupos sensiveis evitem exposição prolongada.
UCI_Dataset;16/11/04 19:00;1;MODERADO;R02_NO2_MODERADO;Monitorizar evolucão. Sensiveis reduzam atividade ao ar livre.
UCI_Dataset;16/11/04 20:00;1;MODERADO;R02_NO2_MODERADO;Monitorizar evolucão. Sensiveis reduzam atividade ao ar livre.
UCI_Dataset;16/11/04 21:00;1;MODERADO;R02_NO2_MODERADO;Monitorizar evolucão. Sensiveis reduzam atividade ao ar livre.
UCI_Dataset;16/11/04 22:00;1;MODERADO;R02_NO2_MODERADO;Monitorizar evolucão. Sensiveis reduzam atividade ao ar livre.
UCI_Dataset;16/11/04 23:00;1;MODERADO;R02_NO2_MODERADO;Monitorizar evolucão. Sensiveis reduzam atividade ao ar livre.
UCI_Dataset;17/11/04 00:00;1;MODERADO;R02_NO2_MODERADO;Monitorizar evolucão. Sensiveis reduzam atividade ao ar livre.
UCI_Dataset;17/11/04 01:00;1;MODERADO;R02_NO2_MODERADO;Monitorizar evolucão. Sensiveis reduzam atividade ao ar livre.
UCI_Dataset;17/11/04 02:00;0;NORMAL;;Sem ação necessária.
UCI_Dataset;17/11/04 03:00;0;NORMAL;;Sem ação necessária.
UCI_Dataset;17/11/04 04:00;0;NORMAL;;Sem ação necessária.
UCI_Dataset;17/11/04 05:00;0;NORMAL;;Sem ação necessária.
UCI_Dataset;17/11/04 06:00;0;NORMAL;;Sem ação necessária.
UCI_Dataset;17/11/04 07:00;0;NORMAL;;Sem ação necessária.
UCI_Dataset;17/11/04 08:00;1;ALTO;R01_NO2_ALTO;Limitar trafego automovel. Grupos sensiveis evitem exposição prolongada.
UCI_Dataset;17/11/04 09:00;1;ALTO;R01_NO2_ALTO;Limitar trafego automovel. Grupos sensiveis evitem exposição prolongada.
UCI_Dataset;17/11/04 10:00;1;ALTO;R01_NO2_ALTO;Limitar trafego automovel. Grupos sensiveis evitem exposição prolongada.
UCI_Dataset;17/11/04 11:00;0;NORMAL;;Sem ação necessária.
UCI_Dataset;17/11/04 12:00;1;MODERADO;R02_NO2_MODERADO;Monitorizar evolucão. Sensiveis reduzam atividade ao ar livre.
UCI_Dataset;17/11/04 13:00;1;ALTO;R01_NO2_ALTO;Limitar trafego automovel. Grupos sensiveis evitem exposição prolongada.
UCI_Dataset;17/11/04 14:00;1;ALTO;R01_NO2_ALTO;Limitar trafego automovel. Grupos sensiveis evitem exposição prolongada.
UCI_Dataset;17/11/04 15:00;1;MODERADO;R02_NO2_MODERADO;Monitorizar evolucão. Sensiveis reduzam atividade ao ar livre.
UCI_Dataset;17/11/04 16:00;1;MODERADO;R02_NO2_MODERADO;Monitorizar evolucão. Sensiveis reduzam atividade ao ar livre.
UCI_Dataset;17/11/04 17:00;1;ALTO;R01_NO2_ALTO;Limitar trafego automovel. Grupos sensiveis evitem exposição prolongada.
UCI_Dataset;17/11/04 18:00;1;MODERADO;R02_NO2_MODERADO;Monitorizar evolucão. Sensiveis reduzam atividade ao ar livre.
UCI_Dataset;17/11/04 19:00;1;ALTO;R01_NO2_ALTO;Limitar trafego automovel. Grupos sensiveis evitem exposição prolongada.
UCI_Dataset;17/11/04 20:00;1;ALTO;R01_NO2_ALTO;Limitar trafego automovel. Grupos sensiveis evitem exposição prolongada.
UCI_Dataset;17/11/04 21:00;1;ALTO;R01_NO2_ALTO;Limitar trafego automovel. Grupos sensiveis evitem exposição prolongada.
UCI_Dataset;17/11/04 22:00;1;MODERADO;R02_NO2_MODERADO;Monitorizar evolucão. Sensiveis reduzam atividade ao ar livre.
UCI_Dataset;17/11/04 23:00;1;MODERADO;R02_NO2_MODERADO;Monitorizar evolucão. Sensiveis reduzam atividade ao ar livre.
UCI_Dataset;18/11/04 00:00;1;MODERADO;R02_NO2_MODERADO;Monitorizar evolucão. Sensiveis reduzam atividade ao ar livre.
UCI_Dataset;18/11/04 01:00;1;MODERADO;R02_NO2_MODERADO;Monitorizar evolucão. Sensiveis reduzam atividade ao ar livre.
UCI_Dataset;18/11/04 02:00;1;MODERADO;R02_NO2_MODERADO;Monitorizar evolucão. Sensiveis reduzam atividade ao ar livre.
UCI_Dataset;18/11/04 03:00;0;NORMAL;;Sem ação necessária.
UCI_Dataset;18/11/04 04:00;0;NORMAL;;Sem ação necessária.
UCI_Dataset;18/11/04 05:00;0;NORMAL;;Sem ação necessária.
UCI_Dataset;18/11/04 06:00;1;MODERADO;R02_NO2_MODERADO;Monitorizar evolucão. Sensiveis reduzam atividade ao ar livre.
UCI_Dataset;18/11/04 07:00;1;MODERADO;R02_NO2_MODERADO;Monitorizar evolucão. Sensiveis reduzam atividade ao ar livre.
UCI_Dataset;18/11/04 08:00;1;ALTO;R01_NO2_ALTO;Limitar trafego automovel. Grupos sensiveis evitem exposição prolongada.
UCI_Dataset;18/11/04 09:00;1;ALTO;R01_NO2_ALTO;Limitar trafego automovel. Grupos sensiveis evitem exposição prolongada.
UCI_Dataset;18/11/04 10:00;1;ALTO;R01_NO2_ALTO;Limitar trafego automovel. Grupos sensiveis evitem exposição prolongada.
UCI_Dataset;18/11/04 11:00;1;ALTO;R01_NO2_ALTO;Limitar trafego automovel. Grupos sensiveis evitem exposição prolongada.
UCI_Dataset;18/11/04 12:00;1;ALTO;R01_NO2_ALTO;Limitar trafego automovel. Grupos sensiveis evitem exposição prolongada.
UCI_Dataset;18/11/04 13:00;1;ALTO;R01_NO2_ALTO;Limitar trafego automovel. Grupos sensiveis evitem exposição prolongada.
UCI_Dataset;18/11/04 14:00;1;MODERADO;R02_NO2_MODERADO;Monitorizar evolucão. Sensiveis reduzam atividade ao ar livre.
UCI_Dataset;18/11/04 15:00;1;MODERADO;R02_NO2_MODERADO;Monitorizar evolucão. Sensiveis reduzam atividade ao ar livre.
UCI_Dataset;18/11/04 16:00;1;ALTO;R01_NO2_ALTO;Limitar trafego automovel. Grupos sensiveis evitem exposição prolongada.
UCI_Dataset;18/11/04 17:00;1;MODERADO;R02_NO2_MODERADO;Monitorizar evolucão. Sensiveis reduzam atividade ao ar livre.
UCI_Dataset;18/11/04 18:00;1;ALTO;R01_NO2_ALTO;Limitar trafego automovel. Grupos sensiveis evitem exposição prolongada.
UCI_Dataset;18/11/04 19:00;1;ALTO;R01_NO2_ALTO;Limitar trafego automovel. Grupos sensiveis evitem exposição prolongada.
UCI_Dataset;18/11/04 20:00;1;ALTO;R01_NO2_ALTO;Limitar trafego automovel. Grupos sensiveis evitem exposição prolongada.
UCI_Dataset;18/11/04 21:00;1;MODERADO;R02_NO2_MODERADO;Monitorizar evolucão. Sensiveis reduzam atividade ao ar livre.
UCI_Dataset;18/11/04 22:00;1;MODERADO;R02_NO2_MODERADO;Monitorizar evolucão. Sensiveis reduzam atividade ao ar livre.
UCI_Dataset;18/11/04 23:00;1;MODERADO;R02_NO2_MODERADO;Monitorizar evolucão. Sensiveis reduzam atividade ao ar livre.
UCI_Dataset;19/11/04 00:00;1;MODERADO;R02_NO2_MODERADO;Monitorizar evolucão. Sensiveis reduzam atividade ao ar livre.
UCI_Dataset;19/11/04 01:00;1;MODERADO;R02_NO2_MODERADO;Monitorizar evolucão. Sensiveis reduzam atividade ao ar livre.
UCI_Dataset;19/11/04 02:00;0;NORMAL;;Sem ação necessária.
UCI_Dataset;19/11/04 03:00;0;NORMAL;;Sem ação necessária.
UCI_Dataset;19/11/04 04:00;0;NORMAL;;Sem ação necessária.
UCI_Dataset;19/11/04 05:00;0;NORMAL;;Sem ação necessária.
UCI_Dataset;19/11/04 06:00;0;NORMAL;;Sem ação necessária.
UCI_Dataset;19/11/04 07:00;0;NORMAL;;Sem ação necessária.
UCI_Dataset;19/11/04 08:00;1;MODERADO;R02_NO2_MODERADO;Monitorizar evolucão. Sensiveis reduzam atividade ao ar livre.
UCI_Dataset;19/11/04 09:00;1;MODERADO;R02_NO2_MODERADO;Monitorizar evolucão. Sensiveis reduzam atividade ao ar livre.
UCI_Dataset;19/11/04 10:00;1;MODERADO;R02_NO2_MODERADO;Monitorizar evolucão. Sensiveis reduzam atividade ao ar livre.
UCI_Dataset;19/11/04 11:00;1;ALTO;R01_NO2_ALTO;Limitar trafego automovel. Grupos sensiveis evitem exposição prolongada.
UCI_Dataset;19/11/04 12:00;1;ALTO;R01_NO2_ALTO;Limitar trafego automovel. Grupos sensiveis evitem exposição prolongada.
UCI_Dataset;19/11/04 13:00;1;MODERADO;R02_NO2_MODERADO;Monitorizar evolucão. Sensiveis reduzam atividade ao ar livre.
UCI_Dataset;19/11/04 14:00;1;MODERADO;R02_NO2_MODERADO;Monitorizar evolucão. Sensiveis reduzam atividade ao ar livre.
UCI_Dataset;19/11/04 15:00;1;ALTO;R01_NO2_ALTO;Limitar trafego automovel. Grupos sensiveis evitem exposição prolongada.
UCI_Dataset;19/11/04 16:00;1;ALTO;R01_NO2_ALTO;Limitar trafego automovel. Grupos sensiveis evitem exposição prolongada.
UCI_Dataset;19/11/04 17:00;1;MODERADO;R02_NO2_MODERADO;Monitorizar evolucão. Sensiveis reduzam atividade ao ar livre.
UCI_Dataset;19/11/04 18:00;1;MODERADO;R02_NO2_MODERADO;Monitorizar evolucão. Sensiveis reduzam atividade ao ar livre.
UCI_Dataset;19/11/04 19:00;1;MODERADO;R02_NO2_MODERADO;Monitorizar evolucão. Sensiveis reduzam atividade ao ar livre.
UCI_Dataset;19/11/04 20:00;1;MODERADO;R02_NO2_MODERADO;Monitorizar evolucão. Sensiveis reduzam atividade ao ar livre.
UCI_Dataset;19/11/04 21:00;1;MODERADO;R02_NO2_MODERADO;Monitorizar evolucão. Sensiveis reduzam atividade ao ar livre.
UCI_Dataset;19/11/04 22:00;1;MODERADO;R02_NO2_MODERADO;Monitorizar evolucão. Sensiveis reduzam atividade ao ar livre.
UCI_Dataset;19/11/04 23:00;1;MODERADO;R02_NO2_MODERADO;Monitorizar evolucão. Sensiveis reduzam atividade ao ar livre.
UCI_Dataset;20/11/04 00:00;1;MODERADO;R02_NO2_MODERADO;Monitorizar evolucão. Sensiveis reduzam atividade ao ar livre.
UCI_Dataset;20/11/04 01:00;1;MODERADO;R02_NO2_MODERADO;Monitorizar evolucão. Sensiveis reduzam atividade ao ar livre.
UCI_Dataset;20/11/04 02:00;1;MODERADO;R02_NO2_MODERADO;Monitorizar evolucão. Sensiveis reduzam atividade ao ar livre.
UCI_Dataset;20/11/04 03:00;0;NORMAL;;Sem ação necessária.
UCI_Dataset;20/11/04 04:00;0;NORMAL;;Sem ação necessária.
UCI_Dataset;20/11/04 05:00;0;NORMAL;;Sem ação necessária.
UCI_Dataset;20/11/04 06:00;0;NORMAL;;Sem ação necessária.
UCI_Dataset;20/11/04 07:00;1;MODERADO;R02_NO2_MODERADO;Monitorizar evolucão. Sensiveis reduzam atividade ao ar livre.
UCI_Dataset;20/11/04 08:00;1;MODERADO;R02_NO2_MODERADO;Monitorizar evolucão. Sensiveis reduzam atividade ao ar livre.
UCI_Dataset;20/11/04 09:00;1;ALTO;R01_NO2_ALTO;Limitar trafego automovel. Grupos sensiveis evitem exposição prolongada.
UCI_Dataset;20/11/04 10:00;1;ALTO;R01_NO2_ALTO;Limitar trafego automovel. Grupos sensiveis evitem exposição prolongada.
UCI_Dataset;20/11/04 11:00;1;MODERADO;R02_NO2_MODERADO;Monitorizar evolucão. Sensiveis reduzam atividade ao ar livre.
UCI_Dataset;20/11/04 12:00;1;MODERADO;R02_NO2_MODERADO;Monitorizar evolucão. Sensiveis reduzam atividade ao ar livre.
UCI_Dataset;20/11/04 13:00;1;MODERADO;R02_NO2_MODERADO;Monitorizar evolucão. Sensiveis reduzam atividade ao ar livre.
UCI_Dataset;20/11/04 14:00;1;MODERADO;R02_NO2_MODERADO;Monitorizar evolucão. Sensiveis reduzam atividade ao ar livre.
UCI_Dataset;20/11/04 15:00;1;MODERADO;R02_NO2_MODERADO;Monitorizar evolucão. Sensiveis reduzam atividade ao ar livre.
UCI_Dataset;20/11/04 16:00;1;MODERADO;R02_NO2_MODERADO;Monitorizar evolucão. Sensiveis reduzam atividade ao ar livre.
UCI_Dataset;20/11/04 17:00;1;MODERADO;R02_NO2_MODERADO;Monitorizar evolucão. Sensiveis reduzam atividade ao ar livre.
UCI_Dataset;20/11/04 18:00;1;ALTO;R01_NO2_ALTO;Limitar trafego automovel. Grupos sensiveis evitem exposição prolongada.
UCI_Dataset;20/11/04 19:00;1;MODERADO;R02_NO2_MODERADO;Monitorizar evolucão. Sensiveis reduzam atividade ao ar livre.
UCI_Dataset;20/11/04 20:00;1;MODERADO;R02_NO2_MODERADO;Monitorizar evolucão. Sensiveis reduzam atividade ao ar livre.
UCI_Dataset;20/11/04 21:00;1;MODERADO;R02_NO2_MODERADO;Monitorizar evolucão. Sensiveis reduzam atividade ao ar livre.
UCI_Dataset;20/11/04 22:00;1;MODERADO;R02_NO2_MODERADO;Monitorizar evolucão. Sensiveis reduzam atividade ao ar livre.
UCI_Dataset;20/11/04 23:00;1;MODERADO;R02_NO2_MODERADO;Monitorizar evolucão. Sensiveis reduzam atividade ao ar livre.
UCI_Dataset;21/11/04 00:00;1;ALTO;R01_NO2_ALTO;Limitar trafego automovel. Grupos sensiveis evitem exposição prolongada.
UCI_Dataset;21/11/04 01:00;1;MODERADO;R02_NO2_MODERADO;Monitorizar evolucão. Sensiveis reduzam atividade ao ar livre.
UCI_Dataset;21/11/04 02:00;1;MODERADO;R02_NO2_MODERADO;Monitorizar evolucão. Sensiveis reduzam atividade ao ar livre.
UCI_Dataset;21/11/04 03:00;0;NORMAL;;Sem ação necessária.
UCI_Dataset;21/11/04 04:00;1;MODERADO;R02_NO2_MODERADO;Monitorizar evolucão. Sensiveis reduzam atividade ao ar livre.
UCI_Dataset;21/11/04 05:00;0;NORMAL;;Sem ação necessária.
UCI_Dataset;21/11/04 06:00;0;NORMAL;;Sem ação necessária.
UCI_Dataset;21/11/04 07:00;0;NORMAL;;Sem ação necessária.
UCI_Dataset;21/11/04 08:00;1;MODERADO;R02_NO2_MODERADO;Monitorizar evolucão. Sensiveis reduzam atividade ao ar livre.
UCI_Dataset;21/11/04 09:00;1;MODERADO;R02_NO2_MODERADO;Monitorizar evolucão. Sensiveis reduzam atividade ao ar livre.
UCI_Dataset;21/11/04 10:00;1;MODERADO;R02_NO2_MODERADO;Monitorizar evolucão. Sensiveis reduzam atividade ao ar livre.
UCI_Dataset;21/11/04 11:00;1;MODERADO;R02_NO2_MODERADO;Monitorizar evolucão. Sensiveis reduzam atividade ao ar livre.
UCI_Dataset;21/11/04 12:00;1;MODERADO;R02_NO2_MODERADO;Monitorizar evolucão. Sensiveis reduzam atividade ao ar livre.
UCI_Dataset;21/11/04 13:00;1;MODERADO;R02_NO2_MODERADO;Monitorizar evolucão. Sensiveis reduzam atividade ao ar livre.
UCI_Dataset;21/11/04 14:00;1;MODERADO;R02_NO2_MODERADO;Monitorizar evolucão. Sensiveis reduzam atividade ao ar livre.
UCI_Dataset;21/11/04 15:00;1;MODERADO;R02_NO2_MODERADO;Monitorizar evolucão. Sensiveis reduzam atividade ao ar livre.
UCI_Dataset;21/11/04 16:00;1;MODERADO;R02_NO2_MODERADO;Monitorizar evolucão. Sensiveis reduzam atividade ao ar livre.
UCI_Dataset;21/11/04 17:00;1;MODERADO;R02_NO2_MODERADO;Monitorizar evolucão. Sensiveis reduzam atividade ao ar livre.
UCI_Dataset;21/11/04 18:00;1;MODERADO;R02_NO2_MODERADO;Monitorizar evolucão. Sensiveis reduzam atividade ao ar livre.
UCI_Dataset;21/11/04 19:00;1;MODERADO;R02_NO2_MODERADO;Monitorizar evolucão. Sensiveis reduzam atividade ao ar livre.
UCI_Dataset;21/11/04 20:00;1;MODERADO;R02_NO2_MODERADO;Monitorizar evolucão. Sensiveis reduzam atividade ao ar livre.
UCI_Dataset;21/11/04 21:00;1;MODERADO;R02_NO2_MODERADO;Monitorizar evolucão. Sensiveis reduzam atividade ao ar livre.
UCI_Dataset;21/11/04 22:00;1;MODERADO;R02_NO2_MODERADO;Monitorizar evolucão. Sensiveis reduzam atividade ao ar livre.
UCI_Dataset;21/11/04 23:00;1;MODERADO;R02_NO2_MODERADO;Monitorizar evolucão. Sensiveis reduzam atividade ao ar livre.
UCI_Dataset;22/11/04 00:00;1;MODERADO;R02_NO2_MODERADO;Monitorizar evolucão. Sensiveis reduzam atividade ao ar livre.
UCI_Dataset;22/11/04 01:00;1;MODERADO;R02_NO2_MODERADO;Monitorizar evolucão. Sensiveis reduzam atividade ao ar livre.
UCI_Dataset;22/11/04 02:00;1;MODERADO;R02_NO2_MODERADO;Monitorizar evolucão. Sensiveis reduzam atividade ao ar livre.
UCI_Dataset;22/11/04 03:00;0;NORMAL;;Sem ação necessária.
UCI_Dataset;22/11/04 04:00;0;NORMAL;;Sem ação necessária.
UCI_Dataset;22/11/04 05:00;0;NORMAL;;Sem ação necessária.
UCI_Dataset;22/11/04 06:00;1;MODERADO;R02_NO2_MODERADO;Monitorizar evolucão. Sensiveis reduzam atividade ao ar livre.
UCI_Dataset;22/11/04 07:00;1;MODERADO;R02_NO2_MODERADO;Monitorizar evolucão. Sensiveis reduzam atividade ao ar livre.
UCI_Dataset;22/11/04 08:00;1;ALTO;R01_NO2_ALTO;Limitar trafego automovel. Grupos sensiveis evitem exposição prolongada.
UCI_Dataset;22/11/04 09:00;1;ALTO;R01_NO2_ALTO;Limitar trafego automovel. Grupos sensiveis evitem exposição prolongada.
UCI_Dataset;22/11/04 10:00;1;ALTO;R01_NO2_ALTO;Limitar trafego automovel. Grupos sensiveis evitem exposição prolongada.
UCI_Dataset;22/11/04 11:00;1;ALTO;R01_NO2_ALTO;Limitar trafego automovel. Grupos sensiveis evitem exposição prolongada.
UCI_Dataset;22/11/04 12:00;1;ALTO;R01_NO2_ALTO;Limitar trafego automovel. Grupos sensiveis evitem exposição prolongada.
UCI_Dataset;22/11/04 13:00;1;ALTO;R01_NO2_ALTO;Limitar trafego automovel. Grupos sensiveis evitem exposição prolongada.
UCI_Dataset;22/11/04 14:00;1;ALTO;R01_NO2_ALTO;Limitar trafego automovel. Grupos sensiveis evitem exposição prolongada.
UCI_Dataset;22/11/04 15:00;1;ALTO;R01_NO2_ALTO;Limitar trafego automovel. Grupos sensiveis evitem exposição prolongada.
UCI_Dataset;22/11/04 16:00;1;ALTO;R01_NO2_ALTO;Limitar trafego automovel. Grupos sensiveis evitem exposição prolongada.
UCI_Dataset;22/11/04 17:00;1;MODERADO;R02_NO2_MODERADO;Monitorizar evolucão. Sensiveis reduzam atividade ao ar livre.
UCI_Dataset;22/11/04 18:00;1;ALTO;R01_NO2_ALTO;Limitar trafego automovel. Grupos sensiveis evitem exposição prolongada.
UCI_Dataset;22/11/04 19:00;1;ALTO;R01_NO2_ALTO;Limitar trafego automovel. Grupos sensiveis evitem exposição prolongada.
UCI_Dataset;22/11/04 20:00;1;ALTO;R01_NO2_ALTO;Limitar trafego automovel. Grupos sensiveis evitem exposição prolongada.
UCI_Dataset;22/11/04 21:00;1;MODERADO;R02_NO2_MODERADO;Monitorizar evolucão. Sensiveis reduzam atividade ao ar livre.
UCI_Dataset;22/11/04 22:00;1;MODERADO;R02_NO2_MODERADO;Monitorizar evolucão. Sensiveis reduzam atividade ao ar livre.
UCI_Dataset;22/11/04 23:00;1;MODERADO;R02_NO2_MODERADO;Monitorizar evolucão. Sensiveis reduzam atividade ao ar livre.
UCI_Dataset;23/11/04 00:00;1;MODERADO;R02_NO2_MODERADO;Monitorizar evolucão. Sensiveis reduzam atividade ao ar livre.
UCI_Dataset;23/11/04 01:00;1;MODERADO;R02_NO2_MODERADO;Monitorizar evolucão. Sensiveis reduzam atividade ao ar livre.
UCI_Dataset;23/11/04 02:00;1;MODERADO;R02_NO2_MODERADO;Monitorizar evolucão. Sensiveis reduzam atividade ao ar livre.
UCI_Dataset;23/11/04 03:00;0;NORMAL;;Sem ação necessária.
UCI_Dataset;23/11/04 04:00;0;NORMAL;;Sem ação necessária.
UCI_Dataset;23/11/04 05:00;0;NORMAL;;Sem ação necessária.
UCI_Dataset;23/11/04 06:00;0;NORMAL;;Sem ação necessária.
UCI_Dataset;23/11/04 07:00;1;MODERADO;R02_NO2_MODERADO;Monitorizar evolucão. Sensiveis reduzam atividade ao ar livre.
UCI_Dataset;23/11/04 08:00;1;MODERADO;R02_NO2_MODERADO;Monitorizar evolucão. Sensiveis reduzam atividade ao ar livre.
UCI_Dataset;23/11/04 09:00;1;MODERADO;R02_NO2_MODERADO;Monitorizar evolucão. Sensiveis reduzam atividade ao ar livre.
UCI_Dataset;23/11/04 10:00;1;MODERADO;R02_NO2_MODERADO;Monitorizar evolucão. Sensiveis reduzam atividade ao ar livre.
UCI_Dataset;23/11/04 11:00;1;MODERADO;R02_NO2_MODERADO;Monitorizar evolucão. Sensiveis reduzam atividade ao ar livre.
UCI_Dataset;23/11/04 12:00;1;MODERADO;R02_NO2_MODERADO;Monitorizar evolucão. Sensiveis reduzam atividade ao ar livre.
UCI_Dataset;23/11/04 13:00;1;ALTO;R01_NO2_ALTO;Limitar trafego automovel. Grupos sensiveis evitem exposição prolongada.
UCI_Dataset;23/11/04 14:00;1;ALTO;R01_NO2_ALTO;Limitar trafego automovel. Grupos sensiveis evitem exposição prolongada.
UCI_Dataset;23/11/04 15:00;1;ALTO;R01_NO2_ALTO;Limitar trafego automovel. Grupos sensiveis evitem exposição prolongada.
UCI_Dataset;23/11/04 16:00;1;MODERADO;R02_NO2_MODERADO;Monitorizar evolucão. Sensiveis reduzam atividade ao ar livre.
UCI_Dataset;23/11/04 17:00;1;ALTO;R01_NO2_ALTO;Limitar trafego automovel. Grupos sensiveis evitem exposição prolongada.
UCI_Dataset;23/11/04 18:00;1;ALTO;R01_NO2_ALTO;Limitar trafego automovel. Grupos sensiveis evitem exposição prolongada.
UCI_Dataset;23/11/04 19:00;1;ALTO;R01_NO2_ALTO;Limitar trafego automovel. Grupos sensiveis evitem exposição prolongada.
UCI_Dataset;23/11/04 20:00;1;MODERADO;R02_NO2_MODERADO;Monitorizar evolucão. Sensiveis reduzam atividade ao ar livre.
UCI_Dataset;23/11/04 21:00;1;MODERADO;R02_NO2_MODERADO;Monitorizar evolucão. Sensiveis reduzam atividade ao ar livre.
UCI_Dataset;23/11/04 22:00;1;MODERADO;R02_NO2_MODERADO;Monitorizar evolucão. Sensiveis reduzam atividade ao ar livre.
UCI_Dataset;23/11/04 23:00;1;MODERADO;R02_NO2_MODERADO;Monitorizar evolucão. Sensiveis reduzam atividade ao ar livre.
UCI_Dataset;24/11/04 00:00;1;MODERADO;R02_NO2_MODERADO;Monitorizar evolucão. Sensiveis reduzam atividade ao ar livre.
UCI_Dataset;24/11/04 01:00;1;MODERADO;R02_NO2_MODERADO;Monitorizar evolucão. Sensiveis reduzam atividade ao ar livre.
UCI_Dataset;24/11/04 02:00;1;MODERADO;R02_NO2_MODERADO;Monitorizar evolucão. Sensiveis reduzam atividade ao ar livre.
UCI_Dataset;24/11/04 03:00;0;NORMAL;;Sem ação necessária.
UCI_Dataset;24/11/04 04:00;0;NORMAL;;Sem ação necessária.
UCI_Dataset;24/11/04 05:00;0;NORMAL;;Sem ação necessária.
UCI_Dataset;24/11/04 06:00;0;NORMAL;;Sem ação necessária.
UCI_Dataset;24/11/04 07:00;0;NORMAL;;Sem ação necessária.
UCI_Dataset;24/11/04 08:00;1;MODERADO;R02_NO2_MODERADO;Monitorizar evolucão. Sensiveis reduzam atividade ao ar livre.
UCI_Dataset;24/11/04 09:00;1;MODERADO;R02_NO2_MODERADO;Monitorizar evolucão. Sensiveis reduzam atividade ao ar livre.
UCI_Dataset;24/11/04 10:00;1;MODERADO;R02_NO2_MODERADO;Monitorizar evolucão. Sensiveis reduzam atividade ao ar livre.
UCI_Dataset;24/11/04 11:00;1;MODERADO;R02_NO2_MODERADO;Monitorizar evolucão. Sensiveis reduzam atividade ao ar livre.
UCI_Dataset;24/11/04 12:00;1;MODERADO;R02_NO2_MODERADO;Monitorizar evolucão. Sensiveis reduzam atividade ao ar livre.
UCI_Dataset;24/11/04 13:00;1;MODERADO;R02_NO2_MODERADO;Monitorizar evolucão. Sensiveis reduzam atividade ao ar livre.
UCI_Dataset;24/11/04 14:00;1;MODERADO;R02_NO2_MODERADO;Monitorizar evolucão. Sensiveis reduzam atividade ao ar livre.
UCI_Dataset;24/11/04 15:00;1;MODERADO;R02_NO2_MODERADO;Monitorizar evolucão. Sensiveis reduzam atividade ao ar livre.
UCI_Dataset;24/11/04 16:00;1;MODERADO;R02_NO2_MODERADO;Monitorizar evolucão. Sensiveis reduzam atividade ao ar livre.
UCI_Dataset;24/11/04 17:00;1;MODERADO;R02_NO2_MODERADO;Monitorizar evolucão. Sensiveis reduzam atividade ao ar livre.
UCI_Dataset;24/11/04 18:00;1;MODERADO;R02_NO2_MODERADO;Monitorizar evolucão. Sensiveis reduzam atividade ao ar livre.
UCI_Dataset;24/11/04 19:00;2;ALTO;R12_QUALIDADE_AR_PESSIMA, R02_NO2_MODERADO;Qualidade do ar muito degradada agravada por humidade alta. Grupos de risco evitem saídas.
UCI_Dataset;24/11/04 20:00;1;MODERADO;R02_NO2_MODERADO;Monitorizar evolucão. Sensiveis reduzam atividade ao ar livre.
UCI_Dataset;24/11/04 21:00;1;MODERADO;R02_NO2_MODERADO;Monitorizar evolucão. Sensiveis reduzam atividade ao ar livre.
UCI_Dataset;24/11/04 22:00;1;MODERADO;R02_NO2_MODERADO;Monitorizar evolucão. Sensiveis reduzam atividade ao ar livre.
UCI_Dataset;24/11/04 23:00;1;MODERADO;R02_NO2_MODERADO;Monitorizar evolucão. Sensiveis reduzam atividade ao ar livre.
UCI_Dataset;25/11/04 00:00;1;MODERADO;R02_NO2_MODERADO;Monitorizar evolucão. Sensiveis reduzam atividade ao ar livre.
UCI_Dataset;25/11/04 01:00;1;MODERADO;R02_NO2_MODERADO;Monitorizar evolucão. Sensiveis reduzam atividade ao ar livre.
UCI_Dataset;25/11/04 02:00;0;NORMAL;;Sem ação necessária.
UCI_Dataset;25/11/04 03:00;0;NORMAL;;Sem ação necessária.
UCI_Dataset;25/11/04 04:00;0;NORMAL;;Sem ação necessária.
UCI_Dataset;25/11/04 05:00;0;NORMAL;;Sem ação necessária.
UCI_Dataset;25/11/04 06:00;0;NORMAL;;Sem ação necessária.
UCI_Dataset;25/11/04 07:00;1;MODERADO;R02_NO2_MODERADO;Monitorizar evolucão. Sensiveis reduzam atividade ao ar livre.
UCI_Dataset;25/11/04 08:00;1;MODERADO;R02_NO2_MODERADO;Monitorizar evolucão. Sensiveis reduzam atividade ao ar livre.
UCI_Dataset;25/11/04 09:00;1;MODERADO;R02_NO2_MODERADO;Monitorizar evolucão. Sensiveis reduzam atividade ao ar livre.
UCI_Dataset;25/11/04 10:00;1;MODERADO;R02_NO2_MODERADO;Monitorizar evolucão. Sensiveis reduzam atividade ao ar livre.
UCI_Dataset;25/11/04 11:00;1;MODERADO;R02_NO2_MODERADO;Monitorizar evolucão. Sensiveis reduzam atividade ao ar livre.
UCI_Dataset;25/11/04 12:00;1;MODERADO;R02_NO2_MODERADO;Monitorizar evolucão. Sensiveis reduzam atividade ao ar livre.
UCI_Dataset;25/11/04 13:00;1;MODERADO;R02_NO2_MODERADO;Monitorizar evolucão. Sensiveis reduzam atividade ao ar livre.
UCI_Dataset;25/11/04 14:00;1;MODERADO;R02_NO2_MODERADO;Monitorizar evolucão. Sensiveis reduzam atividade ao ar livre.
UCI_Dataset;25/11/04 15:00;1;MODERADO;R02_NO2_MODERADO;Monitorizar evolucão. Sensiveis reduzam atividade ao ar livre.
UCI_Dataset;25/11/04 16:00;1;MODERADO;R02_NO2_MODERADO;Monitorizar evolucão. Sensiveis reduzam atividade ao ar livre.
UCI_Dataset;25/11/04 17:00;1;MODERADO;R02_NO2_MODERADO;Monitorizar evolucão. Sensiveis reduzam atividade ao ar livre.
UCI_Dataset;25/11/04 18:00;1;MODERADO;R02_NO2_MODERADO;Monitorizar evolucão. Sensiveis reduzam atividade ao ar livre.
UCI_Dataset;25/11/04 19:00;1;MODERADO;R02_NO2_MODERADO;Monitorizar evolucão. Sensiveis reduzam atividade ao ar livre.
UCI_Dataset;25/11/04 20:00;1;MODERADO;R02_NO2_MODERADO;Monitorizar evolucão. Sensiveis reduzam atividade ao ar livre.
UCI_Dataset;25/11/04 21:00;1;MODERADO;R02_NO2_MODERADO;Monitorizar evolucão. Sensiveis reduzam atividade ao ar livre.
UCI_Dataset;25/11/04 22:00;1;MODERADO;R02_NO2_MODERADO;Monitorizar evolucão. Sensiveis reduzam atividade ao ar livre.
UCI_Dataset;25/11/04 23:00;1;MODERADO;R02_NO2_MODERADO;Monitorizar evolucão. Sensiveis reduzam atividade ao ar livre.
UCI_Dataset;26/11/04 00:00;1;MODERADO;R02_NO2_MODERADO;Monitorizar evolucão. Sensiveis reduzam atividade ao ar livre.
UCI_Dataset;26/11/04 01:00;1;MODERADO;R02_NO2_MODERADO;Monitorizar evolucão. Sensiveis reduzam atividade ao ar livre.
UCI_Dataset;26/11/04 02:00;0;NORMAL;;Sem ação necessária.
UCI_Dataset;26/11/04 03:00;0;NORMAL;;Sem ação necessária.
UCI_Dataset;26/11/04 04:00;0;NORMAL;;Sem ação necessária.
UCI_Dataset;26/11/04 05:00;0;NORMAL;;Sem ação necessária.
UCI_Dataset;26/11/04 06:00;0;NORMAL;;Sem ação necessária.
UCI_Dataset;26/11/04 07:00;0;NORMAL;;Sem ação necessária.
UCI_Dataset;26/11/04 08:00;1;MODERADO;R02_NO2_MODERADO;Monitorizar evolucão. Sensiveis reduzam atividade ao ar livre.
UCI_Dataset;26/11/04 09:00;1;MODERADO;R02_NO2_MODERADO;Monitorizar evolucão. Sensiveis reduzam atividade ao ar livre.
UCI_Dataset;26/11/04 10:00;1;MODERADO;R02_NO2_MODERADO;Monitorizar evolucão. Sensiveis reduzam atividade ao ar livre.
UCI_Dataset;26/11/04 11:00;1;MODERADO;R02_NO2_MODERADO;Monitorizar evolucão. Sensiveis reduzam atividade ao ar livre.
UCI_Dataset;26/11/04 12:00;1;MODERADO;R02_NO2_MODERADO;Monitorizar evolucão. Sensiveis reduzam atividade ao ar livre.
UCI_Dataset;26/11/04 13:00;1;MODERADO;R02_NO2_MODERADO;Monitorizar evolucão. Sensiveis reduzam atividade ao ar livre.
UCI_Dataset;26/11/04 14:00;1;ALTO;R01_NO2_ALTO;Limitar trafego automovel. Grupos sensiveis evitem exposição prolongada.
UCI_Dataset;26/11/04 15:00;1;ALTO;R01_NO2_ALTO;Limitar trafego automovel. Grupos sensiveis evitem exposição prolongada.
UCI_Dataset;26/11/04 16:00;1;ALTO;R01_NO2_ALTO;Limitar trafego automovel. Grupos sensiveis evitem exposição prolongada.
UCI_Dataset;26/11/04 17:00;1;ALTO;R01_NO2_ALTO;Limitar trafego automovel. Grupos sensiveis evitem exposição prolongada.
UCI_Dataset;26/11/04 18:00;1;ALTO;R01_NO2_ALTO;Limitar trafego automovel. Grupos sensiveis evitem exposição prolongada.
UCI_Dataset;26/11/04 19:00;1;MODERADO;R02_NO2_MODERADO;Monitorizar evolucão. Sensiveis reduzam atividade ao ar livre.
UCI_Dataset;26/11/04 20:00;1;MODERADO;R02_NO2_MODERADO;Monitorizar evolucão. Sensiveis reduzam atividade ao ar livre.
UCI_Dataset;26/11/04 21:00;1;ALTO;R01_NO2_ALTO;Limitar trafego automovel. Grupos sensiveis evitem exposição prolongada.
UCI_Dataset;26/11/04 22:00;1;MODERADO;R02_NO2_MODERADO;Monitorizar evolucão. Sensiveis reduzam atividade ao ar livre.
UCI_Dataset;26/11/04 23:00;1;MODERADO;R02_NO2_MODERADO;Monitorizar evolucão. Sensiveis reduzam atividade ao ar livre.
UCI_Dataset;27/11/04 00:00;1;MODERADO;R02_NO2_MODERADO;Monitorizar evolucão. Sensiveis reduzam atividade ao ar livre.
UCI_Dataset;27/11/04 01:00;1;MODERADO;R02_NO2_MODERADO;Monitorizar evolucão. Sensiveis reduzam atividade ao ar livre.
UCI_Dataset;27/11/04 02:00;1;MODERADO;R02_NO2_MODERADO;Monitorizar evolucão. Sensiveis reduzam atividade ao ar livre.
UCI_Dataset;27/11/04 03:00;0;NORMAL;;Sem ação necessária.
UCI_Dataset;27/11/04 04:00;1;MODERADO;R02_NO2_MODERADO;Monitorizar evolucão. Sensiveis reduzam atividade ao ar livre.
UCI_Dataset;27/11/04 05:00;0;NORMAL;;Sem ação necessária.
UCI_Dataset;27/11/04 06:00;0;NORMAL;;Sem ação necessária.
UCI_Dataset;27/11/04 07:00;1;MODERADO;R02_NO2_MODERADO;Monitorizar evolucão. Sensiveis reduzam atividade ao ar livre.
UCI_Dataset;27/11/04 08:00;1;MODERADO;R02_NO2_MODERADO;Monitorizar evolucão. Sensiveis reduzam atividade ao ar livre.
UCI_Dataset;27/11/04 09:00;1;MODERADO;R02_NO2_MODERADO;Monitorizar evolucão. Sensiveis reduzam atividade ao ar livre.
UCI_Dataset;27/11/04 10:00;1;MODERADO;R02_NO2_MODERADO;Monitorizar evolucão. Sensiveis reduzam atividade ao ar livre.
UCI_Dataset;27/11/04 11:00;1;MODERADO;R02_NO2_MODERADO;Monitorizar evolucão. Sensiveis reduzam atividade ao ar livre.
UCI_Dataset;27/11/04 12:00;1;MODERADO;R02_NO2_MODERADO;Monitorizar evolucão. Sensiveis reduzam atividade ao ar livre.
UCI_Dataset;27/11/04 13:00;1;MODERADO;R02_NO2_MODERADO;Monitorizar evolucão. Sensiveis reduzam atividade ao ar livre.
UCI_Dataset;27/11/04 14:00;1;MODERADO;R02_NO2_MODERADO;Monitorizar evolucão. Sensiveis reduzam atividade ao ar livre.
UCI_Dataset;27/11/04 15:00;1;MODERADO;R02_NO2_MODERADO;Monitorizar evolucão. Sensiveis reduzam atividade ao ar livre.
UCI_Dataset;27/11/04 16:00;1;MODERADO;R02_NO2_MODERADO;Monitorizar evolucão. Sensiveis reduzam atividade ao ar livre.
UCI_Dataset;27/11/04 17:00;1;MODERADO;R02_NO2_MODERADO;Monitorizar evolucão. Sensiveis reduzam atividade ao ar livre.
UCI_Dataset;27/11/04 18:00;1;MODERADO;R02_NO2_MODERADO;Monitorizar evolucão. Sensiveis reduzam atividade ao ar livre.
UCI_Dataset;27/11/04 19:00;1;MODERADO;R02_NO2_MODERADO;Monitorizar evolucão. Sensiveis reduzam atividade ao ar livre.
UCI_Dataset;27/11/04 20:00;1;MODERADO;R02_NO2_MODERADO;Monitorizar evolucão. Sensiveis reduzam atividade ao ar livre.
UCI_Dataset;27/11/04 21:00;1;MODERADO;R02_NO2_MODERADO;Monitorizar evolucão. Sensiveis reduzam atividade ao ar livre.
UCI_Dataset;27/11/04 22:00;0;NORMAL;;Sem ação necessária.
UCI_Dataset;27/11/04 23:00;0;NORMAL;;Sem ação necessária.
UCI_Dataset;28/11/04 00:00;0;NORMAL;;Sem ação necessária.
UCI_Dataset;28/11/04 01:00;0;NORMAL;;Sem ação necessária.
UCI_Dataset;28/11/04 02:00;0;NORMAL;;Sem ação necessária.
UCI_Dataset;28/11/04 03:00;0;NORMAL;;Sem ação necessária.
UCI_Dataset;28/11/04 04:00;0;NORMAL;;Sem ação necessária.
UCI_Dataset;28/11/04 05:00;0;NORMAL;;Sem ação necessária.
UCI_Dataset;28/11/04 06:00;0;NORMAL;;Sem ação necessária.
UCI_Dataset;28/11/04 07:00;0;NORMAL;;Sem ação necessária.
UCI_Dataset;28/11/04 08:00;0;NORMAL;;Sem ação necessária.
UCI_Dataset;28/11/04 09:00;0;NORMAL;;Sem ação necessária.
UCI_Dataset;28/11/04 10:00;0;NORMAL;;Sem ação necessária.
UCI_Dataset;28/11/04 11:00;0;NORMAL;;Sem ação necessária.
UCI_Dataset;28/11/04 12:00;1;MODERADO;R02_NO2_MODERADO;Monitorizar evolucão. Sensiveis reduzam atividade ao ar livre.
UCI_Dataset;28/11/04 13:00;1;MODERADO;R02_NO2_MODERADO;Monitorizar evolucão. Sensiveis reduzam atividade ao ar livre.
UCI_Dataset;28/11/04 14:00;1;MODERADO;R02_NO2_MODERADO;Monitorizar evolucão. Sensiveis reduzam atividade ao ar livre.
UCI_Dataset;28/11/04 15:00;0;NORMAL;;Sem ação necessária.
UCI_Dataset;28/11/04 16:00;1;MODERADO;R02_NO2_MODERADO;Monitorizar evolucão. Sensiveis reduzam atividade ao ar livre.
UCI_Dataset;28/11/04 17:00;1;MODERADO;R02_NO2_MODERADO;Monitorizar evolucão. Sensiveis reduzam atividade ao ar livre.
UCI_Dataset;28/11/04 18:00;1;MODERADO;R02_NO2_MODERADO;Monitorizar evolucão. Sensiveis reduzam atividade ao ar livre.
UCI_Dataset;28/11/04 19:00;1;MODERADO;R02_NO2_MODERADO;Monitorizar evolucão. Sensiveis reduzam atividade ao ar livre.
UCI_Dataset;28/11/04 20:00;1;MODERADO;R02_NO2_MODERADO;Monitorizar evolucão. Sensiveis reduzam atividade ao ar livre.
UCI_Dataset;28/11/04 21:00;1;MODERADO;R02_NO2_MODERADO;Monitorizar evolucão. Sensiveis reduzam atividade ao ar livre.
UCI_Dataset;28/11/04 22:00;1;MODERADO;R02_NO2_MODERADO;Monitorizar evolucão. Sensiveis reduzam atividade ao ar livre.
UCI_Dataset;28/11/04 23:00;1;MODERADO;R02_NO2_MODERADO;Monitorizar evolucão. Sensiveis reduzam atividade ao ar livre.
UCI_Dataset;29/11/04 00:00;1;MODERADO;R02_NO2_MODERADO;Monitorizar evolucão. Sensiveis reduzam atividade ao ar livre.
UCI_Dataset;29/11/04 01:00;0;NORMAL;;Sem ação necessária.
UCI_Dataset;29/11/04 02:00;0;NORMAL;;Sem ação necessária.
UCI_Dataset;29/11/04 03:00;0;NORMAL;;Sem ação necessária.
UCI_Dataset;29/11/04 04:00;0;NORMAL;;Sem ação necessária.
UCI_Dataset;29/11/04 05:00;0;NORMAL;;Sem ação necessária.
UCI_Dataset;29/11/04 06:00;0;NORMAL;;Sem ação necessária.
UCI_Dataset;29/11/04 07:00;0;NORMAL;;Sem ação necessária.
UCI_Dataset;29/11/04 08:00;1;MODERADO;R02_NO2_MODERADO;Monitorizar evolucão. Sensiveis reduzam atividade ao ar livre.
UCI_Dataset;29/11/04 09:00;1;MODERADO;R02_NO2_MODERADO;Monitorizar evolucão. Sensiveis reduzam atividade ao ar livre.
UCI_Dataset;29/11/04 10:00;1;MODERADO;R02_NO2_MODERADO;Monitorizar evolucão. Sensiveis reduzam atividade ao ar livre.
UCI_Dataset;29/11/04 11:00;1;ALTO;R01_NO2_ALTO;Limitar trafego automovel. Grupos sensiveis evitem exposição prolongada.
UCI_Dataset;29/11/04 12:00;1;MODERADO;R02_NO2_MODERADO;Monitorizar evolucão. Sensiveis reduzam atividade ao ar livre.
UCI_Dataset;29/11/04 13:00;1;MODERADO;R02_NO2_MODERADO;Monitorizar evolucão. Sensiveis reduzam atividade ao ar livre.
UCI_Dataset;29/11/04 14:00;1;MODERADO;R02_NO2_MODERADO;Monitorizar evolucão. Sensiveis reduzam atividade ao ar livre.
UCI_Dataset;29/11/04 15:00;1;MODERADO;R02_NO2_MODERADO;Monitorizar evolucão. Sensiveis reduzam atividade ao ar livre.
UCI_Dataset;29/11/04 16:00;1;MODERADO;R02_NO2_MODERADO;Monitorizar evolucão. Sensiveis reduzam atividade ao ar livre.
UCI_Dataset;29/11/04 17:00;1;MODERADO;R02_NO2_MODERADO;Monitorizar evolucão. Sensiveis reduzam atividade ao ar livre.
UCI_Dataset;29/11/04 18:00;1;MODERADO;R02_NO2_MODERADO;Monitorizar evolucão. Sensiveis reduzam atividade ao ar livre.
UCI_Dataset;29/11/04 19:00;0;NORMAL;;Sem ação necessária.
UCI_Dataset;29/11/04 20:00;0;NORMAL;;Sem ação necessária.
UCI_Dataset;29/11/04 21:00;0;NORMAL;;Sem ação necessária.
UCI_Dataset;29/11/04 22:00;0;NORMAL;;Sem ação necessária.
UCI_Dataset;29/11/04 23:00;0;NORMAL;;Sem ação necessária.
UCI_Dataset;30/11/04 00:00;0;NORMAL;;Sem ação necessária.
UCI_Dataset;30/11/04 01:00;0;NORMAL;;Sem ação necessária.
UCI_Dataset;30/11/04 02:00;0;NORMAL;;Sem ação necessária.
UCI_Dataset;30/11/04 03:00;0;NORMAL;;Sem ação necessária.
UCI_Dataset;30/11/04 04:00;0;NORMAL;;Sem ação necessária.
UCI_Dataset;30/11/04 05:00;0;NORMAL;;Sem ação necessária.
UCI_Dataset;30/11/04 06:00;0;NORMAL;;Sem ação necessária.
UCI_Dataset;30/11/04 07:00;0;NORMAL;;Sem ação necessária.
UCI_Dataset;30/11/04 08:00;1;MODERADO;R02_NO2_MODERADO;Monitorizar evolucão. Sensiveis reduzam atividade ao ar livre.
UCI_Dataset;30/11/04 09:00;1;MODERADO;R02_NO2_MODERADO;Monitorizar evolucão. Sensiveis reduzam atividade ao ar livre.
UCI_Dataset;30/11/04 10:00;1;MODERADO;R02_NO2_MODERADO;Monitorizar evolucão. Sensiveis reduzam atividade ao ar livre.
UCI_Dataset;30/11/04 11:00;1;MODERADO;R02_NO2_MODERADO;Monitorizar evolucão. Sensiveis reduzam atividade ao ar livre.
UCI_Dataset;30/11/04 12:00;1;MODERADO;R02_NO2_MODERADO;Monitorizar evolucão. Sensiveis reduzam atividade ao ar livre.
UCI_Dataset;30/11/04 13:00;1;MODERADO;R02_NO2_MODERADO;Monitorizar evolucão. Sensiveis reduzam atividade ao ar livre.
UCI_Dataset;30/11/04 14:00;1;MODERADO;R02_NO2_MODERADO;Monitorizar evolucão. Sensiveis reduzam atividade ao ar livre.
UCI_Dataset;30/11/04 15:00;1;MODERADO;R02_NO2_MODERADO;Monitorizar evolucão. Sensiveis reduzam atividade ao ar livre.
UCI_Dataset;30/11/04 16:00;1;MODERADO;R02_NO2_MODERADO;Monitorizar evolucão. Sensiveis reduzam atividade ao ar livre.
UCI_Dataset;30/11/04 17:00;1;MODERADO;R02_NO2_MODERADO;Monitorizar evolucão. Sensiveis reduzam atividade ao ar livre.
UCI_Dataset;30/11/04 18:00;1;MODERADO;R02_NO2_MODERADO;Monitorizar evolucão. Sensiveis reduzam atividade ao ar livre.
UCI_Dataset;30/11/04 19:00;1;MODERADO;R02_NO2_MODERADO;Monitorizar evolucão. Sensiveis reduzam atividade ao ar livre.
UCI_Dataset;30/11/04 20:00;1;MODERADO;R02_NO2_MODERADO;Monitorizar evolucão. Sensiveis reduzam atividade ao ar livre.
UCI_Dataset;30/11/04 21:00;1;MODERADO;R02_NO2_MODERADO;Monitorizar evolucão. Sensiveis reduzam atividade ao ar livre.
UCI_Dataset;30/11/04 22:00;1;MODERADO;R02_NO2_MODERADO;Monitorizar evolucão. Sensiveis reduzam atividade ao ar livre.
UCI_Dataset;30/11/04 23:00;1;MODERADO;R02_NO2_MODERADO;Monitorizar evolucão. Sensiveis reduzam atividade ao ar livre.
UCI_Dataset;01/12/04 00:00;1;MODERADO;R02_NO2_MODERADO;Monitorizar evolucão. Sensiveis reduzam atividade ao ar livre.
UCI_Dataset;01/12/04 01:00;0;NORMAL;;Sem ação necessária.
UCI_Dataset;01/12/04 02:00;0;NORMAL;;Sem ação necessária.
UCI_Dataset;01/12/04 03:00;0;NORMAL;;Sem ação necessária.
UCI_Dataset;01/12/04 04:00;0;NORMAL;;Sem ação necessária.
UCI_Dataset;01/12/04 05:00;0;NORMAL;;Sem ação necessária.
UCI_Dataset;01/12/04 06:00;0;NORMAL;;Sem ação necessária.
UCI_Dataset;01/12/04 07:00;0;NORMAL;;Sem ação necessária.
UCI_Dataset;01/12/04 08:00;1;MODERADO;R02_NO2_MODERADO;Monitorizar evolucão. Sensiveis reduzam atividade ao ar livre.
UCI_Dataset;01/12/04 09:00;1;MODERADO;R02_NO2_MODERADO;Monitorizar evolucão. Sensiveis reduzam atividade ao ar livre.
UCI_Dataset;01/12/04 10:00;1;MODERADO;R02_NO2_MODERADO;Monitorizar evolucão. Sensiveis reduzam atividade ao ar livre.
UCI_Dataset;01/12/04 11:00;1;MODERADO;R02_NO2_MODERADO;Monitorizar evolucão. Sensiveis reduzam atividade ao ar livre.
UCI_Dataset;01/12/04 12:00;1;MODERADO;R02_NO2_MODERADO;Monitorizar evolucão. Sensiveis reduzam atividade ao ar livre.
UCI_Dataset;01/12/04 13:00;1;MODERADO;R02_NO2_MODERADO;Monitorizar evolucão. Sensiveis reduzam atividade ao ar livre.
UCI_Dataset;01/12/04 14:00;1;MODERADO;R02_NO2_MODERADO;Monitorizar evolucão. Sensiveis reduzam atividade ao ar livre.
UCI_Dataset;01/12/04 15:00;1;MODERADO;R02_NO2_MODERADO;Monitorizar evolucão. Sensiveis reduzam atividade ao ar livre.
UCI_Dataset;01/12/04 16:00;1;MODERADO;R02_NO2_MODERADO;Monitorizar evolucão. Sensiveis reduzam atividade ao ar livre.
UCI_Dataset;01/12/04 17:00;1;MODERADO;R02_NO2_MODERADO;Monitorizar evolucão. Sensiveis reduzam atividade ao ar livre.
UCI_Dataset;01/12/04 18:00;1;MODERADO;R02_NO2_MODERADO;Monitorizar evolucão. Sensiveis reduzam atividade ao ar livre.
UCI_Dataset;01/12/04 19:00;1;MODERADO;R02_NO2_MODERADO;Monitorizar evolucão. Sensiveis reduzam atividade ao ar livre.
UCI_Dataset;01/12/04 20:00;1;MODERADO;R02_NO2_MODERADO;Monitorizar evolucão. Sensiveis reduzam atividade ao ar livre.
UCI_Dataset;01/12/04 21:00;1;MODERADO;R02_NO2_MODERADO;Monitorizar evolucão. Sensiveis reduzam atividade ao ar livre.
UCI_Dataset;01/12/04 22:00;1;MODERADO;R02_NO2_MODERADO;Monitorizar evolucão. Sensiveis reduzam atividade ao ar livre.
UCI_Dataset;01/12/04 23:00;1;MODERADO;R02_NO2_MODERADO;Monitorizar evolucão. Sensiveis reduzam atividade ao ar livre.
UCI_Dataset;02/12/04 00:00;1;MODERADO;R02_NO2_MODERADO;Monitorizar evolucão. Sensiveis reduzam atividade ao ar livre.
UCI_Dataset;02/12/04 01:00;0;NORMAL;;Sem ação necessária.
UCI_Dataset;02/12/04 02:00;0;NORMAL;;Sem ação necessária.
UCI_Dataset;02/12/04 03:00;0;NORMAL;;Sem ação necessária.
UCI_Dataset;02/12/04 04:00;0;NORMAL;;Sem ação necessária.
UCI_Dataset;02/12/04 05:00;0;NORMAL;;Sem ação necessária.
UCI_Dataset;02/12/04 06:00;0;NORMAL;;Sem ação necessária.
UCI_Dataset;02/12/04 07:00;0;NORMAL;;Sem ação necessária.
UCI_Dataset;02/12/04 08:00;1;MODERADO;R02_NO2_MODERADO;Monitorizar evolucão. Sensiveis reduzam atividade ao ar livre.
UCI_Dataset;02/12/04 09:00;1;MODERADO;R02_NO2_MODERADO;Monitorizar evolucão. Sensiveis reduzam atividade ao ar livre.
UCI_Dataset;02/12/04 10:00;1;MODERADO;R02_NO2_MODERADO;Monitorizar evolucão. Sensiveis reduzam atividade ao ar livre.
UCI_Dataset;02/12/04 11:00;1;MODERADO;R02_NO2_MODERADO;Monitorizar evolucão. Sensiveis reduzam atividade ao ar livre.
UCI_Dataset;02/12/04 12:00;1;MODERADO;R02_NO2_MODERADO;Monitorizar evolucão. Sensiveis reduzam atividade ao ar livre.
UCI_Dataset;02/12/04 13:00;1;MODERADO;R02_NO2_MODERADO;Monitorizar evolucão. Sensiveis reduzam atividade ao ar livre.
UCI_Dataset;02/12/04 14:00;1;MODERADO;R02_NO2_MODERADO;Monitorizar evolucão. Sensiveis reduzam atividade ao ar livre.
UCI_Dataset;02/12/04 15:00;1;MODERADO;R02_NO2_MODERADO;Monitorizar evolucão. Sensiveis reduzam atividade ao ar livre.
UCI_Dataset;02/12/04 16:00;1;MODERADO;R02_NO2_MODERADO;Monitorizar evolucão. Sensiveis reduzam atividade ao ar livre.
UCI_Dataset;02/12/04 17:00;1;MODERADO;R02_NO2_MODERADO;Monitorizar evolucão. Sensiveis reduzam atividade ao ar livre.
UCI_Dataset;02/12/04 18:00;1;MODERADO;R02_NO2_MODERADO;Monitorizar evolucão. Sensiveis reduzam atividade ao ar livre.
UCI_Dataset;02/12/04 19:00;1;MODERADO;R02_NO2_MODERADO;Monitorizar evolucão. Sensiveis reduzam atividade ao ar livre.
UCI_Dataset;02/12/04 20:00;1;MODERADO;R02_NO2_MODERADO;Monitorizar evolucão. Sensiveis reduzam atividade ao ar livre.
UCI_Dataset;02/12/04 21:00;1;MODERADO;R02_NO2_MODERADO;Monitorizar evolucão. Sensiveis reduzam atividade ao ar livre.
UCI_Dataset;02/12/04 22:00;1;MODERADO;R02_NO2_MODERADO;Monitorizar evolucão. Sensiveis reduzam atividade ao ar livre.
UCI_Dataset;02/12/04 23:00;1;MODERADO;R02_NO2_MODERADO;Monitorizar evolucão. Sensiveis reduzam atividade ao ar livre.
UCI_Dataset;03/12/04 00:00;1;MODERADO;R02_NO2_MODERADO;Monitorizar evolucão. Sensiveis reduzam atividade ao ar livre.
UCI_Dataset;03/12/04 01:00;1;MODERADO;R02_NO2_MODERADO;Monitorizar evolucão. Sensiveis reduzam atividade ao ar livre.
UCI_Dataset;03/12/04 02:00;0;NORMAL;;Sem ação necessária.
UCI_Dataset;03/12/04 03:00;0;NORMAL;;Sem ação necessária.
UCI_Dataset;03/12/04 04:00;0;NORMAL;;Sem ação necessária.
UCI_Dataset;03/12/04 05:00;0;NORMAL;;Sem ação necessária.
UCI_Dataset;03/12/04 06:00;0;NORMAL;;Sem ação necessária.
UCI_Dataset;03/12/04 07:00;0;NORMAL;;Sem ação necessária.
UCI_Dataset;03/12/04 08:00;1;MODERADO;R02_NO2_MODERADO;Monitorizar evolucão. Sensiveis reduzam atividade ao ar livre.
UCI_Dataset;03/12/04 09:00;1;MODERADO;R02_NO2_MODERADO;Monitorizar evolucão. Sensiveis reduzam atividade ao ar livre.
UCI_Dataset;03/12/04 10:00;2;ALTO;R12_QUALIDADE_AR_PESSIMA, R02_NO2_MODERADO;Qualidade do ar muito degradada agravada por humidade alta. Grupos de risco evitem saídas.
UCI_Dataset;03/12/04 11:00;1;MODERADO;R02_NO2_MODERADO;Monitorizar evolucão. Sensiveis reduzam atividade ao ar livre.
UCI_Dataset;03/12/04 12:00;1;MODERADO;R02_NO2_MODERADO;Monitorizar evolucão. Sensiveis reduzam atividade ao ar livre.
UCI_Dataset;03/12/04 13:00;1;MODERADO;R02_NO2_MODERADO;Monitorizar evolucão. Sensiveis reduzam atividade ao ar livre.
UCI_Dataset;03/12/04 14:00;1;MODERADO;R02_NO2_MODERADO;Monitorizar evolucão. Sensiveis reduzam atividade ao ar livre.
UCI_Dataset;03/12/04 15:00;1;MODERADO;R02_NO2_MODERADO;Monitorizar evolucão. Sensiveis reduzam atividade ao ar livre.
UCI_Dataset;03/12/04 16:00;1;MODERADO;R02_NO2_MODERADO;Monitorizar evolucão. Sensiveis reduzam atividade ao ar livre.
UCI_Dataset;03/12/04 17:00;1;MODERADO;R02_NO2_MODERADO;Monitorizar evolucão. Sensiveis reduzam atividade ao ar livre.
UCI_Dataset;03/12/04 18:00;1;MODERADO;R02_NO2_MODERADO;Monitorizar evolucão. Sensiveis reduzam atividade ao ar livre.
UCI_Dataset;03/12/04 19:00;1;MODERADO;R02_NO2_MODERADO;Monitorizar evolucão. Sensiveis reduzam atividade ao ar livre.
UCI_Dataset;03/12/04 20:00;1;MODERADO;R02_NO2_MODERADO;Monitorizar evolucão. Sensiveis reduzam atividade ao ar livre.
UCI_Dataset;03/12/04 21:00;1;MODERADO;R02_NO2_MODERADO;Monitorizar evolucão. Sensiveis reduzam atividade ao ar livre.
UCI_Dataset;03/12/04 22:00;1;MODERADO;R02_NO2_MODERADO;Monitorizar evolucão. Sensiveis reduzam atividade ao ar livre.
UCI_Dataset;03/12/04 23:00;1;MODERADO;R02_NO2_MODERADO;Monitorizar evolucão. Sensiveis reduzam atividade ao ar livre.
UCI_Dataset;04/12/04 00:00;0;NORMAL;;Sem ação necessária.
UCI_Dataset;04/12/04 01:00;0;NORMAL;;Sem ação necessária.
UCI_Dataset;04/12/04 02:00;0;NORMAL;;Sem ação necessária.
UCI_Dataset;04/12/04 03:00;0;NORMAL;;Sem ação necessária.
UCI_Dataset;04/12/04 04:00;0;NORMAL;;Sem ação necessária.
UCI_Dataset;04/12/04 05:00;0;NORMAL;;Sem ação necessária.
UCI_Dataset;04/12/04 06:00;0;NORMAL;;Sem ação necessária.
UCI_Dataset;04/12/04 07:00;0;NORMAL;;Sem ação necessária.
UCI_Dataset;04/12/04 08:00;0;NORMAL;;Sem ação necessária.
UCI_Dataset;04/12/04 09:00;1;MODERADO;R02_NO2_MODERADO;Monitorizar evolucão. Sensiveis reduzam atividade ao ar livre.
UCI_Dataset;04/12/04 10:00;1;MODERADO;R02_NO2_MODERADO;Monitorizar evolucão. Sensiveis reduzam atividade ao ar livre.
UCI_Dataset;04/12/04 11:00;0;NORMAL;;Sem ação necessária.
UCI_Dataset;04/12/04 12:00;1;MODERADO;R02_NO2_MODERADO;Monitorizar evolucão. Sensiveis reduzam atividade ao ar livre.
UCI_Dataset;04/12/04 13:00;1;MODERADO;R02_NO2_MODERADO;Monitorizar evolucão. Sensiveis reduzam atividade ao ar livre.
UCI_Dataset;04/12/04 14:00;1;MODERADO;R02_NO2_MODERADO;Monitorizar evolucão. Sensiveis reduzam atividade ao ar livre.
UCI_Dataset;04/12/04 15:00;1;MODERADO;R02_NO2_MODERADO;Monitorizar evolucão. Sensiveis reduzam atividade ao ar livre.
UCI_Dataset;04/12/04 16:00;1;MODERADO;R02_NO2_MODERADO;Monitorizar evolucão. Sensiveis reduzam atividade ao ar livre.
UCI_Dataset;04/12/04 17:00;1;MODERADO;R02_NO2_MODERADO;Monitorizar evolucão. Sensiveis reduzam atividade ao ar livre.
UCI_Dataset;04/12/04 18:00;1;MODERADO;R02_NO2_MODERADO;Monitorizar evolucão. Sensiveis reduzam atividade ao ar livre.
UCI_Dataset;04/12/04 19:00;1;MODERADO;R02_NO2_MODERADO;Monitorizar evolucão. Sensiveis reduzam atividade ao ar livre.
UCI_Dataset;04/12/04 20:00;1;MODERADO;R02_NO2_MODERADO;Monitorizar evolucão. Sensiveis reduzam atividade ao ar livre.
UCI_Dataset;04/12/04 21:00;1;MODERADO;R02_NO2_MODERADO;Monitorizar evolucão. Sensiveis reduzam atividade ao ar livre.
UCI_Dataset;04/12/04 22:00;1;MODERADO;R02_NO2_MODERADO;Monitorizar evolucão. Sensiveis reduzam atividade ao ar livre.
UCI_Dataset;04/12/04 23:00;0;NORMAL;;Sem ação necessária.
UCI_Dataset;05/12/04 00:00;1;MODERADO;R02_NO2_MODERADO;Monitorizar evolucão. Sensiveis reduzam atividade ao ar livre.
UCI_Dataset;05/12/04 01:00;1;MODERADO;R02_NO2_MODERADO;Monitorizar evolucão. Sensiveis reduzam atividade ao ar livre.
UCI_Dataset;05/12/04 02:00;0;NORMAL;;Sem ação necessária.
UCI_Dataset;05/12/04 03:00;0;NORMAL;;Sem ação necessária.
UCI_Dataset;05/12/04 04:00;0;NORMAL;;Sem ação necessária.
UCI_Dataset;05/12/04 05:00;0;NORMAL;;Sem ação necessária.
UCI_Dataset;05/12/04 06:00;0;NORMAL;;Sem ação necessária.
UCI_Dataset;05/12/04 07:00;0;NORMAL;;Sem ação necessária.
UCI_Dataset;05/12/04 08:00;0;NORMAL;;Sem ação necessária.
UCI_Dataset;05/12/04 09:00;0;NORMAL;;Sem ação necessária.
UCI_Dataset;05/12/04 10:00;0;NORMAL;;Sem ação necessária.
UCI_Dataset;05/12/04 11:00;0;NORMAL;;Sem ação necessária.
UCI_Dataset;05/12/04 12:00;0;NORMAL;;Sem ação necessária.
UCI_Dataset;05/12/04 13:00;0;NORMAL;;Sem ação necessária.
UCI_Dataset;05/12/04 14:00;0;NORMAL;;Sem ação necessária.
UCI_Dataset;05/12/04 15:00;0;NORMAL;;Sem ação necessária.
UCI_Dataset;05/12/04 16:00;0;NORMAL;;Sem ação necessária.
UCI_Dataset;05/12/04 17:00;0;NORMAL;;Sem ação necessária.
UCI_Dataset;05/12/04 18:00;0;NORMAL;;Sem ação necessária.
UCI_Dataset;05/12/04 19:00;1;MODERADO;R02_NO2_MODERADO;Monitorizar evolucão. Sensiveis reduzam atividade ao ar livre.
UCI_Dataset;05/12/04 20:00;0;NORMAL;;Sem ação necessária.
UCI_Dataset;05/12/04 21:00;0;NORMAL;;Sem ação necessária.
UCI_Dataset;05/12/04 22:00;0;NORMAL;;Sem ação necessária.
UCI_Dataset;05/12/04 23:00;0;NORMAL;;Sem ação necessária.
UCI_Dataset;06/12/04 00:00;0;NORMAL;;Sem ação necessária.
UCI_Dataset;06/12/04 01:00;0;NORMAL;;Sem ação necessária.
UCI_Dataset;06/12/04 02:00;0;NORMAL;;Sem ação necessária.
UCI_Dataset;06/12/04 03:00;0;NORMAL;;Sem ação necessária.
UCI_Dataset;06/12/04 04:00;0;NORMAL;;Sem ação necessária.
UCI_Dataset;06/12/04 05:00;0;NORMAL;;Sem ação necessária.
UCI_Dataset;06/12/04 06:00;0;NORMAL;;Sem ação necessária.
UCI_Dataset;06/12/04 07:00;0;NORMAL;;Sem ação necessária.
UCI_Dataset;06/12/04 08:00;1;MODERADO;R02_NO2_MODERADO;Monitorizar evolucão. Sensiveis reduzam atividade ao ar livre.
UCI_Dataset;06/12/04 09:00;1;MODERADO;R02_NO2_MODERADO;Monitorizar evolucão. Sensiveis reduzam atividade ao ar livre.
UCI_Dataset;06/12/04 10:00;1;MODERADO;R02_NO2_MODERADO;Monitorizar evolucão. Sensiveis reduzam atividade ao ar livre.
UCI_Dataset;06/12/04 11:00;1;MODERADO;R02_NO2_MODERADO;Monitorizar evolucão. Sensiveis reduzam atividade ao ar livre.
UCI_Dataset;06/12/04 12:00;1;MODERADO;R02_NO2_MODERADO;Monitorizar evolucão. Sensiveis reduzam atividade ao ar livre.
UCI_Dataset;06/12/04 13:00;1;MODERADO;R02_NO2_MODERADO;Monitorizar evolucão. Sensiveis reduzam atividade ao ar livre.
UCI_Dataset;06/12/04 14:00;1;MODERADO;R02_NO2_MODERADO;Monitorizar evolucão. Sensiveis reduzam atividade ao ar livre.
UCI_Dataset;06/12/04 15:00;1;MODERADO;R02_NO2_MODERADO;Monitorizar evolucão. Sensiveis reduzam atividade ao ar livre.
UCI_Dataset;06/12/04 16:00;1;MODERADO;R02_NO2_MODERADO;Monitorizar evolucão. Sensiveis reduzam atividade ao ar livre.
UCI_Dataset;06/12/04 17:00;1;MODERADO;R02_NO2_MODERADO;Monitorizar evolucão. Sensiveis reduzam atividade ao ar livre.
UCI_Dataset;06/12/04 18:00;1;MODERADO;R02_NO2_MODERADO;Monitorizar evolucão. Sensiveis reduzam atividade ao ar livre.
UCI_Dataset;06/12/04 19:00;1;MODERADO;R02_NO2_MODERADO;Monitorizar evolucão. Sensiveis reduzam atividade ao ar livre.
UCI_Dataset;06/12/04 20:00;1;MODERADO;R02_NO2_MODERADO;Monitorizar evolucão. Sensiveis reduzam atividade ao ar livre.
UCI_Dataset;06/12/04 21:00;1;MODERADO;R02_NO2_MODERADO;Monitorizar evolucão. Sensiveis reduzam atividade ao ar livre.
UCI_Dataset;06/12/04 22:00;0;NORMAL;;Sem ação necessária.
UCI_Dataset;06/12/04 23:00;0;NORMAL;;Sem ação necessária.
UCI_Dataset;07/12/04 00:00;0;NORMAL;;Sem ação necessária.
UCI_Dataset;07/12/04 01:00;0;NORMAL;;Sem ação necessária.
UCI_Dataset;07/12/04 02:00;0;NORMAL;;Sem ação necessária.
UCI_Dataset;07/12/04 03:00;0;NORMAL;;Sem ação necessária.
UCI_Dataset;07/12/04 04:00;0;NORMAL;;Sem ação necessária.
UCI_Dataset;07/12/04 05:00;0;NORMAL;;Sem ação necessária.
UCI_Dataset;07/12/04 06:00;0;NORMAL;;Sem ação necessária.
UCI_Dataset;07/12/04 07:00;0;NORMAL;;Sem ação necessária.
UCI_Dataset;07/12/04 08:00;0;NORMAL;;Sem ação necessária.
UCI_Dataset;07/12/04 09:00;1;MODERADO;R02_NO2_MODERADO;Monitorizar evolucão. Sensiveis reduzam atividade ao ar livre.
UCI_Dataset;07/12/04 10:00;1;MODERADO;R02_NO2_MODERADO;Monitorizar evolucão. Sensiveis reduzam atividade ao ar livre.
UCI_Dataset;07/12/04 11:00;1;MODERADO;R02_NO2_MODERADO;Monitorizar evolucão. Sensiveis reduzam atividade ao ar livre.
UCI_Dataset;07/12/04 12:00;1;MODERADO;R02_NO2_MODERADO;Monitorizar evolucão. Sensiveis reduzam atividade ao ar livre.
UCI_Dataset;07/12/04 13:00;1;MODERADO;R02_NO2_MODERADO;Monitorizar evolucão. Sensiveis reduzam atividade ao ar livre.
UCI_Dataset;07/12/04 14:00;1;MODERADO;R02_NO2_MODERADO;Monitorizar evolucão. Sensiveis reduzam atividade ao ar livre.
UCI_Dataset;07/12/04 15:00;1;MODERADO;R02_NO2_MODERADO;Monitorizar evolucão. Sensiveis reduzam atividade ao ar livre.
UCI_Dataset;07/12/04 16:00;1;MODERADO;R02_NO2_MODERADO;Monitorizar evolucão. Sensiveis reduzam atividade ao ar livre.
UCI_Dataset;07/12/04 17:00;1;MODERADO;R02_NO2_MODERADO;Monitorizar evolucão. Sensiveis reduzam atividade ao ar livre.
UCI_Dataset;07/12/04 18:00;1;MODERADO;R02_NO2_MODERADO;Monitorizar evolucão. Sensiveis reduzam atividade ao ar livre.
UCI_Dataset;07/12/04 19:00;1;MODERADO;R02_NO2_MODERADO;Monitorizar evolucão. Sensiveis reduzam atividade ao ar livre.
UCI_Dataset;07/12/04 20:00;0;NORMAL;;Sem ação necessária.
UCI_Dataset;07/12/04 21:00;1;MODERADO;R02_NO2_MODERADO;Monitorizar evolucão. Sensiveis reduzam atividade ao ar livre.
UCI_Dataset;07/12/04 22:00;1;MODERADO;R02_NO2_MODERADO;Monitorizar evolucão. Sensiveis reduzam atividade ao ar livre.
UCI_Dataset;07/12/04 23:00;0;NORMAL;;Sem ação necessária.
UCI_Dataset;08/12/04 00:00;0;NORMAL;;Sem ação necessária.
UCI_Dataset;08/12/04 01:00;0;NORMAL;;Sem ação necessária.
UCI_Dataset;08/12/04 02:00;0;NORMAL;;Sem ação necessária.
UCI_Dataset;08/12/04 03:00;0;NORMAL;;Sem ação necessária.
UCI_Dataset;08/12/04 04:00;0;NORMAL;;Sem ação necessária.
UCI_Dataset;08/12/04 05:00;0;NORMAL;;Sem ação necessária.
UCI_Dataset;08/12/04 06:00;0;NORMAL;;Sem ação necessária.
UCI_Dataset;08/12/04 07:00;0;NORMAL;;Sem ação necessária.
UCI_Dataset;08/12/04 08:00;0;NORMAL;;Sem ação necessária.
UCI_Dataset;08/12/04 09:00;0;NORMAL;;Sem ação necessária.
UCI_Dataset;08/12/04 10:00;0;NORMAL;;Sem ação necessária.
UCI_Dataset;08/12/04 11:00;0;NORMAL;;Sem ação necessária.
UCI_Dataset;08/12/04 12:00;0;NORMAL;;Sem ação necessária.
UCI_Dataset;08/12/04 13:00;1;MODERADO;R02_NO2_MODERADO;Monitorizar evolucão. Sensiveis reduzam atividade ao ar livre.
UCI_Dataset;08/12/04 14:00;0;NORMAL;;Sem ação necessária.
UCI_Dataset;08/12/04 15:00;0;NORMAL;;Sem ação necessária.
UCI_Dataset;08/12/04 16:00;0;NORMAL;;Sem ação necessária.
UCI_Dataset;08/12/04 17:00;1;MODERADO;R02_NO2_MODERADO;Monitorizar evolucão. Sensiveis reduzam atividade ao ar livre.
UCI_Dataset;08/12/04 18:00;1;MODERADO;R02_NO2_MODERADO;Monitorizar evolucão. Sensiveis reduzam atividade ao ar livre.
UCI_Dataset;08/12/04 19:00;1;MODERADO;R02_NO2_MODERADO;Monitorizar evolucão. Sensiveis reduzam atividade ao ar livre.
UCI_Dataset;08/12/04 20:00;1;MODERADO;R02_NO2_MODERADO;Monitorizar evolucão. Sensiveis reduzam atividade ao ar livre.
UCI_Dataset;08/12/04 21:00;1;MODERADO;R02_NO2_MODERADO;Monitorizar evolucão. Sensiveis reduzam atividade ao ar livre.
UCI_Dataset;08/12/04 22:00;1;MODERADO;R02_NO2_MODERADO;Monitorizar evolucão. Sensiveis reduzam atividade ao ar livre.
UCI_Dataset;08/12/04 23:00;1;MODERADO;R02_NO2_MODERADO;Monitorizar evolucão. Sensiveis reduzam atividade ao ar livre.
UCI_Dataset;09/12/04 00:00;1;MODERADO;R02_NO2_MODERADO;Monitorizar evolucão. Sensiveis reduzam atividade ao ar livre.
UCI_Dataset;09/12/04 01:00;0;NORMAL;;Sem ação necessária.
UCI_Dataset;09/12/04 02:00;0;NORMAL;;Sem ação necessária.
UCI_Dataset;09/12/04 03:00;0;NORMAL;;Sem ação necessária.
UCI_Dataset;09/12/04 04:00;0;NORMAL;;Sem ação necessária.
UCI_Dataset;09/12/04 05:00;0;NORMAL;;Sem ação necessária.
UCI_Dataset;09/12/04 06:00;0;NORMAL;;Sem ação necessária.
UCI_Dataset;09/12/04 07:00;0;NORMAL;;Sem ação necessária.
UCI_Dataset;09/12/04 08:00;1;MODERADO;R02_NO2_MODERADO;Monitorizar evolucão. Sensiveis reduzam atividade ao ar livre.
UCI_Dataset;09/12/04 09:00;1;MODERADO;R02_NO2_MODERADO;Monitorizar evolucão. Sensiveis reduzam atividade ao ar livre.
UCI_Dataset;09/12/04 10:00;1;MODERADO;R02_NO2_MODERADO;Monitorizar evolucão. Sensiveis reduzam atividade ao ar livre.
UCI_Dataset;09/12/04 11:00;1;MODERADO;R02_NO2_MODERADO;Monitorizar evolucão. Sensiveis reduzam atividade ao ar livre.
UCI_Dataset;09/12/04 12:00;1;MODERADO;R02_NO2_MODERADO;Monitorizar evolucão. Sensiveis reduzam atividade ao ar livre.
UCI_Dataset;09/12/04 13:00;1;MODERADO;R02_NO2_MODERADO;Monitorizar evolucão. Sensiveis reduzam atividade ao ar livre.
UCI_Dataset;09/12/04 14:00;0;NORMAL;;Sem ação necessária.
UCI_Dataset;09/12/04 15:00;0;NORMAL;;Sem ação necessária.
UCI_Dataset;09/12/04 16:00;1;MODERADO;R02_NO2_MODERADO;Monitorizar evolucão. Sensiveis reduzam atividade ao ar livre.
UCI_Dataset;09/12/04 17:00;1;MODERADO;R02_NO2_MODERADO;Monitorizar evolucão. Sensiveis reduzam atividade ao ar livre.
UCI_Dataset;09/12/04 18:00;1;MODERADO;R02_NO2_MODERADO;Monitorizar evolucão. Sensiveis reduzam atividade ao ar livre.
UCI_Dataset;09/12/04 19:00;1;MODERADO;R02_NO2_MODERADO;Monitorizar evolucão. Sensiveis reduzam atividade ao ar livre.
UCI_Dataset;09/12/04 20:00;1;MODERADO;R02_NO2_MODERADO;Monitorizar evolucão. Sensiveis reduzam atividade ao ar livre.
UCI_Dataset;09/12/04 21:00;1;MODERADO;R02_NO2_MODERADO;Monitorizar evolucão. Sensiveis reduzam atividade ao ar livre.
UCI_Dataset;09/12/04 22:00;0;NORMAL;;Sem ação necessária.
UCI_Dataset;09/12/04 23:00;0;NORMAL;;Sem ação necessária.
UCI_Dataset;10/12/04 00:00;0;NORMAL;;Sem ação necessária.
UCI_Dataset;10/12/04 01:00;0;NORMAL;;Sem ação necessária.
UCI_Dataset;10/12/04 02:00;0;NORMAL;;Sem ação necessária.
UCI_Dataset;10/12/04 03:00;0;NORMAL;;Sem ação necessária.
UCI_Dataset;10/12/04 04:00;0;NORMAL;;Sem ação necessária.
UCI_Dataset;10/12/04 05:00;0;NORMAL;;Sem ação necessária.
UCI_Dataset;10/12/04 06:00;0;NORMAL;;Sem ação necessária.
UCI_Dataset;10/12/04 07:00;0;NORMAL;;Sem ação necessária.
UCI_Dataset;10/12/04 08:00;1;MODERADO;R02_NO2_MODERADO;Monitorizar evolucão. Sensiveis reduzam atividade ao ar livre.
UCI_Dataset;10/12/04 09:00;1;MODERADO;R02_NO2_MODERADO;Monitorizar evolucão. Sensiveis reduzam atividade ao ar livre.
UCI_Dataset;10/12/04 10:00;1;MODERADO;R02_NO2_MODERADO;Monitorizar evolucão. Sensiveis reduzam atividade ao ar livre.
UCI_Dataset;10/12/04 11:00;1;MODERADO;R02_NO2_MODERADO;Monitorizar evolucão. Sensiveis reduzam atividade ao ar livre.
UCI_Dataset;10/12/04 12:00;1;MODERADO;R02_NO2_MODERADO;Monitorizar evolucão. Sensiveis reduzam atividade ao ar livre.
UCI_Dataset;10/12/04 13:00;1;MODERADO;R02_NO2_MODERADO;Monitorizar evolucão. Sensiveis reduzam atividade ao ar livre.
UCI_Dataset;10/12/04 14:00;1;MODERADO;R02_NO2_MODERADO;Monitorizar evolucão. Sensiveis reduzam atividade ao ar livre.
UCI_Dataset;10/12/04 15:00;1;MODERADO;R02_NO2_MODERADO;Monitorizar evolucão. Sensiveis reduzam atividade ao ar livre.
UCI_Dataset;10/12/04 16:00;1;MODERADO;R02_NO2_MODERADO;Monitorizar evolucão. Sensiveis reduzam atividade ao ar livre.
UCI_Dataset;10/12/04 17:00;1;MODERADO;R02_NO2_MODERADO;Monitorizar evolucão. Sensiveis reduzam atividade ao ar livre.
UCI_Dataset;10/12/04 18:00;1;MODERADO;R02_NO2_MODERADO;Monitorizar evolucão. Sensiveis reduzam atividade ao ar livre.
UCI_Dataset;10/12/04 19:00;1;MODERADO;R02_NO2_MODERADO;Monitorizar evolucão. Sensiveis reduzam atividade ao ar livre.
UCI_Dataset;10/12/04 20:00;1;MODERADO;R02_NO2_MODERADO;Monitorizar evolucão. Sensiveis reduzam atividade ao ar livre.
UCI_Dataset;10/12/04 21:00;1;MODERADO;R02_NO2_MODERADO;Monitorizar evolucão. Sensiveis reduzam atividade ao ar livre.
UCI_Dataset;10/12/04 22:00;1;MODERADO;R02_NO2_MODERADO;Monitorizar evolucão. Sensiveis reduzam atividade ao ar livre.
UCI_Dataset;10/12/04 23:00;0;NORMAL;;Sem ação necessária.
UCI_Dataset;11/12/04 00:00;1;MODERADO;R02_NO2_MODERADO;Monitorizar evolucão. Sensiveis reduzam atividade ao ar livre.
UCI_Dataset;11/12/04 01:00;1;MODERADO;R02_NO2_MODERADO;Monitorizar evolucão. Sensiveis reduzam atividade ao ar livre.
UCI_Dataset;11/12/04 02:00;1;MODERADO;R02_NO2_MODERADO;Monitorizar evolucão. Sensiveis reduzam atividade ao ar livre.
UCI_Dataset;11/12/04 03:00;0;NORMAL;;Sem ação necessária.
UCI_Dataset;11/12/04 04:00;0;NORMAL;;Sem ação necessária.
UCI_Dataset;11/12/04 05:00;0;NORMAL;;Sem ação necessária.
UCI_Dataset;11/12/04 06:00;1;MODERADO;R02_NO2_MODERADO;Monitorizar evolucão. Sensiveis reduzam atividade ao ar livre.
UCI_Dataset;11/12/04 07:00;1;MODERADO;R02_NO2_MODERADO;Monitorizar evolucão. Sensiveis reduzam atividade ao ar livre.
UCI_Dataset;11/12/04 08:00;1;MODERADO;R02_NO2_MODERADO;Monitorizar evolucão. Sensiveis reduzam atividade ao ar livre.
UCI_Dataset;11/12/04 09:00;1;MODERADO;R02_NO2_MODERADO;Monitorizar evolucão. Sensiveis reduzam atividade ao ar livre.
UCI_Dataset;11/12/04 10:00;1;MODERADO;R02_NO2_MODERADO;Monitorizar evolucão. Sensiveis reduzam atividade ao ar livre.
UCI_Dataset;11/12/04 11:00;1;MODERADO;R02_NO2_MODERADO;Monitorizar evolucão. Sensiveis reduzam atividade ao ar livre.
UCI_Dataset;11/12/04 12:00;1;MODERADO;R02_NO2_MODERADO;Monitorizar evolucão. Sensiveis reduzam atividade ao ar livre.
UCI_Dataset;11/12/04 13:00;1;MODERADO;R02_NO2_MODERADO;Monitorizar evolucão. Sensiveis reduzam atividade ao ar livre.
UCI_Dataset;11/12/04 14:00;1;MODERADO;R02_NO2_MODERADO;Monitorizar evolucão. Sensiveis reduzam atividade ao ar livre.
UCI_Dataset;11/12/04 15:00;1;MODERADO;R02_NO2_MODERADO;Monitorizar evolucão. Sensiveis reduzam atividade ao ar livre.
UCI_Dataset;11/12/04 16:00;1;MODERADO;R02_NO2_MODERADO;Monitorizar evolucão. Sensiveis reduzam atividade ao ar livre.
UCI_Dataset;11/12/04 17:00;1;MODERADO;R02_NO2_MODERADO;Monitorizar evolucão. Sensiveis reduzam atividade ao ar livre.
UCI_Dataset;11/12/04 18:00;1;MODERADO;R02_NO2_MODERADO;Monitorizar evolucão. Sensiveis reduzam atividade ao ar livre.
UCI_Dataset;11/12/04 19:00;1;MODERADO;R02_NO2_MODERADO;Monitorizar evolucão. Sensiveis reduzam atividade ao ar livre.
UCI_Dataset;11/12/04 20:00;1;MODERADO;R02_NO2_MODERADO;Monitorizar evolucão. Sensiveis reduzam atividade ao ar livre.
UCI_Dataset;11/12/04 21:00;1;MODERADO;R02_NO2_MODERADO;Monitorizar evolucão. Sensiveis reduzam atividade ao ar livre.
UCI_Dataset;11/12/04 22:00;1;MODERADO;R02_NO2_MODERADO;Monitorizar evolucão. Sensiveis reduzam atividade ao ar livre.
UCI_Dataset;11/12/04 23:00;1;MODERADO;R02_NO2_MODERADO;Monitorizar evolucão. Sensiveis reduzam atividade ao ar livre.
UCI_Dataset;12/12/04 00:00;1;MODERADO;R02_NO2_MODERADO;Monitorizar evolucão. Sensiveis reduzam atividade ao ar livre.
UCI_Dataset;12/12/04 01:00;1;MODERADO;R02_NO2_MODERADO;Monitorizar evolucão. Sensiveis reduzam atividade ao ar livre.
UCI_Dataset;12/12/04 02:00;1;MODERADO;R02_NO2_MODERADO;Monitorizar evolucão. Sensiveis reduzam atividade ao ar livre.
UCI_Dataset;12/12/04 03:00;0;NORMAL;;Sem ação necessária.
UCI_Dataset;12/12/04 04:00;1;MODERADO;R02_NO2_MODERADO;Monitorizar evolucão. Sensiveis reduzam atividade ao ar livre.
UCI_Dataset;12/12/04 05:00;0;NORMAL;;Sem ação necessária.
UCI_Dataset;12/12/04 06:00;0;NORMAL;;Sem ação necessária.
UCI_Dataset;12/12/04 07:00;0;NORMAL;;Sem ação necessária.
UCI_Dataset;12/12/04 08:00;1;MODERADO;R02_NO2_MODERADO;Monitorizar evolucão. Sensiveis reduzam atividade ao ar livre.
UCI_Dataset;12/12/04 09:00;1;MODERADO;R02_NO2_MODERADO;Monitorizar evolucão. Sensiveis reduzam atividade ao ar livre.
UCI_Dataset;12/12/04 10:00;1;MODERADO;R02_NO2_MODERADO;Monitorizar evolucão. Sensiveis reduzam atividade ao ar livre.
UCI_Dataset;12/12/04 11:00;1;MODERADO;R02_NO2_MODERADO;Monitorizar evolucão. Sensiveis reduzam atividade ao ar livre.
UCI_Dataset;12/12/04 12:00;1;MODERADO;R02_NO2_MODERADO;Monitorizar evolucão. Sensiveis reduzam atividade ao ar livre.
UCI_Dataset;12/12/04 13:00;1;MODERADO;R02_NO2_MODERADO;Monitorizar evolucão. Sensiveis reduzam atividade ao ar livre.
UCI_Dataset;12/12/04 14:00;1;MODERADO;R02_NO2_MODERADO;Monitorizar evolucão. Sensiveis reduzam atividade ao ar livre.
UCI_Dataset;12/12/04 15:00;1;MODERADO;R02_NO2_MODERADO;Monitorizar evolucão. Sensiveis reduzam atividade ao ar livre.
UCI_Dataset;12/12/04 16:00;1;MODERADO;R02_NO2_MODERADO;Monitorizar evolucão. Sensiveis reduzam atividade ao ar livre.
UCI_Dataset;12/12/04 17:00;1;MODERADO;R02_NO2_MODERADO;Monitorizar evolucão. Sensiveis reduzam atividade ao ar livre.
UCI_Dataset;12/12/04 18:00;1;MODERADO;R02_NO2_MODERADO;Monitorizar evolucão. Sensiveis reduzam atividade ao ar livre.
UCI_Dataset;12/12/04 19:00;1;MODERADO;R02_NO2_MODERADO;Monitorizar evolucão. Sensiveis reduzam atividade ao ar livre.
UCI_Dataset;12/12/04 20:00;1;MODERADO;R02_NO2_MODERADO;Monitorizar evolucão. Sensiveis reduzam atividade ao ar livre.
UCI_Dataset;12/12/04 21:00;1;MODERADO;R02_NO2_MODERADO;Monitorizar evolucão. Sensiveis reduzam atividade ao ar livre.
UCI_Dataset;12/12/04 22:00;1;MODERADO;R02_NO2_MODERADO;Monitorizar evolucão. Sensiveis reduzam atividade ao ar livre.
UCI_Dataset;12/12/04 23:00;1;MODERADO;R02_NO2_MODERADO;Monitorizar evolucão. Sensiveis reduzam atividade ao ar livre.
UCI_Dataset;13/12/04 00:00;1;MODERADO;R02_NO2_MODERADO;Monitorizar evolucão. Sensiveis reduzam atividade ao ar livre.
UCI_Dataset;13/12/04 01:00;1;MODERADO;R02_NO2_MODERADO;Monitorizar evolucão. Sensiveis reduzam atividade ao ar livre.
UCI_Dataset;13/12/04 02:00;0;NORMAL;;Sem ação necessária.
UCI_Dataset;13/12/04 03:00;0;NORMAL;;Sem ação necessária.
UCI_Dataset;13/12/04 04:00;0;NORMAL;;Sem ação necessária.
UCI_Dataset;13/12/04 05:00;0;NORMAL;;Sem ação necessária.
UCI_Dataset;13/12/04 06:00;0;NORMAL;;Sem ação necessária.
UCI_Dataset;13/12/04 07:00;1;MODERADO;R02_NO2_MODERADO;Monitorizar evolucão. Sensiveis reduzam atividade ao ar livre.
UCI_Dataset;13/12/04 08:00;1;MODERADO;R02_NO2_MODERADO;Monitorizar evolucão. Sensiveis reduzam atividade ao ar livre.
UCI_Dataset;13/12/04 09:00;1;MODERADO;R02_NO2_MODERADO;Monitorizar evolucão. Sensiveis reduzam atividade ao ar livre.
UCI_Dataset;13/12/04 10:00;1;MODERADO;R02_NO2_MODERADO;Monitorizar evolucão. Sensiveis reduzam atividade ao ar livre.
UCI_Dataset;13/12/04 11:00;1;ALTO;R01_NO2_ALTO;Limitar trafego automovel. Grupos sensiveis evitem exposição prolongada.
UCI_Dataset;13/12/04 12:00;1;MODERADO;R02_NO2_MODERADO;Monitorizar evolucão. Sensiveis reduzam atividade ao ar livre.
UCI_Dataset;13/12/04 13:00;1;MODERADO;R02_NO2_MODERADO;Monitorizar evolucão. Sensiveis reduzam atividade ao ar livre.
UCI_Dataset;13/12/04 14:00;1;ALTO;R01_NO2_ALTO;Limitar trafego automovel. Grupos sensiveis evitem exposição prolongada.
UCI_Dataset;13/12/04 15:00;1;ALTO;R01_NO2_ALTO;Limitar trafego automovel. Grupos sensiveis evitem exposição prolongada.
UCI_Dataset;13/12/04 16:00;1;MODERADO;R02_NO2_MODERADO;Monitorizar evolucão. Sensiveis reduzam atividade ao ar livre.
UCI_Dataset;13/12/04 17:00;1;ALTO;R01_NO2_ALTO;Limitar trafego automovel. Grupos sensiveis evitem exposição prolongada.
UCI_Dataset;13/12/04 18:00;1;ALTO;R01_NO2_ALTO;Limitar trafego automovel. Grupos sensiveis evitem exposição prolongada.
UCI_Dataset;13/12/04 19:00;1;ALTO;R01_NO2_ALTO;Limitar trafego automovel. Grupos sensiveis evitem exposição prolongada.
UCI_Dataset;13/12/04 20:00;1;MODERADO;R02_NO2_MODERADO;Monitorizar evolucão. Sensiveis reduzam atividade ao ar livre.
UCI_Dataset;13/12/04 21:00;1;MODERADO;R02_NO2_MODERADO;Monitorizar evolucão. Sensiveis reduzam atividade ao ar livre.
UCI_Dataset;13/12/04 22:00;1;MODERADO;R02_NO2_MODERADO;Monitorizar evolucão. Sensiveis reduzam atividade ao ar livre.
UCI_Dataset;13/12/04 23:00;1;MODERADO;R02_NO2_MODERADO;Monitorizar evolucão. Sensiveis reduzam atividade ao ar livre.
UCI_Dataset;14/12/04 00:00;1;MODERADO;R02_NO2_MODERADO;Monitorizar evolucão. Sensiveis reduzam atividade ao ar livre.
UCI_Dataset;14/12/04 01:00;1;MODERADO;R02_NO2_MODERADO;Monitorizar evolucão. Sensiveis reduzam atividade ao ar livre.
UCI_Dataset;14/12/04 02:00;0;NORMAL;;Sem ação necessária.
UCI_Dataset;14/12/04 03:00;0;NORMAL;;Sem ação necessária.
UCI_Dataset;14/12/04 04:00;0;NORMAL;;Sem ação necessária.
UCI_Dataset;14/12/04 05:00;0;NORMAL;;Sem ação necessária.
UCI_Dataset;14/12/04 06:00;0;NORMAL;;Sem ação necessária.
UCI_Dataset;14/12/04 07:00;1;MODERADO;R02_NO2_MODERADO;Monitorizar evolucão. Sensiveis reduzam atividade ao ar livre.
UCI_Dataset;14/12/04 08:00;1;MODERADO;R02_NO2_MODERADO;Monitorizar evolucão. Sensiveis reduzam atividade ao ar livre.
UCI_Dataset;14/12/04 09:00;1;MODERADO;R02_NO2_MODERADO;Monitorizar evolucão. Sensiveis reduzam atividade ao ar livre.
UCI_Dataset;14/12/04 10:00;1;MODERADO;R02_NO2_MODERADO;Monitorizar evolucão. Sensiveis reduzam atividade ao ar livre.
UCI_Dataset;14/12/04 11:00;1;MODERADO;R02_NO2_MODERADO;Monitorizar evolucão. Sensiveis reduzam atividade ao ar livre.
UCI_Dataset;14/12/04 12:00;1;ALTO;R01_NO2_ALTO;Limitar trafego automovel. Grupos sensiveis evitem exposição prolongada.
UCI_Dataset;14/12/04 13:00;1;MODERADO;R02_NO2_MODERADO;Monitorizar evolucão. Sensiveis reduzam atividade ao ar livre.
UCI_Dataset;14/12/04 14:00;1;MODERADO;R02_NO2_MODERADO;Monitorizar evolucão. Sensiveis reduzam atividade ao ar livre.
UCI_Dataset;14/12/04 15:00;1;MODERADO;R02_NO2_MODERADO;Monitorizar evolucão. Sensiveis reduzam atividade ao ar livre.
UCI_Dataset;14/12/04 16:00;1;MODERADO;R02_NO2_MODERADO;Monitorizar evolucão. Sensiveis reduzam atividade ao ar livre.
UCI_Dataset;14/12/04 17:00;1;ALTO;R01_NO2_ALTO;Limitar trafego automovel. Grupos sensiveis evitem exposição prolongada.
UCI_Dataset;14/12/04 18:00;1;ALTO;R01_NO2_ALTO;Limitar trafego automovel. Grupos sensiveis evitem exposição prolongada.
UCI_Dataset;14/12/04 19:00;1;ALTO;R01_NO2_ALTO;Limitar trafego automovel. Grupos sensiveis evitem exposição prolongada.
UCI_Dataset;14/12/04 20:00;1;MODERADO;R02_NO2_MODERADO;Monitorizar evolucão. Sensiveis reduzam atividade ao ar livre.
UCI_Dataset;14/12/04 21:00;1;MODERADO;R02_NO2_MODERADO;Monitorizar evolucão. Sensiveis reduzam atividade ao ar livre.
UCI_Dataset;14/12/04 22:00;1;MODERADO;R02_NO2_MODERADO;Monitorizar evolucão. Sensiveis reduzam atividade ao ar livre.
UCI_Dataset;14/12/04 23:00;1;MODERADO;R02_NO2_MODERADO;Monitorizar evolucão. Sensiveis reduzam atividade ao ar livre.
UCI_Dataset;15/12/04 00:00;1;MODERADO;R02_NO2_MODERADO;Monitorizar evolucão. Sensiveis reduzam atividade ao ar livre.
UCI_Dataset;15/12/04 01:00;0;NORMAL;;Sem ação necessária.
UCI_Dataset;15/12/04 02:00;0;NORMAL;;Sem ação necessária.
UCI_Dataset;15/12/04 03:00;0;NORMAL;;Sem ação necessária.
UCI_Dataset;15/12/04 04:00;0;NORMAL;;Sem ação necessária.
UCI_Dataset;15/12/04 05:00;0;NORMAL;;Sem ação necessária.
UCI_Dataset;15/12/04 06:00;0;NORMAL;;Sem ação necessária.
UCI_Dataset;15/12/04 07:00;0;NORMAL;;Sem ação necessária.
UCI_Dataset;15/12/04 08:00;1;MODERADO;R02_NO2_MODERADO;Monitorizar evolucão. Sensiveis reduzam atividade ao ar livre.
UCI_Dataset;15/12/04 09:00;1;MODERADO;R02_NO2_MODERADO;Monitorizar evolucão. Sensiveis reduzam atividade ao ar livre.
UCI_Dataset;15/12/04 10:00;1;MODERADO;R02_NO2_MODERADO;Monitorizar evolucão. Sensiveis reduzam atividade ao ar livre.
UCI_Dataset;15/12/04 11:00;1;MODERADO;R02_NO2_MODERADO;Monitorizar evolucão. Sensiveis reduzam atividade ao ar livre.
UCI_Dataset;15/12/04 12:00;1;MODERADO;R02_NO2_MODERADO;Monitorizar evolucão. Sensiveis reduzam atividade ao ar livre.
UCI_Dataset;15/12/04 13:00;1;MODERADO;R02_NO2_MODERADO;Monitorizar evolucão. Sensiveis reduzam atividade ao ar livre.
UCI_Dataset;15/12/04 14:00;1;MODERADO;R02_NO2_MODERADO;Monitorizar evolucão. Sensiveis reduzam atividade ao ar livre.
UCI_Dataset;15/12/04 15:00;1;MODERADO;R02_NO2_MODERADO;Monitorizar evolucão. Sensiveis reduzam atividade ao ar livre.
UCI_Dataset;15/12/04 16:00;1;MODERADO;R02_NO2_MODERADO;Monitorizar evolucão. Sensiveis reduzam atividade ao ar livre.
UCI_Dataset;15/12/04 17:00;1;ALTO;R01_NO2_ALTO;Limitar trafego automovel. Grupos sensiveis evitem exposição prolongada.
UCI_Dataset;15/12/04 18:00;1;ALTO;R01_NO2_ALTO;Limitar trafego automovel. Grupos sensiveis evitem exposição prolongada.
UCI_Dataset;15/12/04 19:00;1;MODERADO;R02_NO2_MODERADO;Monitorizar evolucão. Sensiveis reduzam atividade ao ar livre.
UCI_Dataset;15/12/04 20:00;1;MODERADO;R02_NO2_MODERADO;Monitorizar evolucão. Sensiveis reduzam atividade ao ar livre.
UCI_Dataset;15/12/04 21:00;1;MODERADO;R02_NO2_MODERADO;Monitorizar evolucão. Sensiveis reduzam atividade ao ar livre.
UCI_Dataset;15/12/04 22:00;1;MODERADO;R02_NO2_MODERADO;Monitorizar evolucão. Sensiveis reduzam atividade ao ar livre.
UCI_Dataset;15/12/04 23:00;0;NORMAL;;Sem ação necessária.
UCI_Dataset;16/12/04 00:00;1;MODERADO;R02_NO2_MODERADO;Monitorizar evolucão. Sensiveis reduzam atividade ao ar livre.
UCI_Dataset;16/12/04 01:00;1;MODERADO;R02_NO2_MODERADO;Monitorizar evolucão. Sensiveis reduzam atividade ao ar livre.
UCI_Dataset;16/12/04 02:00;0;NORMAL;;Sem ação necessária.
UCI_Dataset;16/12/04 03:00;0;NORMAL;;Sem ação necessária.
UCI_Dataset;16/12/04 04:00;0;NORMAL;;Sem ação necessária.
UCI_Dataset;16/12/04 05:00;0;NORMAL;;Sem ação necessária.
UCI_Dataset;16/12/04 06:00;0;NORMAL;;Sem ação necessária.
UCI_Dataset;16/12/04 07:00;0;NORMAL;;Sem ação necessária.
UCI_Dataset;16/12/04 08:00;1;MODERADO;R02_NO2_MODERADO;Monitorizar evolucão. Sensiveis reduzam atividade ao ar livre.
UCI_Dataset;16/12/04 09:00;1;MODERADO;R02_NO2_MODERADO;Monitorizar evolucão. Sensiveis reduzam atividade ao ar livre.
UCI_Dataset;16/12/04 10:00;1;MODERADO;R02_NO2_MODERADO;Monitorizar evolucão. Sensiveis reduzam atividade ao ar livre.
UCI_Dataset;16/12/04 11:00;1;ALTO;R01_NO2_ALTO;Limitar trafego automovel. Grupos sensiveis evitem exposição prolongada.
UCI_Dataset;16/12/04 12:00;1;MODERADO;R02_NO2_MODERADO;Monitorizar evolucão. Sensiveis reduzam atividade ao ar livre.
UCI_Dataset;16/12/04 13:00;1;MODERADO;R02_NO2_MODERADO;Monitorizar evolucão. Sensiveis reduzam atividade ao ar livre.
UCI_Dataset;16/12/04 14:00;1;ALTO;R01_NO2_ALTO;Limitar trafego automovel. Grupos sensiveis evitem exposição prolongada.
UCI_Dataset;16/12/04 15:00;1;ALTO;R01_NO2_ALTO;Limitar trafego automovel. Grupos sensiveis evitem exposição prolongada.
UCI_Dataset;16/12/04 16:00;1;ALTO;R01_NO2_ALTO;Limitar trafego automovel. Grupos sensiveis evitem exposição prolongada.
UCI_Dataset;16/12/04 17:00;1;ALTO;R01_NO2_ALTO;Limitar trafego automovel. Grupos sensiveis evitem exposição prolongada.
UCI_Dataset;16/12/04 18:00;1;ALTO;R01_NO2_ALTO;Limitar trafego automovel. Grupos sensiveis evitem exposição prolongada.
UCI_Dataset;16/12/04 19:00;1;ALTO;R01_NO2_ALTO;Limitar trafego automovel. Grupos sensiveis evitem exposição prolongada.
UCI_Dataset;16/12/04 20:00;1;ALTO;R01_NO2_ALTO;Limitar trafego automovel. Grupos sensiveis evitem exposição prolongada.
UCI_Dataset;16/12/04 21:00;1;ALTO;R01_NO2_ALTO;Limitar trafego automovel. Grupos sensiveis evitem exposição prolongada.
UCI_Dataset;16/12/04 22:00;1;MODERADO;R02_NO2_MODERADO;Monitorizar evolucão. Sensiveis reduzam atividade ao ar livre.
UCI_Dataset;16/12/04 23:00;1;MODERADO;R02_NO2_MODERADO;Monitorizar evolucão. Sensiveis reduzam atividade ao ar livre.
UCI_Dataset;17/12/04 00:00;1;MODERADO;R02_NO2_MODERADO;Monitorizar evolucão. Sensiveis reduzam atividade ao ar livre.
UCI_Dataset;17/12/04 01:00;1;MODERADO;R02_NO2_MODERADO;Monitorizar evolucão. Sensiveis reduzam atividade ao ar livre.
UCI_Dataset;17/12/04 02:00;1;MODERADO;R02_NO2_MODERADO;Monitorizar evolucão. Sensiveis reduzam atividade ao ar livre.
UCI_Dataset;17/12/04 03:00;0;NORMAL;;Sem ação necessária.
UCI_Dataset;17/12/04 04:00;1;MODERADO;R02_NO2_MODERADO;Monitorizar evolucão. Sensiveis reduzam atividade ao ar livre.
UCI_Dataset;17/12/04 05:00;1;MODERADO;R02_NO2_MODERADO;Monitorizar evolucão. Sensiveis reduzam atividade ao ar livre.
UCI_Dataset;17/12/04 06:00;1;MODERADO;R02_NO2_MODERADO;Monitorizar evolucão. Sensiveis reduzam atividade ao ar livre.
UCI_Dataset;17/12/04 07:00;1;MODERADO;R02_NO2_MODERADO;Monitorizar evolucão. Sensiveis reduzam atividade ao ar livre.
UCI_Dataset;17/12/04 08:00;1;MODERADO;R02_NO2_MODERADO;Monitorizar evolucão. Sensiveis reduzam atividade ao ar livre.
UCI_Dataset;17/12/04 09:00;1;MODERADO;R02_NO2_MODERADO;Monitorizar evolucão. Sensiveis reduzam atividade ao ar livre.
UCI_Dataset;17/12/04 10:00;1;MODERADO;R02_NO2_MODERADO;Monitorizar evolucão. Sensiveis reduzam atividade ao ar livre.
UCI_Dataset;17/12/04 11:00;1;MODERADO;R02_NO2_MODERADO;Monitorizar evolucão. Sensiveis reduzam atividade ao ar livre.
UCI_Dataset;17/12/04 12:00;1;ALTO;R01_NO2_ALTO;Limitar trafego automovel. Grupos sensiveis evitem exposição prolongada.
UCI_Dataset;17/12/04 13:00;1;MODERADO;R02_NO2_MODERADO;Monitorizar evolucão. Sensiveis reduzam atividade ao ar livre.
UCI_Dataset;17/12/04 14:00;1;MODERADO;R02_NO2_MODERADO;Monitorizar evolucão. Sensiveis reduzam atividade ao ar livre.
UCI_Dataset;17/12/04 15:00;1;MODERADO;R02_NO2_MODERADO;Monitorizar evolucão. Sensiveis reduzam atividade ao ar livre.
UCI_Dataset;17/12/04 16:00;1;MODERADO;R02_NO2_MODERADO;Monitorizar evolucão. Sensiveis reduzam atividade ao ar livre.
UCI_Dataset;17/12/04 17:00;1;MODERADO;R02_NO2_MODERADO;Monitorizar evolucão. Sensiveis reduzam atividade ao ar livre.
UCI_Dataset;17/12/04 18:00;1;MODERADO;R02_NO2_MODERADO;Monitorizar evolucão. Sensiveis reduzam atividade ao ar livre.
UCI_Dataset;17/12/04 19:00;1;MODERADO;R02_NO2_MODERADO;Monitorizar evolucão. Sensiveis reduzam atividade ao ar livre.
UCI_Dataset;17/12/04 20:00;1;MODERADO;R02_NO2_MODERADO;Monitorizar evolucão. Sensiveis reduzam atividade ao ar livre.
UCI_Dataset;17/12/04 21:00;1;MODERADO;R02_NO2_MODERADO;Monitorizar evolucão. Sensiveis reduzam atividade ao ar livre.
UCI_Dataset;17/12/04 22:00;1;MODERADO;R02_NO2_MODERADO;Monitorizar evolucão. Sensiveis reduzam atividade ao ar livre.
UCI_Dataset;17/12/04 23:00;1;MODERADO;R02_NO2_MODERADO;Monitorizar evolucão. Sensiveis reduzam atividade ao ar livre.
UCI_Dataset;18/12/04 00:00;1;MODERADO;R02_NO2_MODERADO;Monitorizar evolucão. Sensiveis reduzam atividade ao ar livre.
UCI_Dataset;18/12/04 01:00;1;MODERADO;R02_NO2_MODERADO;Monitorizar evolucão. Sensiveis reduzam atividade ao ar livre.
UCI_Dataset;18/12/04 02:00;1;MODERADO;R02_NO2_MODERADO;Monitorizar evolucão. Sensiveis reduzam atividade ao ar livre.
UCI_Dataset;18/12/04 03:00;0;NORMAL;;Sem ação necessária.
UCI_Dataset;18/12/04 04:00;0;NORMAL;;Sem ação necessária.
UCI_Dataset;18/12/04 05:00;0;NORMAL;;Sem ação necessária.
UCI_Dataset;18/12/04 06:00;0;NORMAL;;Sem ação necessária.
UCI_Dataset;18/12/04 07:00;0;NORMAL;;Sem ação necessária.
UCI_Dataset;18/12/04 08:00;1;MODERADO;R02_NO2_MODERADO;Monitorizar evolucão. Sensiveis reduzam atividade ao ar livre.
UCI_Dataset;18/12/04 09:00;1;MODERADO;R02_NO2_MODERADO;Monitorizar evolucão. Sensiveis reduzam atividade ao ar livre.
UCI_Dataset;18/12/04 10:00;1;MODERADO;R02_NO2_MODERADO;Monitorizar evolucão. Sensiveis reduzam atividade ao ar livre.
UCI_Dataset;18/12/04 11:00;1;MODERADO;R02_NO2_MODERADO;Monitorizar evolucão. Sensiveis reduzam atividade ao ar livre.
UCI_Dataset;18/12/04 12:00;0;NORMAL;;Sem ação necessária.
UCI_Dataset;18/12/04 13:00;0;NORMAL;;Sem ação necessária.
UCI_Dataset;18/12/04 14:00;0;NORMAL;;Sem ação necessária.
UCI_Dataset;18/12/04 15:00;0;NORMAL;;Sem ação necessária.
UCI_Dataset;18/12/04 16:00;0;NORMAL;;Sem ação necessária.
UCI_Dataset;18/12/04 17:00;0;NORMAL;;Sem ação necessária.
UCI_Dataset;18/12/04 18:00;1;MODERADO;R02_NO2_MODERADO;Monitorizar evolucão. Sensiveis reduzam atividade ao ar livre.
UCI_Dataset;18/12/04 19:00;1;MODERADO;R02_NO2_MODERADO;Monitorizar evolucão. Sensiveis reduzam atividade ao ar livre.
UCI_Dataset;18/12/04 20:00;1;MODERADO;R02_NO2_MODERADO;Monitorizar evolucão. Sensiveis reduzam atividade ao ar livre.
UCI_Dataset;18/12/04 21:00;1;MODERADO;R02_NO2_MODERADO;Monitorizar evolucão. Sensiveis reduzam atividade ao ar livre.
UCI_Dataset;18/12/04 22:00;1;MODERADO;R02_NO2_MODERADO;Monitorizar evolucão. Sensiveis reduzam atividade ao ar livre.
UCI_Dataset;18/12/04 23:00;1;MODERADO;R02_NO2_MODERADO;Monitorizar evolucão. Sensiveis reduzam atividade ao ar livre.
UCI_Dataset;19/12/04 00:00;1;MODERADO;R02_NO2_MODERADO;Monitorizar evolucão. Sensiveis reduzam atividade ao ar livre.
UCI_Dataset;19/12/04 01:00;1;MODERADO;R02_NO2_MODERADO;Monitorizar evolucão. Sensiveis reduzam atividade ao ar livre.
UCI_Dataset;19/12/04 02:00;1;MODERADO;R02_NO2_MODERADO;Monitorizar evolucão. Sensiveis reduzam atividade ao ar livre.
UCI_Dataset;19/12/04 03:00;0;NORMAL;;Sem ação necessária.
UCI_Dataset;19/12/04 04:00;0;NORMAL;;Sem ação necessária.
UCI_Dataset;19/12/04 05:00;0;NORMAL;;Sem ação necessária.
UCI_Dataset;19/12/04 06:00;0;NORMAL;;Sem ação necessária.
UCI_Dataset;19/12/04 07:00;0;NORMAL;;Sem ação necessária.
UCI_Dataset;19/12/04 08:00;1;MODERADO;R02_NO2_MODERADO;Monitorizar evolucão. Sensiveis reduzam atividade ao ar livre.
UCI_Dataset;19/12/04 09:00;0;NORMAL;;Sem ação necessária.
UCI_Dataset;19/12/04 10:00;1;MODERADO;R02_NO2_MODERADO;Monitorizar evolucão. Sensiveis reduzam atividade ao ar livre.
UCI_Dataset;19/12/04 11:00;1;MODERADO;R02_NO2_MODERADO;Monitorizar evolucão. Sensiveis reduzam atividade ao ar livre.
UCI_Dataset;19/12/04 12:00;1;MODERADO;R02_NO2_MODERADO;Monitorizar evolucão. Sensiveis reduzam atividade ao ar livre.
UCI_Dataset;19/12/04 13:00;1;MODERADO;R02_NO2_MODERADO;Monitorizar evolucão. Sensiveis reduzam atividade ao ar livre.
UCI_Dataset;19/12/04 14:00;1;MODERADO;R02_NO2_MODERADO;Monitorizar evolucão. Sensiveis reduzam atividade ao ar livre.
UCI_Dataset;19/12/04 15:00;1;MODERADO;R02_NO2_MODERADO;Monitorizar evolucão. Sensiveis reduzam atividade ao ar livre.
UCI_Dataset;19/12/04 16:00;1;MODERADO;R02_NO2_MODERADO;Monitorizar evolucão. Sensiveis reduzam atividade ao ar livre.
UCI_Dataset;19/12/04 17:00;1;MODERADO;R02_NO2_MODERADO;Monitorizar evolucão. Sensiveis reduzam atividade ao ar livre.
UCI_Dataset;19/12/04 18:00;2;ALTO;R12_QUALIDADE_AR_PESSIMA, R02_NO2_MODERADO;Qualidade do ar muito degradada agravada por humidade alta. Grupos de risco evitem saídas.
UCI_Dataset;19/12/04 19:00;2;ALTO;R12_QUALIDADE_AR_PESSIMA, R02_NO2_MODERADO;Qualidade do ar muito degradada agravada por humidade alta. Grupos de risco evitem saídas.
UCI_Dataset;19/12/04 20:00;2;ALTO;R12_QUALIDADE_AR_PESSIMA, R02_NO2_MODERADO;Qualidade do ar muito degradada agravada por humidade alta. Grupos de risco evitem saídas.
UCI_Dataset;19/12/04 21:00;2;ALTO;R12_QUALIDADE_AR_PESSIMA, R02_NO2_MODERADO;Qualidade do ar muito degradada agravada por humidade alta. Grupos de risco evitem saídas.
UCI_Dataset;19/12/04 22:00;1;MODERADO;R02_NO2_MODERADO;Monitorizar evolucão. Sensiveis reduzam atividade ao ar livre.
UCI_Dataset;19/12/04 23:00;1;MODERADO;R02_NO2_MODERADO;Monitorizar evolucão. Sensiveis reduzam atividade ao ar livre.
UCI_Dataset;20/12/04 00:00;1;MODERADO;R02_NO2_MODERADO;Monitorizar evolucão. Sensiveis reduzam atividade ao ar livre.
UCI_Dataset;20/12/04 01:00;1;MODERADO;R02_NO2_MODERADO;Monitorizar evolucão. Sensiveis reduzam atividade ao ar livre.
UCI_Dataset;20/12/04 02:00;0;NORMAL;;Sem ação necessária.
UCI_Dataset;20/12/04 03:00;0;NORMAL;;Sem ação necessária.
UCI_Dataset;20/12/04 04:00;0;NORMAL;;Sem ação necessária.
UCI_Dataset;20/12/04 05:00;0;NORMAL;;Sem ação necessária.
UCI_Dataset;20/12/04 06:00;0;NORMAL;;Sem ação necessária.
UCI_Dataset;20/12/04 07:00;0;NORMAL;;Sem ação necessária.
UCI_Dataset;20/12/04 08:00;1;MODERADO;R02_NO2_MODERADO;Monitorizar evolucão. Sensiveis reduzam atividade ao ar livre.
UCI_Dataset;20/12/04 09:00;1;MODERADO;R02_NO2_MODERADO;Monitorizar evolucão. Sensiveis reduzam atividade ao ar livre.
UCI_Dataset;20/12/04 10:00;1;MODERADO;R02_NO2_MODERADO;Monitorizar evolucão. Sensiveis reduzam atividade ao ar livre.
UCI_Dataset;20/12/04 11:00;1;MODERADO;R02_NO2_MODERADO;Monitorizar evolucão. Sensiveis reduzam atividade ao ar livre.
UCI_Dataset;20/12/04 12:00;1;MODERADO;R02_NO2_MODERADO;Monitorizar evolucão. Sensiveis reduzam atividade ao ar livre.
UCI_Dataset;20/12/04 13:00;1;MODERADO;R02_NO2_MODERADO;Monitorizar evolucão. Sensiveis reduzam atividade ao ar livre.
UCI_Dataset;20/12/04 14:00;0;NORMAL;;Sem ação necessária.
UCI_Dataset;20/12/04 15:00;0;NORMAL;;Sem ação necessária.
UCI_Dataset;20/12/04 16:00;1;MODERADO;R02_NO2_MODERADO;Monitorizar evolucão. Sensiveis reduzam atividade ao ar livre.
UCI_Dataset;20/12/04 17:00;1;MODERADO;R02_NO2_MODERADO;Monitorizar evolucão. Sensiveis reduzam atividade ao ar livre.
UCI_Dataset;20/12/04 18:00;1;MODERADO;R02_NO2_MODERADO;Monitorizar evolucão. Sensiveis reduzam atividade ao ar livre.
UCI_Dataset;20/12/04 19:00;1;MODERADO;R02_NO2_MODERADO;Monitorizar evolucão. Sensiveis reduzam atividade ao ar livre.
UCI_Dataset;20/12/04 20:00;1;MODERADO;R02_NO2_MODERADO;Monitorizar evolucão. Sensiveis reduzam atividade ao ar livre.
UCI_Dataset;20/12/04 21:00;1;MODERADO;R02_NO2_MODERADO;Monitorizar evolucão. Sensiveis reduzam atividade ao ar livre.
UCI_Dataset;20/12/04 22:00;1;MODERADO;R02_NO2_MODERADO;Monitorizar evolucão. Sensiveis reduzam atividade ao ar livre.
UCI_Dataset;20/12/04 23:00;1;MODERADO;R02_NO2_MODERADO;Monitorizar evolucão. Sensiveis reduzam atividade ao ar livre.
UCI_Dataset;21/12/04 00:00;1;MODERADO;R02_NO2_MODERADO;Monitorizar evolucão. Sensiveis reduzam atividade ao ar livre.
UCI_Dataset;21/12/04 01:00;1;MODERADO;R02_NO2_MODERADO;Monitorizar evolucão. Sensiveis reduzam atividade ao ar livre.
UCI_Dataset;21/12/04 02:00;0;NORMAL;;Sem ação necessária.
UCI_Dataset;21/12/04 03:00;0;NORMAL;;Sem ação necessária.
UCI_Dataset;21/12/04 04:00;0;NORMAL;;Sem ação necessária.
UCI_Dataset;21/12/04 05:00;0;NORMAL;;Sem ação necessária.
UCI_Dataset;21/12/04 06:00;0;NORMAL;;Sem ação necessária.
UCI_Dataset;21/12/04 07:00;1;MODERADO;R02_NO2_MODERADO;Monitorizar evolucão. Sensiveis reduzam atividade ao ar livre.
UCI_Dataset;21/12/04 08:00;1;MODERADO;R02_NO2_MODERADO;Monitorizar evolucão. Sensiveis reduzam atividade ao ar livre.
UCI_Dataset;21/12/04 09:00;1;MODERADO;R02_NO2_MODERADO;Monitorizar evolucão. Sensiveis reduzam atividade ao ar livre.
UCI_Dataset;21/12/04 10:00;1;MODERADO;R02_NO2_MODERADO;Monitorizar evolucão. Sensiveis reduzam atividade ao ar livre.
UCI_Dataset;21/12/04 11:00;1;MODERADO;R02_NO2_MODERADO;Monitorizar evolucão. Sensiveis reduzam atividade ao ar livre.
UCI_Dataset;21/12/04 12:00;1;MODERADO;R02_NO2_MODERADO;Monitorizar evolucão. Sensiveis reduzam atividade ao ar livre.
UCI_Dataset;21/12/04 13:00;1;MODERADO;R02_NO2_MODERADO;Monitorizar evolucão. Sensiveis reduzam atividade ao ar livre.
UCI_Dataset;21/12/04 14:00;1;MODERADO;R02_NO2_MODERADO;Monitorizar evolucão. Sensiveis reduzam atividade ao ar livre.
UCI_Dataset;21/12/04 15:00;1;MODERADO;R02_NO2_MODERADO;Monitorizar evolucão. Sensiveis reduzam atividade ao ar livre.
UCI_Dataset;21/12/04 16:00;1;MODERADO;R02_NO2_MODERADO;Monitorizar evolucão. Sensiveis reduzam atividade ao ar livre.
UCI_Dataset;21/12/04 17:00;1;MODERADO;R02_NO2_MODERADO;Monitorizar evolucão. Sensiveis reduzam atividade ao ar livre.
UCI_Dataset;21/12/04 18:00;1;MODERADO;R02_NO2_MODERADO;Monitorizar evolucão. Sensiveis reduzam atividade ao ar livre.
UCI_Dataset;21/12/04 19:00;1;MODERADO;R02_NO2_MODERADO;Monitorizar evolucão. Sensiveis reduzam atividade ao ar livre.
UCI_Dataset;21/12/04 20:00;1;MODERADO;R02_NO2_MODERADO;Monitorizar evolucão. Sensiveis reduzam atividade ao ar livre.
UCI_Dataset;21/12/04 21:00;1;MODERADO;R02_NO2_MODERADO;Monitorizar evolucão. Sensiveis reduzam atividade ao ar livre.
UCI_Dataset;21/12/04 22:00;1;MODERADO;R02_NO2_MODERADO;Monitorizar evolucão. Sensiveis reduzam atividade ao ar livre.
UCI_Dataset;21/12/04 23:00;1;MODERADO;R02_NO2_MODERADO;Monitorizar evolucão. Sensiveis reduzam atividade ao ar livre.
UCI_Dataset;22/12/04 00:00;1;MODERADO;R02_NO2_MODERADO;Monitorizar evolucão. Sensiveis reduzam atividade ao ar livre.
UCI_Dataset;22/12/04 01:00;1;MODERADO;R02_NO2_MODERADO;Monitorizar evolucão. Sensiveis reduzam atividade ao ar livre.
UCI_Dataset;22/12/04 02:00;1;MODERADO;R02_NO2_MODERADO;Monitorizar evolucão. Sensiveis reduzam atividade ao ar livre.
UCI_Dataset;22/12/04 03:00;0;NORMAL;;Sem ação necessária.
UCI_Dataset;22/12/04 04:00;0;NORMAL;;Sem ação necessária.
UCI_Dataset;22/12/04 05:00;0;NORMAL;;Sem ação necessária.
UCI_Dataset;22/12/04 06:00;0;NORMAL;;Sem ação necessária.
UCI_Dataset;22/12/04 07:00;1;MODERADO;R02_NO2_MODERADO;Monitorizar evolucão. Sensiveis reduzam atividade ao ar livre.
UCI_Dataset;22/12/04 08:00;1;MODERADO;R02_NO2_MODERADO;Monitorizar evolucão. Sensiveis reduzam atividade ao ar livre.
UCI_Dataset;22/12/04 09:00;1;MODERADO;R02_NO2_MODERADO;Monitorizar evolucão. Sensiveis reduzam atividade ao ar livre.
UCI_Dataset;22/12/04 10:00;1;MODERADO;R02_NO2_MODERADO;Monitorizar evolucão. Sensiveis reduzam atividade ao ar livre.
UCI_Dataset;22/12/04 11:00;1;MODERADO;R02_NO2_MODERADO;Monitorizar evolucão. Sensiveis reduzam atividade ao ar livre.
UCI_Dataset;22/12/04 12:00;1;MODERADO;R02_NO2_MODERADO;Monitorizar evolucão. Sensiveis reduzam atividade ao ar livre.
UCI_Dataset;22/12/04 13:00;1;MODERADO;R02_NO2_MODERADO;Monitorizar evolucão. Sensiveis reduzam atividade ao ar livre.
UCI_Dataset;22/12/04 14:00;1;MODERADO;R02_NO2_MODERADO;Monitorizar evolucão. Sensiveis reduzam atividade ao ar livre.
UCI_Dataset;22/12/04 15:00;1;MODERADO;R02_NO2_MODERADO;Monitorizar evolucão. Sensiveis reduzam atividade ao ar livre.
UCI_Dataset;22/12/04 16:00;1;MODERADO;R02_NO2_MODERADO;Monitorizar evolucão. Sensiveis reduzam atividade ao ar livre.
UCI_Dataset;22/12/04 17:00;1;MODERADO;R02_NO2_MODERADO;Monitorizar evolucão. Sensiveis reduzam atividade ao ar livre.
UCI_Dataset;22/12/04 18:00;1;MODERADO;R02_NO2_MODERADO;Monitorizar evolucão. Sensiveis reduzam atividade ao ar livre.
UCI_Dataset;22/12/04 19:00;1;MODERADO;R02_NO2_MODERADO;Monitorizar evolucão. Sensiveis reduzam atividade ao ar livre.
UCI_Dataset;22/12/04 20:00;1;MODERADO;R02_NO2_MODERADO;Monitorizar evolucão. Sensiveis reduzam atividade ao ar livre.
UCI_Dataset;22/12/04 21:00;1;MODERADO;R02_NO2_MODERADO;Monitorizar evolucão. Sensiveis reduzam atividade ao ar livre.
UCI_Dataset;22/12/04 22:00;1;MODERADO;R02_NO2_MODERADO;Monitorizar evolucão. Sensiveis reduzam atividade ao ar livre.
UCI_Dataset;22/12/04 23:00;1;MODERADO;R02_NO2_MODERADO;Monitorizar evolucão. Sensiveis reduzam atividade ao ar livre.
UCI_Dataset;23/12/04 00:00;1;MODERADO;R02_NO2_MODERADO;Monitorizar evolucão. Sensiveis reduzam atividade ao ar livre.
UCI_Dataset;23/12/04 01:00;1;MODERADO;R02_NO2_MODERADO;Monitorizar evolucão. Sensiveis reduzam atividade ao ar livre.
UCI_Dataset;23/12/04 02:00;1;MODERADO;R02_NO2_MODERADO;Monitorizar evolucão. Sensiveis reduzam atividade ao ar livre.
UCI_Dataset;23/12/04 03:00;0;NORMAL;;Sem ação necessária.
UCI_Dataset;23/12/04 04:00;0;NORMAL;;Sem ação necessária.
UCI_Dataset;23/12/04 05:00;0;NORMAL;;Sem ação necessária.
UCI_Dataset;23/12/04 06:00;0;NORMAL;;Sem ação necessária.
UCI_Dataset;23/12/04 07:00;1;MODERADO;R02_NO2_MODERADO;Monitorizar evolucão. Sensiveis reduzam atividade ao ar livre.
UCI_Dataset;23/12/04 08:00;1;MODERADO;R02_NO2_MODERADO;Monitorizar evolucão. Sensiveis reduzam atividade ao ar livre.
UCI_Dataset;23/12/04 09:00;1;MODERADO;R02_NO2_MODERADO;Monitorizar evolucão. Sensiveis reduzam atividade ao ar livre.
UCI_Dataset;23/12/04 10:00;1;MODERADO;R02_NO2_MODERADO;Monitorizar evolucão. Sensiveis reduzam atividade ao ar livre.
UCI_Dataset;23/12/04 11:00;1;MODERADO;R02_NO2_MODERADO;Monitorizar evolucão. Sensiveis reduzam atividade ao ar livre.
UCI_Dataset;23/12/04 12:00;1;MODERADO;R02_NO2_MODERADO;Monitorizar evolucão. Sensiveis reduzam atividade ao ar livre.
UCI_Dataset;23/12/04 13:00;1;ALTO;R01_NO2_ALTO;Limitar trafego automovel. Grupos sensiveis evitem exposição prolongada.
UCI_Dataset;23/12/04 14:00;1;ALTO;R01_NO2_ALTO;Limitar trafego automovel. Grupos sensiveis evitem exposição prolongada.
UCI_Dataset;23/12/04 15:00;1;MODERADO;R02_NO2_MODERADO;Monitorizar evolucão. Sensiveis reduzam atividade ao ar livre.
UCI_Dataset;23/12/04 16:00;1;MODERADO;R02_NO2_MODERADO;Monitorizar evolucão. Sensiveis reduzam atividade ao ar livre.
UCI_Dataset;23/12/04 17:00;1;ALTO;R01_NO2_ALTO;Limitar trafego automovel. Grupos sensiveis evitem exposição prolongada.
UCI_Dataset;23/12/04 18:00;1;ALTO;R01_NO2_ALTO;Limitar trafego automovel. Grupos sensiveis evitem exposição prolongada.
UCI_Dataset;23/12/04 19:00;1;ALTO;R01_NO2_ALTO;Limitar trafego automovel. Grupos sensiveis evitem exposição prolongada.
UCI_Dataset;23/12/04 20:00;1;ALTO;R01_NO2_ALTO;Limitar trafego automovel. Grupos sensiveis evitem exposição prolongada.
UCI_Dataset;23/12/04 21:00;1;ALTO;R01_NO2_ALTO;Limitar trafego automovel. Grupos sensiveis evitem exposição prolongada.
UCI_Dataset;23/12/04 22:00;1;MODERADO;R02_NO2_MODERADO;Monitorizar evolucão. Sensiveis reduzam atividade ao ar livre.
UCI_Dataset;23/12/04 23:00;1;MODERADO;R02_NO2_MODERADO;Monitorizar evolucão. Sensiveis reduzam atividade ao ar livre.
UCI_Dataset;24/12/04 00:00;1;MODERADO;R02_NO2_MODERADO;Monitorizar evolucão. Sensiveis reduzam atividade ao ar livre.
UCI_Dataset;24/12/04 01:00;1;MODERADO;R02_NO2_MODERADO;Monitorizar evolucão. Sensiveis reduzam atividade ao ar livre.
UCI_Dataset;24/12/04 02:00;1;MODERADO;R02_NO2_MODERADO;Monitorizar evolucão. Sensiveis reduzam atividade ao ar livre.
UCI_Dataset;24/12/04 03:00;0;NORMAL;;Sem ação necessária.
UCI_Dataset;24/12/04 04:00;1;MODERADO;R02_NO2_MODERADO;Monitorizar evolucão. Sensiveis reduzam atividade ao ar livre.
UCI_Dataset;24/12/04 05:00;1;MODERADO;R02_NO2_MODERADO;Monitorizar evolucão. Sensiveis reduzam atividade ao ar livre.
UCI_Dataset;24/12/04 06:00;1;MODERADO;R02_NO2_MODERADO;Monitorizar evolucão. Sensiveis reduzam atividade ao ar livre.
UCI_Dataset;24/12/04 07:00;1;MODERADO;R02_NO2_MODERADO;Monitorizar evolucão. Sensiveis reduzam atividade ao ar livre.
UCI_Dataset;24/12/04 08:00;1;MODERADO;R02_NO2_MODERADO;Monitorizar evolucão. Sensiveis reduzam atividade ao ar livre.
UCI_Dataset;24/12/04 09:00;1;MODERADO;R02_NO2_MODERADO;Monitorizar evolucão. Sensiveis reduzam atividade ao ar livre.
UCI_Dataset;24/12/04 10:00;1;MODERADO;R02_NO2_MODERADO;Monitorizar evolucão. Sensiveis reduzam atividade ao ar livre.
UCI_Dataset;24/12/04 11:00;1;MODERADO;R02_NO2_MODERADO;Monitorizar evolucão. Sensiveis reduzam atividade ao ar livre.
UCI_Dataset;24/12/04 12:00;1;MODERADO;R02_NO2_MODERADO;Monitorizar evolucão. Sensiveis reduzam atividade ao ar livre.
UCI_Dataset;24/12/04 13:00;1;MODERADO;R02_NO2_MODERADO;Monitorizar evolucão. Sensiveis reduzam atividade ao ar livre.
UCI_Dataset;24/12/04 14:00;1;ALTO;R01_NO2_ALTO;Limitar trafego automovel. Grupos sensiveis evitem exposição prolongada.
UCI_Dataset;24/12/04 15:00;1;ALTO;R01_NO2_ALTO;Limitar trafego automovel. Grupos sensiveis evitem exposição prolongada.
UCI_Dataset;24/12/04 16:00;1;MODERADO;R02_NO2_MODERADO;Monitorizar evolucão. Sensiveis reduzam atividade ao ar livre.
UCI_Dataset;24/12/04 17:00;1;MODERADO;R02_NO2_MODERADO;Monitorizar evolucão. Sensiveis reduzam atividade ao ar livre.
UCI_Dataset;24/12/04 18:00;1;MODERADO;R02_NO2_MODERADO;Monitorizar evolucão. Sensiveis reduzam atividade ao ar livre.
UCI_Dataset;24/12/04 19:00;1;MODERADO;R02_NO2_MODERADO;Monitorizar evolucão. Sensiveis reduzam atividade ao ar livre.
UCI_Dataset;24/12/04 20:00;1;MODERADO;R02_NO2_MODERADO;Monitorizar evolucão. Sensiveis reduzam atividade ao ar livre.
UCI_Dataset;24/12/04 21:00;1;MODERADO;R02_NO2_MODERADO;Monitorizar evolucão. Sensiveis reduzam atividade ao ar livre.
UCI_Dataset;24/12/04 22:00;1;MODERADO;R02_NO2_MODERADO;Monitorizar evolucão. Sensiveis reduzam atividade ao ar livre.
UCI_Dataset;24/12/04 23:00;1;MODERADO;R02_NO2_MODERADO;Monitorizar evolucão. Sensiveis reduzam atividade ao ar livre.
UCI_Dataset;25/12/04 00:00;1;MODERADO;R02_NO2_MODERADO;Monitorizar evolucão. Sensiveis reduzam atividade ao ar livre.
UCI_Dataset;25/12/04 01:00;1;MODERADO;R02_NO2_MODERADO;Monitorizar evolucão. Sensiveis reduzam atividade ao ar livre.
UCI_Dataset;25/12/04 02:00;1;MODERADO;R02_NO2_MODERADO;Monitorizar evolucão. Sensiveis reduzam atividade ao ar livre.
UCI_Dataset;25/12/04 03:00;0;NORMAL;;Sem ação necessária.
UCI_Dataset;25/12/04 04:00;1;MODERADO;R02_NO2_MODERADO;Monitorizar evolucão. Sensiveis reduzam atividade ao ar livre.
UCI_Dataset;25/12/04 05:00;1;MODERADO;R02_NO2_MODERADO;Monitorizar evolucão. Sensiveis reduzam atividade ao ar livre.
UCI_Dataset;25/12/04 06:00;1;MODERADO;R02_NO2_MODERADO;Monitorizar evolucão. Sensiveis reduzam atividade ao ar livre.
UCI_Dataset;25/12/04 07:00;1;MODERADO;R02_NO2_MODERADO;Monitorizar evolucão. Sensiveis reduzam atividade ao ar livre.
UCI_Dataset;25/12/04 08:00;1;MODERADO;R02_NO2_MODERADO;Monitorizar evolucão. Sensiveis reduzam atividade ao ar livre.
UCI_Dataset;25/12/04 09:00;1;MODERADO;R02_NO2_MODERADO;Monitorizar evolucão. Sensiveis reduzam atividade ao ar livre.
UCI_Dataset;25/12/04 10:00;1;MODERADO;R02_NO2_MODERADO;Monitorizar evolucão. Sensiveis reduzam atividade ao ar livre.
UCI_Dataset;25/12/04 11:00;1;MODERADO;R02_NO2_MODERADO;Monitorizar evolucão. Sensiveis reduzam atividade ao ar livre.
UCI_Dataset;25/12/04 12:00;1;MODERADO;R02_NO2_MODERADO;Monitorizar evolucão. Sensiveis reduzam atividade ao ar livre.
UCI_Dataset;25/12/04 13:00;1;MODERADO;R02_NO2_MODERADO;Monitorizar evolucão. Sensiveis reduzam atividade ao ar livre.
UCI_Dataset;25/12/04 14:00;1;MODERADO;R02_NO2_MODERADO;Monitorizar evolucão. Sensiveis reduzam atividade ao ar livre.
UCI_Dataset;25/12/04 15:00;1;MODERADO;R02_NO2_MODERADO;Monitorizar evolucão. Sensiveis reduzam atividade ao ar livre.
UCI_Dataset;25/12/04 16:00;1;MODERADO;R02_NO2_MODERADO;Monitorizar evolucão. Sensiveis reduzam atividade ao ar livre.
UCI_Dataset;25/12/04 17:00;1;MODERADO;R02_NO2_MODERADO;Monitorizar evolucão. Sensiveis reduzam atividade ao ar livre.
UCI_Dataset;25/12/04 18:00;1;MODERADO;R02_NO2_MODERADO;Monitorizar evolucão. Sensiveis reduzam atividade ao ar livre.
UCI_Dataset;25/12/04 19:00;1;MODERADO;R02_NO2_MODERADO;Monitorizar evolucão. Sensiveis reduzam atividade ao ar livre.
UCI_Dataset;25/12/04 20:00;1;MODERADO;R02_NO2_MODERADO;Monitorizar evolucão. Sensiveis reduzam atividade ao ar livre.
UCI_Dataset;25/12/04 21:00;1;MODERADO;R02_NO2_MODERADO;Monitorizar evolucão. Sensiveis reduzam atividade ao ar livre.
UCI_Dataset;25/12/04 22:00;1;MODERADO;R02_NO2_MODERADO;Monitorizar evolucão. Sensiveis reduzam atividade ao ar livre.
UCI_Dataset;25/12/04 23:00;1;MODERADO;R02_NO2_MODERADO;Monitorizar evolucão. Sensiveis reduzam atividade ao ar livre.
UCI_Dataset;26/12/04 00:00;1;MODERADO;R02_NO2_MODERADO;Monitorizar evolucão. Sensiveis reduzam atividade ao ar livre.
UCI_Dataset;26/12/04 01:00;1;MODERADO;R02_NO2_MODERADO;Monitorizar evolucão. Sensiveis reduzam atividade ao ar livre.
UCI_Dataset;26/12/04 02:00;1;MODERADO;R02_NO2_MODERADO;Monitorizar evolucão. Sensiveis reduzam atividade ao ar livre.
UCI_Dataset;26/12/04 03:00;0;NORMAL;;Sem ação necessária.
UCI_Dataset;26/12/04 04:00;0;NORMAL;;Sem ação necessária.
UCI_Dataset;26/12/04 05:00;0;NORMAL;;Sem ação necessária.
UCI_Dataset;26/12/04 06:00;0;NORMAL;;Sem ação necessária.
UCI_Dataset;26/12/04 07:00;0;NORMAL;;Sem ação necessária.
UCI_Dataset;26/12/04 08:00;0;NORMAL;;Sem ação necessária.
UCI_Dataset;26/12/04 09:00;1;MODERADO;R02_NO2_MODERADO;Monitorizar evolucão. Sensiveis reduzam atividade ao ar livre.
UCI_Dataset;26/12/04 10:00;1;MODERADO;R02_NO2_MODERADO;Monitorizar evolucão. Sensiveis reduzam atividade ao ar livre.
UCI_Dataset;26/12/04 11:00;1;MODERADO;R02_NO2_MODERADO;Monitorizar evolucão. Sensiveis reduzam atividade ao ar livre.
UCI_Dataset;26/12/04 12:00;1;MODERADO;R02_NO2_MODERADO;Monitorizar evolucão. Sensiveis reduzam atividade ao ar livre.
UCI_Dataset;26/12/04 13:00;1;MODERADO;R02_NO2_MODERADO;Monitorizar evolucão. Sensiveis reduzam atividade ao ar livre.
UCI_Dataset;26/12/04 14:00;0;NORMAL;;Sem ação necessária.
UCI_Dataset;26/12/04 15:00;0;NORMAL;;Sem ação necessária.
UCI_Dataset;26/12/04 16:00;0;NORMAL;;Sem ação necessária.
UCI_Dataset;26/12/04 17:00;1;MODERADO;R02_NO2_MODERADO;Monitorizar evolucão. Sensiveis reduzam atividade ao ar livre.
UCI_Dataset;26/12/04 18:00;1;MODERADO;R02_NO2_MODERADO;Monitorizar evolucão. Sensiveis reduzam atividade ao ar livre.
UCI_Dataset;26/12/04 19:00;1;MODERADO;R02_NO2_MODERADO;Monitorizar evolucão. Sensiveis reduzam atividade ao ar livre.
UCI_Dataset;26/12/04 20:00;1;MODERADO;R02_NO2_MODERADO;Monitorizar evolucão. Sensiveis reduzam atividade ao ar livre.
UCI_Dataset;26/12/04 21:00;1;MODERADO;R02_NO2_MODERADO;Monitorizar evolucão. Sensiveis reduzam atividade ao ar livre.
UCI_Dataset;26/12/04 22:00;1;MODERADO;R02_NO2_MODERADO;Monitorizar evolucão. Sensiveis reduzam atividade ao ar livre.
UCI_Dataset;26/12/04 23:00;1;MODERADO;R02_NO2_MODERADO;Monitorizar evolucão. Sensiveis reduzam atividade ao ar livre.
UCI_Dataset;27/12/04 00:00;1;MODERADO;R02_NO2_MODERADO;Monitorizar evolucão. Sensiveis reduzam atividade ao ar livre.
UCI_Dataset;27/12/04 01:00;1;MODERADO;R02_NO2_MODERADO;Monitorizar evolucão. Sensiveis reduzam atividade ao ar livre.
UCI_Dataset;27/12/04 02:00;0;NORMAL;;Sem ação necessária.
UCI_Dataset;27/12/04 03:00;0;NORMAL;;Sem ação necessária.
UCI_Dataset;27/12/04 04:00;0;NORMAL;;Sem ação necessária.
UCI_Dataset;27/12/04 05:00;0;NORMAL;;Sem ação necessária.
UCI_Dataset;27/12/04 06:00;0;NORMAL;;Sem ação necessária.
UCI_Dataset;27/12/04 07:00;0;NORMAL;;Sem ação necessária.
UCI_Dataset;27/12/04 08:00;1;MODERADO;R02_NO2_MODERADO;Monitorizar evolucão. Sensiveis reduzam atividade ao ar livre.
UCI_Dataset;27/12/04 09:00;1;MODERADO;R02_NO2_MODERADO;Monitorizar evolucão. Sensiveis reduzam atividade ao ar livre.
UCI_Dataset;27/12/04 10:00;1;MODERADO;R02_NO2_MODERADO;Monitorizar evolucão. Sensiveis reduzam atividade ao ar livre.
UCI_Dataset;27/12/04 11:00;1;MODERADO;R02_NO2_MODERADO;Monitorizar evolucão. Sensiveis reduzam atividade ao ar livre.
UCI_Dataset;27/12/04 12:00;1;MODERADO;R02_NO2_MODERADO;Monitorizar evolucão. Sensiveis reduzam atividade ao ar livre.
UCI_Dataset;27/12/04 13:00;1;MODERADO;R02_NO2_MODERADO;Monitorizar evolucão. Sensiveis reduzam atividade ao ar livre.
UCI_Dataset;27/12/04 14:00;0;NORMAL;;Sem ação necessária.
UCI_Dataset;27/12/04 15:00;1;MODERADO;R02_NO2_MODERADO;Monitorizar evolucão. Sensiveis reduzam atividade ao ar livre.
UCI_Dataset;27/12/04 16:00;1;MODERADO;R02_NO2_MODERADO;Monitorizar evolucão. Sensiveis reduzam atividade ao ar livre.
UCI_Dataset;27/12/04 17:00;1;MODERADO;R02_NO2_MODERADO;Monitorizar evolucão. Sensiveis reduzam atividade ao ar livre.
UCI_Dataset;27/12/04 18:00;1;MODERADO;R02_NO2_MODERADO;Monitorizar evolucão. Sensiveis reduzam atividade ao ar livre.
UCI_Dataset;27/12/04 19:00;1;MODERADO;R02_NO2_MODERADO;Monitorizar evolucão. Sensiveis reduzam atividade ao ar livre.
UCI_Dataset;27/12/04 20:00;1;MODERADO;R02_NO2_MODERADO;Monitorizar evolucão. Sensiveis reduzam atividade ao ar livre.
UCI_Dataset;27/12/04 21:00;1;MODERADO;R02_NO2_MODERADO;Monitorizar evolucão. Sensiveis reduzam atividade ao ar livre.
UCI_Dataset;27/12/04 22:00;1;MODERADO;R02_NO2_MODERADO;Monitorizar evolucão. Sensiveis reduzam atividade ao ar livre.
UCI_Dataset;27/12/04 23:00;1;MODERADO;R02_NO2_MODERADO;Monitorizar evolucão. Sensiveis reduzam atividade ao ar livre.
UCI_Dataset;28/12/04 00:00;1;MODERADO;R02_NO2_MODERADO;Monitorizar evolucão. Sensiveis reduzam atividade ao ar livre.
UCI_Dataset;28/12/04 01:00;0;NORMAL;;Sem ação necessária.
UCI_Dataset;28/12/04 02:00;0;NORMAL;;Sem ação necessária.
UCI_Dataset;28/12/04 03:00;0;NORMAL;;Sem ação necessária.
UCI_Dataset;28/12/04 04:00;0;NORMAL;;Sem ação necessária.
UCI_Dataset;28/12/04 05:00;0;NORMAL;;Sem ação necessária.
UCI_Dataset;28/12/04 06:00;0;NORMAL;;Sem ação necessária.
UCI_Dataset;28/12/04 07:00;0;NORMAL;;Sem ação necessária.
UCI_Dataset;28/12/04 08:00;0;NORMAL;;Sem ação necessária.
UCI_Dataset;28/12/04 09:00;0;NORMAL;;Sem ação necessária.
UCI_Dataset;28/12/04 10:00;0;NORMAL;;Sem ação necessária.
UCI_Dataset;28/12/04 11:00;0;NORMAL;;Sem ação necessária.
UCI_Dataset;28/12/04 12:00;0;NORMAL;;Sem ação necessária.
UCI_Dataset;28/12/04 13:00;0;NORMAL;;Sem ação necessária.
UCI_Dataset;28/12/04 14:00;0;NORMAL;;Sem ação necessária.
UCI_Dataset;28/12/04 15:00;0;NORMAL;;Sem ação necessária.
UCI_Dataset;28/12/04 16:00;0;NORMAL;;Sem ação necessária.
UCI_Dataset;28/12/04 17:00;0;NORMAL;;Sem ação necessária.
UCI_Dataset;28/12/04 18:00;0;NORMAL;;Sem ação necessária.
UCI_Dataset;28/12/04 19:00;0;NORMAL;;Sem ação necessária.
UCI_Dataset;28/12/04 20:00;0;NORMAL;;Sem ação necessária.
UCI_Dataset;28/12/04 21:00;0;NORMAL;;Sem ação necessária.
UCI_Dataset;28/12/04 22:00;0;NORMAL;;Sem ação necessária.
UCI_Dataset;28/12/04 23:00;0;NORMAL;;Sem ação necessária.
UCI_Dataset;29/12/04 00:00;0;NORMAL;;Sem ação necessária.
UCI_Dataset;29/12/04 01:00;0;NORMAL;;Sem ação necessária.
UCI_Dataset;29/12/04 02:00;0;NORMAL;;Sem ação necessária.
UCI_Dataset;29/12/04 03:00;0;NORMAL;;Sem ação necessária.
UCI_Dataset;29/12/04 04:00;0;NORMAL;;Sem ação necessária.
UCI_Dataset;29/12/04 05:00;0;NORMAL;;Sem ação necessária.
UCI_Dataset;29/12/04 06:00;0;NORMAL;;Sem ação necessária.
UCI_Dataset;29/12/04 07:00;0;NORMAL;;Sem ação necessária.
UCI_Dataset;29/12/04 08:00;0;NORMAL;;Sem ação necessária.
UCI_Dataset;29/12/04 09:00;0;NORMAL;;Sem ação necessária.
UCI_Dataset;29/12/04 10:00;0;NORMAL;;Sem ação necessária.
UCI_Dataset;29/12/04 11:00;0;NORMAL;;Sem ação necessária.
UCI_Dataset;29/12/04 12:00;0;NORMAL;;Sem ação necessária.
UCI_Dataset;29/12/04 13:00;0;NORMAL;;Sem ação necessária.
UCI_Dataset;29/12/04 14:00;0;NORMAL;;Sem ação necessária.
UCI_Dataset;29/12/04 15:00;0;NORMAL;;Sem ação necessária.
UCI_Dataset;29/12/04 16:00;0;NORMAL;;Sem ação necessária.
UCI_Dataset;29/12/04 17:00;0;NORMAL;;Sem ação necessária.
UCI_Dataset;29/12/04 18:00;0;NORMAL;;Sem ação necessária.
UCI_Dataset;29/12/04 19:00;0;NORMAL;;Sem ação necessária.
UCI_Dataset;29/12/04 20:00;0;NORMAL;;Sem ação necessária.
UCI_Dataset;29/12/04 21:00;0;NORMAL;;Sem ação necessária.
UCI_Dataset;29/12/04 22:00;0;NORMAL;;Sem ação necessária.
UCI_Dataset;29/12/04 23:00;0;NORMAL;;Sem ação necessária.
UCI_Dataset;30/12/04 00:00;0;NORMAL;;Sem ação necessária.
UCI_Dataset;30/12/04 01:00;0;NORMAL;;Sem ação necessária.
UCI_Dataset;30/12/04 02:00;0;NORMAL;;Sem ação necessária.
UCI_Dataset;30/12/04 03:00;0;NORMAL;;Sem ação necessária.
UCI_Dataset;30/12/04 04:00;0;NORMAL;;Sem ação necessária.
UCI_Dataset;30/12/04 05:00;0;NORMAL;;Sem ação necessária.
UCI_Dataset;30/12/04 06:00;0;NORMAL;;Sem ação necessária.
UCI_Dataset;30/12/04 07:00;0;NORMAL;;Sem ação necessária.
UCI_Dataset;30/12/04 08:00;0;NORMAL;;Sem ação necessária.
UCI_Dataset;30/12/04 09:00;0;NORMAL;;Sem ação necessária.
UCI_Dataset;30/12/04 10:00;0;NORMAL;;Sem ação necessária.
UCI_Dataset;30/12/04 11:00;0;NORMAL;;Sem ação necessária.
UCI_Dataset;30/12/04 12:00;0;NORMAL;;Sem ação necessária.
UCI_Dataset;30/12/04 13:00;0;NORMAL;;Sem ação necessária.
UCI_Dataset;30/12/04 14:00;0;NORMAL;;Sem ação necessária.
UCI_Dataset;30/12/04 15:00;0;NORMAL;;Sem ação necessária.
UCI_Dataset;30/12/04 16:00;0;NORMAL;;Sem ação necessária.
UCI_Dataset;30/12/04 17:00;0;NORMAL;;Sem ação necessária.
UCI_Dataset;30/12/04 18:00;0;NORMAL;;Sem ação necessária.
UCI_Dataset;30/12/04 19:00;0;NORMAL;;Sem ação necessária.
UCI_Dataset;30/12/04 20:00;0;NORMAL;;Sem ação necessária.
UCI_Dataset;30/12/04 21:00;0;NORMAL;;Sem ação necessária.
UCI_Dataset;30/12/04 22:00;0;NORMAL;;Sem ação necessária.
UCI_Dataset;30/12/04 23:00;0;NORMAL;;Sem ação necessária.
UCI_Dataset;31/12/04 00:00;0;NORMAL;;Sem ação necessária.
UCI_Dataset;31/12/04 01:00;0;NORMAL;;Sem ação necessária.
UCI_Dataset;31/12/04 02:00;0;NORMAL;;Sem ação necessária.
UCI_Dataset;31/12/04 03:00;0;NORMAL;;Sem ação necessária.
UCI_Dataset;31/12/04 04:00;0;NORMAL;;Sem ação necessária.
UCI_Dataset;31/12/04 05:00;0;NORMAL;;Sem ação necessária.
UCI_Dataset;31/12/04 06:00;0;NORMAL;;Sem ação necessária.
UCI_Dataset;31/12/04 07:00;0;NORMAL;;Sem ação necessária.
UCI_Dataset;31/12/04 08:00;0;NORMAL;;Sem ação necessária.
UCI_Dataset;31/12/04 09:00;0;NORMAL;;Sem ação necessária.
UCI_Dataset;31/12/04 10:00;0;NORMAL;;Sem ação necessária.
UCI_Dataset;31/12/04 11:00;0;NORMAL;;Sem ação necessária.
UCI_Dataset;31/12/04 12:00;0;NORMAL;;Sem ação necessária.
UCI_Dataset;31/12/04 13:00;0;NORMAL;;Sem ação necessária.
UCI_Dataset;31/12/04 14:00;0;NORMAL;;Sem ação necessária.
UCI_Dataset;31/12/04 15:00;0;NORMAL;;Sem ação necessária.
UCI_Dataset;31/12/04 16:00;0;NORMAL;;Sem ação necessária.
UCI_Dataset;31/12/04 17:00;0;NORMAL;;Sem ação necessária.
UCI_Dataset;31/12/04 18:00;0;NORMAL;;Sem ação necessária.
UCI_Dataset;31/12/04 19:00;0;NORMAL;;Sem ação necessária.
UCI_Dataset;31/12/04 20:00;0;NORMAL;;Sem ação necessária.
UCI_Dataset;31/12/04 21:00;0;NORMAL;;Sem ação necessária.
UCI_Dataset;31/12/04 22:00;0;NORMAL;;Sem ação necessária.
UCI_Dataset;31/12/04 23:00;0;NORMAL;;Sem ação necessária.
UCI_Dataset;01/01/05 00:00;0;NORMAL;;Sem ação necessária.
UCI_Dataset;01/01/05 01:00;1;MODERADO;R02_NO2_MODERADO;Monitorizar evolucão. Sensiveis reduzam atividade ao ar livre.
UCI_Dataset;01/01/05 02:00;1;MODERADO;R02_NO2_MODERADO;Monitorizar evolucão. Sensiveis reduzam atividade ao ar livre.
UCI_Dataset;01/01/05 03:00;0;NORMAL;;Sem ação necessária.
UCI_Dataset;01/01/05 04:00;1;MODERADO;R02_NO2_MODERADO;Monitorizar evolucão. Sensiveis reduzam atividade ao ar livre.
UCI_Dataset;01/01/05 05:00;1;MODERADO;R02_NO2_MODERADO;Monitorizar evolucão. Sensiveis reduzam atividade ao ar livre.
UCI_Dataset;01/01/05 06:00;0;NORMAL;;Sem ação necessária.
UCI_Dataset;01/01/05 07:00;0;NORMAL;;Sem ação necessária.
UCI_Dataset;01/01/05 08:00;0;NORMAL;;Sem ação necessária.
UCI_Dataset;01/01/05 09:00;0;NORMAL;;Sem ação necessária.
UCI_Dataset;01/01/05 10:00;0;NORMAL;;Sem ação necessária.
UCI_Dataset;01/01/05 11:00;1;MODERADO;R02_NO2_MODERADO;Monitorizar evolucão. Sensiveis reduzam atividade ao ar livre.
UCI_Dataset;01/01/05 12:00;1;MODERADO;R02_NO2_MODERADO;Monitorizar evolucão. Sensiveis reduzam atividade ao ar livre.
UCI_Dataset;01/01/05 13:00;1;MODERADO;R02_NO2_MODERADO;Monitorizar evolucão. Sensiveis reduzam atividade ao ar livre.
UCI_Dataset;01/01/05 14:00;1;MODERADO;R02_NO2_MODERADO;Monitorizar evolucão. Sensiveis reduzam atividade ao ar livre.
UCI_Dataset;01/01/05 15:00;1;MODERADO;R02_NO2_MODERADO;Monitorizar evolucão. Sensiveis reduzam atividade ao ar livre.
UCI_Dataset;01/01/05 16:00;1;MODERADO;R02_NO2_MODERADO;Monitorizar evolucão. Sensiveis reduzam atividade ao ar livre.
UCI_Dataset;01/01/05 17:00;1;MODERADO;R02_NO2_MODERADO;Monitorizar evolucão. Sensiveis reduzam atividade ao ar livre.
UCI_Dataset;01/01/05 18:00;1;MODERADO;R02_NO2_MODERADO;Monitorizar evolucão. Sensiveis reduzam atividade ao ar livre.
UCI_Dataset;01/01/05 19:00;1;MODERADO;R02_NO2_MODERADO;Monitorizar evolucão. Sensiveis reduzam atividade ao ar livre.
UCI_Dataset;01/01/05 20:00;1;MODERADO;R02_NO2_MODERADO;Monitorizar evolucão. Sensiveis reduzam atividade ao ar livre.
UCI_Dataset;01/01/05 21:00;1;MODERADO;R02_NO2_MODERADO;Monitorizar evolucão. Sensiveis reduzam atividade ao ar livre.
UCI_Dataset;01/01/05 22:00;1;MODERADO;R02_NO2_MODERADO;Monitorizar evolucão. Sensiveis reduzam atividade ao ar livre.
UCI_Dataset;01/01/05 23:00;1;MODERADO;R02_NO2_MODERADO;Monitorizar evolucão. Sensiveis reduzam atividade ao ar livre.
UCI_Dataset;02/01/05 00:00;1;MODERADO;R02_NO2_MODERADO;Monitorizar evolucão. Sensiveis reduzam atividade ao ar livre.
UCI_Dataset;02/01/05 01:00;1;MODERADO;R02_NO2_MODERADO;Monitorizar evolucão. Sensiveis reduzam atividade ao ar livre.
UCI_Dataset;02/01/05 02:00;0;NORMAL;;Sem ação necessária.
UCI_Dataset;02/01/05 03:00;0;NORMAL;;Sem ação necessária.
UCI_Dataset;02/01/05 04:00;0;NORMAL;;Sem ação necessária.
UCI_Dataset;02/01/05 05:00;0;NORMAL;;Sem ação necessária.
UCI_Dataset;02/01/05 06:00;0;NORMAL;;Sem ação necessária.
UCI_Dataset;02/01/05 07:00;0;NORMAL;;Sem ação necessária.
UCI_Dataset;02/01/05 08:00;0;NORMAL;;Sem ação necessária.
UCI_Dataset;02/01/05 09:00;1;MODERADO;R02_NO2_MODERADO;Monitorizar evolucão. Sensiveis reduzam atividade ao ar livre.
UCI_Dataset;02/01/05 10:00;1;MODERADO;R02_NO2_MODERADO;Monitorizar evolucão. Sensiveis reduzam atividade ao ar livre.
UCI_Dataset;02/01/05 11:00;1;MODERADO;R02_NO2_MODERADO;Monitorizar evolucão. Sensiveis reduzam atividade ao ar livre.
UCI_Dataset;02/01/05 12:00;1;MODERADO;R02_NO2_MODERADO;Monitorizar evolucão. Sensiveis reduzam atividade ao ar livre.
UCI_Dataset;02/01/05 13:00;1;MODERADO;R02_NO2_MODERADO;Monitorizar evolucão. Sensiveis reduzam atividade ao ar livre.
UCI_Dataset;02/01/05 14:00;1;MODERADO;R02_NO2_MODERADO;Monitorizar evolucão. Sensiveis reduzam atividade ao ar livre.
UCI_Dataset;02/01/05 15:00;1;MODERADO;R02_NO2_MODERADO;Monitorizar evolucão. Sensiveis reduzam atividade ao ar livre.
UCI_Dataset;02/01/05 16:00;1;MODERADO;R02_NO2_MODERADO;Monitorizar evolucão. Sensiveis reduzam atividade ao ar livre.
UCI_Dataset;02/01/05 17:00;1;MODERADO;R02_NO2_MODERADO;Monitorizar evolucão. Sensiveis reduzam atividade ao ar livre.
UCI_Dataset;02/01/05 18:00;1;MODERADO;R02_NO2_MODERADO;Monitorizar evolucão. Sensiveis reduzam atividade ao ar livre.
UCI_Dataset;02/01/05 19:00;1;MODERADO;R02_NO2_MODERADO;Monitorizar evolucão. Sensiveis reduzam atividade ao ar livre.
UCI_Dataset;02/01/05 20:00;1;MODERADO;R02_NO2_MODERADO;Monitorizar evolucão. Sensiveis reduzam atividade ao ar livre.
UCI_Dataset;02/01/05 21:00;1;MODERADO;R02_NO2_MODERADO;Monitorizar evolucão. Sensiveis reduzam atividade ao ar livre.
UCI_Dataset;02/01/05 22:00;1;MODERADO;R02_NO2_MODERADO;Monitorizar evolucão. Sensiveis reduzam atividade ao ar livre.
UCI_Dataset;02/01/05 23:00;1;MODERADO;R02_NO2_MODERADO;Monitorizar evolucão. Sensiveis reduzam atividade ao ar livre.
UCI_Dataset;03/01/05 00:00;1;MODERADO;R02_NO2_MODERADO;Monitorizar evolucão. Sensiveis reduzam atividade ao ar livre.
UCI_Dataset;03/01/05 01:00;1;MODERADO;R02_NO2_MODERADO;Monitorizar evolucão. Sensiveis reduzam atividade ao ar livre.
UCI_Dataset;03/01/05 02:00;1;MODERADO;R02_NO2_MODERADO;Monitorizar evolucão. Sensiveis reduzam atividade ao ar livre.
UCI_Dataset;03/01/05 03:00;0;NORMAL;;Sem ação necessária.
UCI_Dataset;03/01/05 04:00;1;MODERADO;R02_NO2_MODERADO;Monitorizar evolucão. Sensiveis reduzam atividade ao ar livre.
UCI_Dataset;03/01/05 05:00;0;NORMAL;;Sem ação necessária.
UCI_Dataset;03/01/05 06:00;1;MODERADO;R02_NO2_MODERADO;Monitorizar evolucão. Sensiveis reduzam atividade ao ar livre.
UCI_Dataset;03/01/05 07:00;1;MODERADO;R02_NO2_MODERADO;Monitorizar evolucão. Sensiveis reduzam atividade ao ar livre.
UCI_Dataset;03/01/05 08:00;1;MODERADO;R02_NO2_MODERADO;Monitorizar evolucão. Sensiveis reduzam atividade ao ar livre.
UCI_Dataset;03/01/05 09:00;1;MODERADO;R02_NO2_MODERADO;Monitorizar evolucão. Sensiveis reduzam atividade ao ar livre.
UCI_Dataset;03/01/05 10:00;1;MODERADO;R02_NO2_MODERADO;Monitorizar evolucão. Sensiveis reduzam atividade ao ar livre.
UCI_Dataset;03/01/05 11:00;1;MODERADO;R02_NO2_MODERADO;Monitorizar evolucão. Sensiveis reduzam atividade ao ar livre.
UCI_Dataset;03/01/05 12:00;1;MODERADO;R02_NO2_MODERADO;Monitorizar evolucão. Sensiveis reduzam atividade ao ar livre.
UCI_Dataset;03/01/05 13:00;1;MODERADO;R02_NO2_MODERADO;Monitorizar evolucão. Sensiveis reduzam atividade ao ar livre.
UCI_Dataset;03/01/05 14:00;1;MODERADO;R02_NO2_MODERADO;Monitorizar evolucão. Sensiveis reduzam atividade ao ar livre.
UCI_Dataset;03/01/05 15:00;1;MODERADO;R02_NO2_MODERADO;Monitorizar evolucão. Sensiveis reduzam atividade ao ar livre.
UCI_Dataset;03/01/05 16:00;1;MODERADO;R02_NO2_MODERADO;Monitorizar evolucão. Sensiveis reduzam atividade ao ar livre.
UCI_Dataset;03/01/05 17:00;1;MODERADO;R02_NO2_MODERADO;Monitorizar evolucão. Sensiveis reduzam atividade ao ar livre.
UCI_Dataset;03/01/05 18:00;1;MODERADO;R02_NO2_MODERADO;Monitorizar evolucão. Sensiveis reduzam atividade ao ar livre.
UCI_Dataset;03/01/05 19:00;1;MODERADO;R02_NO2_MODERADO;Monitorizar evolucão. Sensiveis reduzam atividade ao ar livre.
UCI_Dataset;03/01/05 20:00;1;MODERADO;R02_NO2_MODERADO;Monitorizar evolucão. Sensiveis reduzam atividade ao ar livre.
UCI_Dataset;03/01/05 21:00;1;MODERADO;R02_NO2_MODERADO;Monitorizar evolucão. Sensiveis reduzam atividade ao ar livre.
UCI_Dataset;03/01/05 22:00;1;MODERADO;R02_NO2_MODERADO;Monitorizar evolucão. Sensiveis reduzam atividade ao ar livre.
UCI_Dataset;03/01/05 23:00;1;MODERADO;R02_NO2_MODERADO;Monitorizar evolucão. Sensiveis reduzam atividade ao ar livre.
UCI_Dataset;04/01/05 00:00;1;MODERADO;R02_NO2_MODERADO;Monitorizar evolucão. Sensiveis reduzam atividade ao ar livre.
UCI_Dataset;04/01/05 01:00;1;MODERADO;R02_NO2_MODERADO;Monitorizar evolucão. Sensiveis reduzam atividade ao ar livre.
UCI_Dataset;04/01/05 02:00;0;NORMAL;;Sem ação necessária.
UCI_Dataset;04/01/05 03:00;0;NORMAL;;Sem ação necessária.
UCI_Dataset;04/01/05 04:00;0;NORMAL;;Sem ação necessária.
UCI_Dataset;04/01/05 05:00;0;NORMAL;;Sem ação necessária.
UCI_Dataset;04/01/05 06:00;0;NORMAL;;Sem ação necessária.
UCI_Dataset;04/01/05 07:00;1;MODERADO;R02_NO2_MODERADO;Monitorizar evolucão. Sensiveis reduzam atividade ao ar livre.
UCI_Dataset;04/01/05 08:00;1;MODERADO;R02_NO2_MODERADO;Monitorizar evolucão. Sensiveis reduzam atividade ao ar livre.
UCI_Dataset;04/01/05 09:00;1;MODERADO;R02_NO2_MODERADO;Monitorizar evolucão. Sensiveis reduzam atividade ao ar livre.
UCI_Dataset;04/01/05 10:00;1;MODERADO;R02_NO2_MODERADO;Monitorizar evolucão. Sensiveis reduzam atividade ao ar livre.
UCI_Dataset;04/01/05 11:00;1;MODERADO;R02_NO2_MODERADO;Monitorizar evolucão. Sensiveis reduzam atividade ao ar livre.
UCI_Dataset;04/01/05 12:00;1;MODERADO;R02_NO2_MODERADO;Monitorizar evolucão. Sensiveis reduzam atividade ao ar livre.
UCI_Dataset;04/01/05 13:00;1;MODERADO;R02_NO2_MODERADO;Monitorizar evolucão. Sensiveis reduzam atividade ao ar livre.
UCI_Dataset;04/01/05 14:00;1;MODERADO;R02_NO2_MODERADO;Monitorizar evolucão. Sensiveis reduzam atividade ao ar livre.
UCI_Dataset;04/01/05 15:00;1;MODERADO;R02_NO2_MODERADO;Monitorizar evolucão. Sensiveis reduzam atividade ao ar livre.
UCI_Dataset;04/01/05 16:00;1;MODERADO;R02_NO2_MODERADO;Monitorizar evolucão. Sensiveis reduzam atividade ao ar livre.
UCI_Dataset;04/01/05 17:00;1;MODERADO;R02_NO2_MODERADO;Monitorizar evolucão. Sensiveis reduzam atividade ao ar livre.
UCI_Dataset;04/01/05 18:00;1;MODERADO;R02_NO2_MODERADO;Monitorizar evolucão. Sensiveis reduzam atividade ao ar livre.
UCI_Dataset;04/01/05 19:00;1;MODERADO;R02_NO2_MODERADO;Monitorizar evolucão. Sensiveis reduzam atividade ao ar livre.
UCI_Dataset;04/01/05 20:00;1;MODERADO;R02_NO2_MODERADO;Monitorizar evolucão. Sensiveis reduzam atividade ao ar livre.
UCI_Dataset;04/01/05 21:00;1;MODERADO;R02_NO2_MODERADO;Monitorizar evolucão. Sensiveis reduzam atividade ao ar livre.
UCI_Dataset;04/01/05 22:00;1;MODERADO;R02_NO2_MODERADO;Monitorizar evolucão. Sensiveis reduzam atividade ao ar livre.
UCI_Dataset;04/01/05 23:00;1;MODERADO;R02_NO2_MODERADO;Monitorizar evolucão. Sensiveis reduzam atividade ao ar livre.
UCI_Dataset;05/01/05 00:00;1;MODERADO;R02_NO2_MODERADO;Monitorizar evolucão. Sensiveis reduzam atividade ao ar livre.
UCI_Dataset;05/01/05 01:00;1;MODERADO;R02_NO2_MODERADO;Monitorizar evolucão. Sensiveis reduzam atividade ao ar livre.
UCI_Dataset;05/01/05 02:00;1;MODERADO;R02_NO2_MODERADO;Monitorizar evolucão. Sensiveis reduzam atividade ao ar livre.
UCI_Dataset;05/01/05 03:00;0;NORMAL;;Sem ação necessária.
UCI_Dataset;05/01/05 04:00;1;MODERADO;R02_NO2_MODERADO;Monitorizar evolucão. Sensiveis reduzam atividade ao ar livre.
UCI_Dataset;05/01/05 05:00;1;MODERADO;R02_NO2_MODERADO;Monitorizar evolucão. Sensiveis reduzam atividade ao ar livre.
UCI_Dataset;05/01/05 06:00;1;MODERADO;R02_NO2_MODERADO;Monitorizar evolucão. Sensiveis reduzam atividade ao ar livre.
UCI_Dataset;05/01/05 07:00;1;MODERADO;R02_NO2_MODERADO;Monitorizar evolucão. Sensiveis reduzam atividade ao ar livre.
UCI_Dataset;05/01/05 08:00;1;MODERADO;R02_NO2_MODERADO;Monitorizar evolucão. Sensiveis reduzam atividade ao ar livre.
UCI_Dataset;05/01/05 09:00;1;MODERADO;R02_NO2_MODERADO;Monitorizar evolucão. Sensiveis reduzam atividade ao ar livre.
UCI_Dataset;05/01/05 10:00;1;MODERADO;R02_NO2_MODERADO;Monitorizar evolucão. Sensiveis reduzam atividade ao ar livre.
UCI_Dataset;05/01/05 11:00;1;MODERADO;R02_NO2_MODERADO;Monitorizar evolucão. Sensiveis reduzam atividade ao ar livre.
UCI_Dataset;05/01/05 12:00;1;ALTO;R01_NO2_ALTO;Limitar trafego automovel. Grupos sensiveis evitem exposição prolongada.
UCI_Dataset;05/01/05 13:00;1;ALTO;R01_NO2_ALTO;Limitar trafego automovel. Grupos sensiveis evitem exposição prolongada.
UCI_Dataset;05/01/05 14:00;1;MODERADO;R02_NO2_MODERADO;Monitorizar evolucão. Sensiveis reduzam atividade ao ar livre.
UCI_Dataset;05/01/05 15:00;1;MODERADO;R02_NO2_MODERADO;Monitorizar evolucão. Sensiveis reduzam atividade ao ar livre.
UCI_Dataset;05/01/05 16:00;1;MODERADO;R02_NO2_MODERADO;Monitorizar evolucão. Sensiveis reduzam atividade ao ar livre.
UCI_Dataset;05/01/05 17:00;1;MODERADO;R02_NO2_MODERADO;Monitorizar evolucão. Sensiveis reduzam atividade ao ar livre.
UCI_Dataset;05/01/05 18:00;1;MODERADO;R02_NO2_MODERADO;Monitorizar evolucão. Sensiveis reduzam atividade ao ar livre.
UCI_Dataset;05/01/05 19:00;1;MODERADO;R02_NO2_MODERADO;Monitorizar evolucão. Sensiveis reduzam atividade ao ar livre.
UCI_Dataset;05/01/05 20:00;1;MODERADO;R02_NO2_MODERADO;Monitorizar evolucão. Sensiveis reduzam atividade ao ar livre.
UCI_Dataset;05/01/05 21:00;1;MODERADO;R02_NO2_MODERADO;Monitorizar evolucão. Sensiveis reduzam atividade ao ar livre.
UCI_Dataset;05/01/05 22:00;1;MODERADO;R02_NO2_MODERADO;Monitorizar evolucão. Sensiveis reduzam atividade ao ar livre.
UCI_Dataset;05/01/05 23:00;1;MODERADO;R02_NO2_MODERADO;Monitorizar evolucão. Sensiveis reduzam atividade ao ar livre.
UCI_Dataset;06/01/05 00:00;1;MODERADO;R02_NO2_MODERADO;Monitorizar evolucão. Sensiveis reduzam atividade ao ar livre.
UCI_Dataset;06/01/05 01:00;1;MODERADO;R02_NO2_MODERADO;Monitorizar evolucão. Sensiveis reduzam atividade ao ar livre.
UCI_Dataset;06/01/05 02:00;1;MODERADO;R02_NO2_MODERADO;Monitorizar evolucão. Sensiveis reduzam atividade ao ar livre.
UCI_Dataset;06/01/05 03:00;0;NORMAL;;Sem ação necessária.
UCI_Dataset;06/01/05 04:00;0;NORMAL;;Sem ação necessária.
UCI_Dataset;06/01/05 05:00;0;NORMAL;;Sem ação necessária.
UCI_Dataset;06/01/05 06:00;0;NORMAL;;Sem ação necessária.
UCI_Dataset;06/01/05 07:00;0;NORMAL;;Sem ação necessária.
UCI_Dataset;06/01/05 08:00;1;MODERADO;R02_NO2_MODERADO;Monitorizar evolucão. Sensiveis reduzam atividade ao ar livre.
UCI_Dataset;06/01/05 09:00;1;MODERADO;R02_NO2_MODERADO;Monitorizar evolucão. Sensiveis reduzam atividade ao ar livre.
UCI_Dataset;06/01/05 10:00;1;MODERADO;R02_NO2_MODERADO;Monitorizar evolucão. Sensiveis reduzam atividade ao ar livre.
UCI_Dataset;06/01/05 11:00;1;MODERADO;R02_NO2_MODERADO;Monitorizar evolucão. Sensiveis reduzam atividade ao ar livre.
UCI_Dataset;06/01/05 12:00;1;MODERADO;R02_NO2_MODERADO;Monitorizar evolucão. Sensiveis reduzam atividade ao ar livre.
UCI_Dataset;06/01/05 13:00;1;MODERADO;R02_NO2_MODERADO;Monitorizar evolucão. Sensiveis reduzam atividade ao ar livre.
UCI_Dataset;06/01/05 14:00;1;MODERADO;R02_NO2_MODERADO;Monitorizar evolucão. Sensiveis reduzam atividade ao ar livre.
UCI_Dataset;06/01/05 15:00;1;MODERADO;R02_NO2_MODERADO;Monitorizar evolucão. Sensiveis reduzam atividade ao ar livre.
UCI_Dataset;06/01/05 16:00;1;MODERADO;R02_NO2_MODERADO;Monitorizar evolucão. Sensiveis reduzam atividade ao ar livre.
UCI_Dataset;06/01/05 17:00;1;MODERADO;R02_NO2_MODERADO;Monitorizar evolucão. Sensiveis reduzam atividade ao ar livre.
UCI_Dataset;06/01/05 18:00;1;MODERADO;R02_NO2_MODERADO;Monitorizar evolucão. Sensiveis reduzam atividade ao ar livre.
UCI_Dataset;06/01/05 19:00;1;MODERADO;R02_NO2_MODERADO;Monitorizar evolucão. Sensiveis reduzam atividade ao ar livre.
UCI_Dataset;06/01/05 20:00;1;MODERADO;R02_NO2_MODERADO;Monitorizar evolucão. Sensiveis reduzam atividade ao ar livre.
UCI_Dataset;06/01/05 21:00;1;MODERADO;R02_NO2_MODERADO;Monitorizar evolucão. Sensiveis reduzam atividade ao ar livre.
UCI_Dataset;06/01/05 22:00;1;MODERADO;R02_NO2_MODERADO;Monitorizar evolucão. Sensiveis reduzam atividade ao ar livre.
UCI_Dataset;06/01/05 23:00;1;MODERADO;R02_NO2_MODERADO;Monitorizar evolucão. Sensiveis reduzam atividade ao ar livre.
UCI_Dataset;07/01/05 00:00;0;NORMAL;;Sem ação necessária.
UCI_Dataset;07/01/05 01:00;0;NORMAL;;Sem ação necessária.
UCI_Dataset;07/01/05 02:00;0;NORMAL;;Sem ação necessária.
UCI_Dataset;07/01/05 03:00;0;NORMAL;;Sem ação necessária.
UCI_Dataset;07/01/05 04:00;0;NORMAL;;Sem ação necessária.
UCI_Dataset;07/01/05 05:00;0;NORMAL;;Sem ação necessária.
UCI_Dataset;07/01/05 06:00;0;NORMAL;;Sem ação necessária.
UCI_Dataset;07/01/05 07:00;0;NORMAL;;Sem ação necessária.
UCI_Dataset;07/01/05 08:00;0;NORMAL;;Sem ação necessária.
UCI_Dataset;07/01/05 09:00;1;MODERADO;R02_NO2_MODERADO;Monitorizar evolucão. Sensiveis reduzam atividade ao ar livre.
UCI_Dataset;07/01/05 10:00;1;MODERADO;R02_NO2_MODERADO;Monitorizar evolucão. Sensiveis reduzam atividade ao ar livre.
UCI_Dataset;07/01/05 11:00;1;MODERADO;R02_NO2_MODERADO;Monitorizar evolucão. Sensiveis reduzam atividade ao ar livre.
UCI_Dataset;07/01/05 12:00;1;MODERADO;R02_NO2_MODERADO;Monitorizar evolucão. Sensiveis reduzam atividade ao ar livre.
UCI_Dataset;07/01/05 13:00;1;MODERADO;R02_NO2_MODERADO;Monitorizar evolucão. Sensiveis reduzam atividade ao ar livre.
UCI_Dataset;07/01/05 14:00;1;MODERADO;R02_NO2_MODERADO;Monitorizar evolucão. Sensiveis reduzam atividade ao ar livre.
UCI_Dataset;07/01/05 15:00;1;MODERADO;R02_NO2_MODERADO;Monitorizar evolucão. Sensiveis reduzam atividade ao ar livre.
UCI_Dataset;07/01/05 16:00;1;MODERADO;R02_NO2_MODERADO;Monitorizar evolucão. Sensiveis reduzam atividade ao ar livre.
UCI_Dataset;07/01/05 17:00;1;MODERADO;R02_NO2_MODERADO;Monitorizar evolucão. Sensiveis reduzam atividade ao ar livre.
UCI_Dataset;07/01/05 18:00;1;MODERADO;R02_NO2_MODERADO;Monitorizar evolucão. Sensiveis reduzam atividade ao ar livre.
UCI_Dataset;07/01/05 19:00;1;MODERADO;R02_NO2_MODERADO;Monitorizar evolucão. Sensiveis reduzam atividade ao ar livre.
UCI_Dataset;07/01/05 20:00;2;ALTO;R12_QUALIDADE_AR_PESSIMA, R02_NO2_MODERADO;Qualidade do ar muito degradada agravada por humidade alta. Grupos de risco evitem saídas.
UCI_Dataset;07/01/05 21:00;2;ALTO;R12_QUALIDADE_AR_PESSIMA, R02_NO2_MODERADO;Qualidade do ar muito degradada agravada por humidade alta. Grupos de risco evitem saídas.
UCI_Dataset;07/01/05 22:00;1;MODERADO;R02_NO2_MODERADO;Monitorizar evolucão. Sensiveis reduzam atividade ao ar livre.
UCI_Dataset;07/01/05 23:00;1;MODERADO;R02_NO2_MODERADO;Monitorizar evolucão. Sensiveis reduzam atividade ao ar livre.
UCI_Dataset;08/01/05 00:00;1;MODERADO;R02_NO2_MODERADO;Monitorizar evolucão. Sensiveis reduzam atividade ao ar livre.
UCI_Dataset;08/01/05 01:00;1;MODERADO;R02_NO2_MODERADO;Monitorizar evolucão. Sensiveis reduzam atividade ao ar livre.
UCI_Dataset;08/01/05 02:00;0;NORMAL;;Sem ação necessária.
UCI_Dataset;08/01/05 03:00;0;NORMAL;;Sem ação necessária.
UCI_Dataset;08/01/05 04:00;0;NORMAL;;Sem ação necessária.
UCI_Dataset;08/01/05 05:00;0;NORMAL;;Sem ação necessária.
UCI_Dataset;08/01/05 06:00;0;NORMAL;;Sem ação necessária.
UCI_Dataset;08/01/05 07:00;0;NORMAL;;Sem ação necessária.
UCI_Dataset;08/01/05 08:00;1;MODERADO;R02_NO2_MODERADO;Monitorizar evolucão. Sensiveis reduzam atividade ao ar livre.
UCI_Dataset;08/01/05 09:00;1;MODERADO;R02_NO2_MODERADO;Monitorizar evolucão. Sensiveis reduzam atividade ao ar livre.
UCI_Dataset;08/01/05 10:00;1;MODERADO;R02_NO2_MODERADO;Monitorizar evolucão. Sensiveis reduzam atividade ao ar livre.
UCI_Dataset;08/01/05 11:00;1;MODERADO;R02_NO2_MODERADO;Monitorizar evolucão. Sensiveis reduzam atividade ao ar livre.
UCI_Dataset;08/01/05 12:00;1;MODERADO;R02_NO2_MODERADO;Monitorizar evolucão. Sensiveis reduzam atividade ao ar livre.
UCI_Dataset;08/01/05 13:00;1;MODERADO;R02_NO2_MODERADO;Monitorizar evolucão. Sensiveis reduzam atividade ao ar livre.
UCI_Dataset;08/01/05 14:00;1;MODERADO;R02_NO2_MODERADO;Monitorizar evolucão. Sensiveis reduzam atividade ao ar livre.
UCI_Dataset;08/01/05 15:00;1;MODERADO;R02_NO2_MODERADO;Monitorizar evolucão. Sensiveis reduzam atividade ao ar livre.
UCI_Dataset;08/01/05 16:00;1;MODERADO;R02_NO2_MODERADO;Monitorizar evolucão. Sensiveis reduzam atividade ao ar livre.
UCI_Dataset;08/01/05 17:00;1;MODERADO;R02_NO2_MODERADO;Monitorizar evolucão. Sensiveis reduzam atividade ao ar livre.
UCI_Dataset;08/01/05 18:00;1;MODERADO;R02_NO2_MODERADO;Monitorizar evolucão. Sensiveis reduzam atividade ao ar livre.
UCI_Dataset;08/01/05 19:00;1;MODERADO;R02_NO2_MODERADO;Monitorizar evolucão. Sensiveis reduzam atividade ao ar livre.
UCI_Dataset;08/01/05 20:00;1;MODERADO;R02_NO2_MODERADO;Monitorizar evolucão. Sensiveis reduzam atividade ao ar livre.
UCI_Dataset;08/01/05 21:00;1;MODERADO;R02_NO2_MODERADO;Monitorizar evolucão. Sensiveis reduzam atividade ao ar livre.
UCI_Dataset;08/01/05 22:00;1;MODERADO;R02_NO2_MODERADO;Monitorizar evolucão. Sensiveis reduzam atividade ao ar livre.
UCI_Dataset;08/01/05 23:00;1;MODERADO;R02_NO2_MODERADO;Monitorizar evolucão. Sensiveis reduzam atividade ao ar livre.
UCI_Dataset;09/01/05 00:00;1;MODERADO;R02_NO2_MODERADO;Monitorizar evolucão. Sensiveis reduzam atividade ao ar livre.
UCI_Dataset;09/01/05 01:00;1;MODERADO;R02_NO2_MODERADO;Monitorizar evolucão. Sensiveis reduzam atividade ao ar livre.
UCI_Dataset;09/01/05 02:00;1;MODERADO;R02_NO2_MODERADO;Monitorizar evolucão. Sensiveis reduzam atividade ao ar livre.
UCI_Dataset;09/01/05 03:00;0;NORMAL;;Sem ação necessária.
UCI_Dataset;09/01/05 04:00;0;NORMAL;;Sem ação necessária.
UCI_Dataset;09/01/05 05:00;0;NORMAL;;Sem ação necessária.
UCI_Dataset;09/01/05 06:00;0;NORMAL;;Sem ação necessária.
UCI_Dataset;09/01/05 07:00;0;NORMAL;;Sem ação necessária.
UCI_Dataset;09/01/05 08:00;0;NORMAL;;Sem ação necessária.
UCI_Dataset;09/01/05 09:00;0;NORMAL;;Sem ação necessária.
UCI_Dataset;09/01/05 10:00;0;NORMAL;;Sem ação necessária.
UCI_Dataset;09/01/05 11:00;1;MODERADO;R02_NO2_MODERADO;Monitorizar evolucão. Sensiveis reduzam atividade ao ar livre.
UCI_Dataset;09/01/05 12:00;1;MODERADO;R02_NO2_MODERADO;Monitorizar evolucão. Sensiveis reduzam atividade ao ar livre.
UCI_Dataset;09/01/05 13:00;1;MODERADO;R02_NO2_MODERADO;Monitorizar evolucão. Sensiveis reduzam atividade ao ar livre.
UCI_Dataset;09/01/05 14:00;1;MODERADO;R02_NO2_MODERADO;Monitorizar evolucão. Sensiveis reduzam atividade ao ar livre.
UCI_Dataset;09/01/05 15:00;1;MODERADO;R02_NO2_MODERADO;Monitorizar evolucão. Sensiveis reduzam atividade ao ar livre.
UCI_Dataset;09/01/05 16:00;1;MODERADO;R02_NO2_MODERADO;Monitorizar evolucão. Sensiveis reduzam atividade ao ar livre.
UCI_Dataset;09/01/05 17:00;1;MODERADO;R02_NO2_MODERADO;Monitorizar evolucão. Sensiveis reduzam atividade ao ar livre.
UCI_Dataset;09/01/05 18:00;1;MODERADO;R02_NO2_MODERADO;Monitorizar evolucão. Sensiveis reduzam atividade ao ar livre.
UCI_Dataset;09/01/05 19:00;1;MODERADO;R02_NO2_MODERADO;Monitorizar evolucão. Sensiveis reduzam atividade ao ar livre.
UCI_Dataset;09/01/05 20:00;1;MODERADO;R02_NO2_MODERADO;Monitorizar evolucão. Sensiveis reduzam atividade ao ar livre.
UCI_Dataset;09/01/05 21:00;1;MODERADO;R02_NO2_MODERADO;Monitorizar evolucão. Sensiveis reduzam atividade ao ar livre.
UCI_Dataset;09/01/05 22:00;1;MODERADO;R02_NO2_MODERADO;Monitorizar evolucão. Sensiveis reduzam atividade ao ar livre.
UCI_Dataset;09/01/05 23:00;1;MODERADO;R02_NO2_MODERADO;Monitorizar evolucão. Sensiveis reduzam atividade ao ar livre.
UCI_Dataset;10/01/05 00:00;1;MODERADO;R02_NO2_MODERADO;Monitorizar evolucão. Sensiveis reduzam atividade ao ar livre.
UCI_Dataset;10/01/05 01:00;1;MODERADO;R02_NO2_MODERADO;Monitorizar evolucão. Sensiveis reduzam atividade ao ar livre.
UCI_Dataset;10/01/05 02:00;0;NORMAL;;Sem ação necessária.
UCI_Dataset;10/01/05 03:00;0;NORMAL;;Sem ação necessária.
UCI_Dataset;10/01/05 04:00;0;NORMAL;;Sem ação necessária.
UCI_Dataset;10/01/05 05:00;0;NORMAL;;Sem ação necessária.
UCI_Dataset;10/01/05 06:00;0;NORMAL;;Sem ação necessária.
UCI_Dataset;10/01/05 07:00;1;MODERADO;R02_NO2_MODERADO;Monitorizar evolucão. Sensiveis reduzam atividade ao ar livre.
UCI_Dataset;10/01/05 08:00;1;MODERADO;R02_NO2_MODERADO;Monitorizar evolucão. Sensiveis reduzam atividade ao ar livre.
UCI_Dataset;10/01/05 09:00;1;MODERADO;R02_NO2_MODERADO;Monitorizar evolucão. Sensiveis reduzam atividade ao ar livre.
UCI_Dataset;10/01/05 10:00;1;MODERADO;R02_NO2_MODERADO;Monitorizar evolucão. Sensiveis reduzam atividade ao ar livre.
UCI_Dataset;10/01/05 11:00;1;MODERADO;R02_NO2_MODERADO;Monitorizar evolucão. Sensiveis reduzam atividade ao ar livre.
UCI_Dataset;10/01/05 12:00;1;MODERADO;R02_NO2_MODERADO;Monitorizar evolucão. Sensiveis reduzam atividade ao ar livre.
UCI_Dataset;10/01/05 13:00;1;MODERADO;R02_NO2_MODERADO;Monitorizar evolucão. Sensiveis reduzam atividade ao ar livre.
UCI_Dataset;10/01/05 14:00;1;MODERADO;R02_NO2_MODERADO;Monitorizar evolucão. Sensiveis reduzam atividade ao ar livre.
UCI_Dataset;10/01/05 15:00;1;MODERADO;R02_NO2_MODERADO;Monitorizar evolucão. Sensiveis reduzam atividade ao ar livre.
UCI_Dataset;10/01/05 16:00;1;MODERADO;R02_NO2_MODERADO;Monitorizar evolucão. Sensiveis reduzam atividade ao ar livre.
UCI_Dataset;10/01/05 17:00;1;MODERADO;R02_NO2_MODERADO;Monitorizar evolucão. Sensiveis reduzam atividade ao ar livre.
UCI_Dataset;10/01/05 18:00;1;MODERADO;R02_NO2_MODERADO;Monitorizar evolucão. Sensiveis reduzam atividade ao ar livre.
UCI_Dataset;10/01/05 19:00;1;MODERADO;R02_NO2_MODERADO;Monitorizar evolucão. Sensiveis reduzam atividade ao ar livre.
UCI_Dataset;10/01/05 20:00;1;MODERADO;R02_NO2_MODERADO;Monitorizar evolucão. Sensiveis reduzam atividade ao ar livre.
UCI_Dataset;10/01/05 21:00;1;MODERADO;R02_NO2_MODERADO;Monitorizar evolucão. Sensiveis reduzam atividade ao ar livre.
UCI_Dataset;10/01/05 22:00;1;MODERADO;R02_NO2_MODERADO;Monitorizar evolucão. Sensiveis reduzam atividade ao ar livre.
UCI_Dataset;10/01/05 23:00;1;MODERADO;R02_NO2_MODERADO;Monitorizar evolucão. Sensiveis reduzam atividade ao ar livre.
UCI_Dataset;11/01/05 00:00;1;MODERADO;R02_NO2_MODERADO;Monitorizar evolucão. Sensiveis reduzam atividade ao ar livre.
UCI_Dataset;11/01/05 01:00;1;MODERADO;R02_NO2_MODERADO;Monitorizar evolucão. Sensiveis reduzam atividade ao ar livre.
UCI_Dataset;11/01/05 02:00;0;NORMAL;;Sem ação necessária.
UCI_Dataset;11/01/05 03:00;0;NORMAL;;Sem ação necessária.
UCI_Dataset;11/01/05 04:00;0;NORMAL;;Sem ação necessária.
UCI_Dataset;11/01/05 05:00;0;NORMAL;;Sem ação necessária.
UCI_Dataset;11/01/05 06:00;0;NORMAL;;Sem ação necessária.
UCI_Dataset;11/01/05 07:00;1;MODERADO;R02_NO2_MODERADO;Monitorizar evolucão. Sensiveis reduzam atividade ao ar livre.
UCI_Dataset;11/01/05 08:00;1;MODERADO;R02_NO2_MODERADO;Monitorizar evolucão. Sensiveis reduzam atividade ao ar livre.
UCI_Dataset;11/01/05 09:00;1;MODERADO;R02_NO2_MODERADO;Monitorizar evolucão. Sensiveis reduzam atividade ao ar livre.
UCI_Dataset;11/01/05 10:00;1;MODERADO;R02_NO2_MODERADO;Monitorizar evolucão. Sensiveis reduzam atividade ao ar livre.
UCI_Dataset;11/01/05 11:00;1;MODERADO;R02_NO2_MODERADO;Monitorizar evolucão. Sensiveis reduzam atividade ao ar livre.
UCI_Dataset;11/01/05 12:00;1;MODERADO;R02_NO2_MODERADO;Monitorizar evolucão. Sensiveis reduzam atividade ao ar livre.
UCI_Dataset;11/01/05 13:00;1;MODERADO;R02_NO2_MODERADO;Monitorizar evolucão. Sensiveis reduzam atividade ao ar livre.
UCI_Dataset;11/01/05 14:00;1;MODERADO;R02_NO2_MODERADO;Monitorizar evolucão. Sensiveis reduzam atividade ao ar livre.
UCI_Dataset;11/01/05 15:00;1;MODERADO;R02_NO2_MODERADO;Monitorizar evolucão. Sensiveis reduzam atividade ao ar livre.
UCI_Dataset;11/01/05 16:00;1;MODERADO;R02_NO2_MODERADO;Monitorizar evolucão. Sensiveis reduzam atividade ao ar livre.
UCI_Dataset;11/01/05 17:00;1;MODERADO;R02_NO2_MODERADO;Monitorizar evolucão. Sensiveis reduzam atividade ao ar livre.
UCI_Dataset;11/01/05 18:00;1;MODERADO;R02_NO2_MODERADO;Monitorizar evolucão. Sensiveis reduzam atividade ao ar livre.
UCI_Dataset;11/01/05 19:00;1;MODERADO;R02_NO2_MODERADO;Monitorizar evolucão. Sensiveis reduzam atividade ao ar livre.
UCI_Dataset;11/01/05 20:00;1;MODERADO;R02_NO2_MODERADO;Monitorizar evolucão. Sensiveis reduzam atividade ao ar livre.
UCI_Dataset;11/01/05 21:00;1;MODERADO;R02_NO2_MODERADO;Monitorizar evolucão. Sensiveis reduzam atividade ao ar livre.
UCI_Dataset;11/01/05 22:00;1;MODERADO;R02_NO2_MODERADO;Monitorizar evolucão. Sensiveis reduzam atividade ao ar livre.
UCI_Dataset;11/01/05 23:00;1;MODERADO;R02_NO2_MODERADO;Monitorizar evolucão. Sensiveis reduzam atividade ao ar livre.
UCI_Dataset;12/01/05 00:00;1;MODERADO;R02_NO2_MODERADO;Monitorizar evolucão. Sensiveis reduzam atividade ao ar livre.
UCI_Dataset;12/01/05 01:00;1;MODERADO;R02_NO2_MODERADO;Monitorizar evolucão. Sensiveis reduzam atividade ao ar livre.
UCI_Dataset;12/01/05 02:00;1;MODERADO;R02_NO2_MODERADO;Monitorizar evolucão. Sensiveis reduzam atividade ao ar livre.
UCI_Dataset;12/01/05 03:00;0;NORMAL;;Sem ação necessária.
UCI_Dataset;12/01/05 04:00;0;NORMAL;;Sem ação necessária.
UCI_Dataset;12/01/05 05:00;0;NORMAL;;Sem ação necessária.
UCI_Dataset;12/01/05 06:00;0;NORMAL;;Sem ação necessária.
UCI_Dataset;12/01/05 07:00;1;MODERADO;R02_NO2_MODERADO;Monitorizar evolucão. Sensiveis reduzam atividade ao ar livre.
UCI_Dataset;12/01/05 08:00;1;MODERADO;R02_NO2_MODERADO;Monitorizar evolucão. Sensiveis reduzam atividade ao ar livre.
UCI_Dataset;12/01/05 09:00;1;MODERADO;R02_NO2_MODERADO;Monitorizar evolucão. Sensiveis reduzam atividade ao ar livre.
UCI_Dataset;12/01/05 10:00;1;MODERADO;R02_NO2_MODERADO;Monitorizar evolucão. Sensiveis reduzam atividade ao ar livre.
UCI_Dataset;12/01/05 11:00;1;MODERADO;R02_NO2_MODERADO;Monitorizar evolucão. Sensiveis reduzam atividade ao ar livre.
UCI_Dataset;12/01/05 12:00;1;MODERADO;R02_NO2_MODERADO;Monitorizar evolucão. Sensiveis reduzam atividade ao ar livre.
UCI_Dataset;12/01/05 13:00;1;MODERADO;R02_NO2_MODERADO;Monitorizar evolucão. Sensiveis reduzam atividade ao ar livre.
UCI_Dataset;12/01/05 14:00;1;MODERADO;R02_NO2_MODERADO;Monitorizar evolucão. Sensiveis reduzam atividade ao ar livre.
UCI_Dataset;12/01/05 15:00;1;MODERADO;R02_NO2_MODERADO;Monitorizar evolucão. Sensiveis reduzam atividade ao ar livre.
UCI_Dataset;12/01/05 16:00;1;MODERADO;R02_NO2_MODERADO;Monitorizar evolucão. Sensiveis reduzam atividade ao ar livre.
UCI_Dataset;12/01/05 17:00;1;MODERADO;R02_NO2_MODERADO;Monitorizar evolucão. Sensiveis reduzam atividade ao ar livre.
UCI_Dataset;12/01/05 18:00;1;MODERADO;R02_NO2_MODERADO;Monitorizar evolucão. Sensiveis reduzam atividade ao ar livre.
UCI_Dataset;12/01/05 19:00;1;MODERADO;R02_NO2_MODERADO;Monitorizar evolucão. Sensiveis reduzam atividade ao ar livre.
UCI_Dataset;12/01/05 20:00;1;MODERADO;R02_NO2_MODERADO;Monitorizar evolucão. Sensiveis reduzam atividade ao ar livre.
UCI_Dataset;12/01/05 21:00;1;MODERADO;R02_NO2_MODERADO;Monitorizar evolucão. Sensiveis reduzam atividade ao ar livre.
UCI_Dataset;12/01/05 22:00;1;MODERADO;R02_NO2_MODERADO;Monitorizar evolucão. Sensiveis reduzam atividade ao ar livre.
UCI_Dataset;12/01/05 23:00;1;MODERADO;R02_NO2_MODERADO;Monitorizar evolucão. Sensiveis reduzam atividade ao ar livre.
UCI_Dataset;13/01/05 00:00;1;MODERADO;R02_NO2_MODERADO;Monitorizar evolucão. Sensiveis reduzam atividade ao ar livre.
UCI_Dataset;13/01/05 01:00;1;MODERADO;R02_NO2_MODERADO;Monitorizar evolucão. Sensiveis reduzam atividade ao ar livre.
UCI_Dataset;13/01/05 02:00;1;MODERADO;R02_NO2_MODERADO;Monitorizar evolucão. Sensiveis reduzam atividade ao ar livre.
UCI_Dataset;13/01/05 03:00;0;NORMAL;;Sem ação necessária.
UCI_Dataset;13/01/05 04:00;0;NORMAL;;Sem ação necessária.
UCI_Dataset;13/01/05 05:00;0;NORMAL;;Sem ação necessária.
UCI_Dataset;13/01/05 06:00;0;NORMAL;;Sem ação necessária.
UCI_Dataset;13/01/05 07:00;1;MODERADO;R02_NO2_MODERADO;Monitorizar evolucão. Sensiveis reduzam atividade ao ar livre.
UCI_Dataset;13/01/05 08:00;1;MODERADO;R02_NO2_MODERADO;Monitorizar evolucão. Sensiveis reduzam atividade ao ar livre.
UCI_Dataset;13/01/05 09:00;1;MODERADO;R02_NO2_MODERADO;Monitorizar evolucão. Sensiveis reduzam atividade ao ar livre.
UCI_Dataset;13/01/05 10:00;1;MODERADO;R02_NO2_MODERADO;Monitorizar evolucão. Sensiveis reduzam atividade ao ar livre.
UCI_Dataset;13/01/05 11:00;1;MODERADO;R02_NO2_MODERADO;Monitorizar evolucão. Sensiveis reduzam atividade ao ar livre.
UCI_Dataset;13/01/05 12:00;1;MODERADO;R02_NO2_MODERADO;Monitorizar evolucão. Sensiveis reduzam atividade ao ar livre.
UCI_Dataset;13/01/05 13:00;1;MODERADO;R02_NO2_MODERADO;Monitorizar evolucão. Sensiveis reduzam atividade ao ar livre.
UCI_Dataset;13/01/05 14:00;1;MODERADO;R02_NO2_MODERADO;Monitorizar evolucão. Sensiveis reduzam atividade ao ar livre.
UCI_Dataset;13/01/05 15:00;1;MODERADO;R02_NO2_MODERADO;Monitorizar evolucão. Sensiveis reduzam atividade ao ar livre.
UCI_Dataset;13/01/05 16:00;1;MODERADO;R02_NO2_MODERADO;Monitorizar evolucão. Sensiveis reduzam atividade ao ar livre.
UCI_Dataset;13/01/05 17:00;1;MODERADO;R02_NO2_MODERADO;Monitorizar evolucão. Sensiveis reduzam atividade ao ar livre.
UCI_Dataset;13/01/05 18:00;1;MODERADO;R02_NO2_MODERADO;Monitorizar evolucão. Sensiveis reduzam atividade ao ar livre.
UCI_Dataset;13/01/05 19:00;1;MODERADO;R02_NO2_MODERADO;Monitorizar evolucão. Sensiveis reduzam atividade ao ar livre.
UCI_Dataset;13/01/05 20:00;1;MODERADO;R02_NO2_MODERADO;Monitorizar evolucão. Sensiveis reduzam atividade ao ar livre.
UCI_Dataset;13/01/05 21:00;1;MODERADO;R02_NO2_MODERADO;Monitorizar evolucão. Sensiveis reduzam atividade ao ar livre.
UCI_Dataset;13/01/05 22:00;1;MODERADO;R02_NO2_MODERADO;Monitorizar evolucão. Sensiveis reduzam atividade ao ar livre.
UCI_Dataset;13/01/05 23:00;1;MODERADO;R02_NO2_MODERADO;Monitorizar evolucão. Sensiveis reduzam atividade ao ar livre.
UCI_Dataset;14/01/05 00:00;1;MODERADO;R02_NO2_MODERADO;Monitorizar evolucão. Sensiveis reduzam atividade ao ar livre.
UCI_Dataset;14/01/05 01:00;0;NORMAL;;Sem ação necessária.
UCI_Dataset;14/01/05 02:00;0;NORMAL;;Sem ação necessária.
UCI_Dataset;14/01/05 03:00;0;NORMAL;;Sem ação necessária.
UCI_Dataset;14/01/05 04:00;0;NORMAL;;Sem ação necessária.
UCI_Dataset;14/01/05 05:00;0;NORMAL;;Sem ação necessária.
UCI_Dataset;14/01/05 06:00;1;MODERADO;R02_NO2_MODERADO;Monitorizar evolucão. Sensiveis reduzam atividade ao ar livre.
UCI_Dataset;14/01/05 07:00;1;MODERADO;R02_NO2_MODERADO;Monitorizar evolucão. Sensiveis reduzam atividade ao ar livre.
UCI_Dataset;14/01/05 08:00;1;MODERADO;R02_NO2_MODERADO;Monitorizar evolucão. Sensiveis reduzam atividade ao ar livre.
UCI_Dataset;14/01/05 09:00;1;MODERADO;R02_NO2_MODERADO;Monitorizar evolucão. Sensiveis reduzam atividade ao ar livre.
UCI_Dataset;14/01/05 10:00;1;MODERADO;R02_NO2_MODERADO;Monitorizar evolucão. Sensiveis reduzam atividade ao ar livre.
UCI_Dataset;14/01/05 11:00;1;MODERADO;R02_NO2_MODERADO;Monitorizar evolucão. Sensiveis reduzam atividade ao ar livre.
UCI_Dataset;14/01/05 12:00;1;MODERADO;R02_NO2_MODERADO;Monitorizar evolucão. Sensiveis reduzam atividade ao ar livre.
UCI_Dataset;14/01/05 13:00;1;MODERADO;R02_NO2_MODERADO;Monitorizar evolucão. Sensiveis reduzam atividade ao ar livre.
UCI_Dataset;14/01/05 14:00;1;MODERADO;R02_NO2_MODERADO;Monitorizar evolucão. Sensiveis reduzam atividade ao ar livre.
UCI_Dataset;14/01/05 15:00;1;MODERADO;R02_NO2_MODERADO;Monitorizar evolucão. Sensiveis reduzam atividade ao ar livre.
UCI_Dataset;14/01/05 16:00;1;MODERADO;R02_NO2_MODERADO;Monitorizar evolucão. Sensiveis reduzam atividade ao ar livre.
UCI_Dataset;14/01/05 17:00;1;MODERADO;R02_NO2_MODERADO;Monitorizar evolucão. Sensiveis reduzam atividade ao ar livre.
UCI_Dataset;14/01/05 18:00;1;MODERADO;R02_NO2_MODERADO;Monitorizar evolucão. Sensiveis reduzam atividade ao ar livre.
UCI_Dataset;14/01/05 19:00;1;MODERADO;R02_NO2_MODERADO;Monitorizar evolucão. Sensiveis reduzam atividade ao ar livre.
UCI_Dataset;14/01/05 20:00;1;MODERADO;R02_NO2_MODERADO;Monitorizar evolucão. Sensiveis reduzam atividade ao ar livre.
UCI_Dataset;14/01/05 21:00;1;MODERADO;R02_NO2_MODERADO;Monitorizar evolucão. Sensiveis reduzam atividade ao ar livre.
UCI_Dataset;14/01/05 22:00;1;MODERADO;R02_NO2_MODERADO;Monitorizar evolucão. Sensiveis reduzam atividade ao ar livre.
UCI_Dataset;14/01/05 23:00;1;MODERADO;R02_NO2_MODERADO;Monitorizar evolucão. Sensiveis reduzam atividade ao ar livre.
UCI_Dataset;15/01/05 00:00;1;MODERADO;R02_NO2_MODERADO;Monitorizar evolucão. Sensiveis reduzam atividade ao ar livre.
UCI_Dataset;15/01/05 01:00;1;MODERADO;R02_NO2_MODERADO;Monitorizar evolucão. Sensiveis reduzam atividade ao ar livre.
UCI_Dataset;15/01/05 02:00;1;MODERADO;R02_NO2_MODERADO;Monitorizar evolucão. Sensiveis reduzam atividade ao ar livre.
UCI_Dataset;15/01/05 03:00;0;NORMAL;;Sem ação necessária.
UCI_Dataset;15/01/05 04:00;1;MODERADO;R02_NO2_MODERADO;Monitorizar evolucão. Sensiveis reduzam atividade ao ar livre.
UCI_Dataset;15/01/05 05:00;0;NORMAL;;Sem ação necessária.
UCI_Dataset;15/01/05 06:00;0;NORMAL;;Sem ação necessária.
UCI_Dataset;15/01/05 07:00;0;NORMAL;;Sem ação necessária.
UCI_Dataset;15/01/05 08:00;1;MODERADO;R02_NO2_MODERADO;Monitorizar evolucão. Sensiveis reduzam atividade ao ar livre.
UCI_Dataset;15/01/05 09:00;1;MODERADO;R02_NO2_MODERADO;Monitorizar evolucão. Sensiveis reduzam atividade ao ar livre.
UCI_Dataset;15/01/05 10:00;1;MODERADO;R02_NO2_MODERADO;Monitorizar evolucão. Sensiveis reduzam atividade ao ar livre.
UCI_Dataset;15/01/05 11:00;1;MODERADO;R02_NO2_MODERADO;Monitorizar evolucão. Sensiveis reduzam atividade ao ar livre.
UCI_Dataset;15/01/05 12:00;1;MODERADO;R02_NO2_MODERADO;Monitorizar evolucão. Sensiveis reduzam atividade ao ar livre.
UCI_Dataset;15/01/05 13:00;1;MODERADO;R02_NO2_MODERADO;Monitorizar evolucão. Sensiveis reduzam atividade ao ar livre.
UCI_Dataset;15/01/05 14:00;1;ALTO;R01_NO2_ALTO;Limitar trafego automovel. Grupos sensiveis evitem exposição prolongada.
UCI_Dataset;15/01/05 15:00;1;MODERADO;R02_NO2_MODERADO;Monitorizar evolucão. Sensiveis reduzam atividade ao ar livre.
UCI_Dataset;15/01/05 16:00;1;MODERADO;R02_NO2_MODERADO;Monitorizar evolucão. Sensiveis reduzam atividade ao ar livre.
UCI_Dataset;15/01/05 17:00;1;MODERADO;R02_NO2_MODERADO;Monitorizar evolucão. Sensiveis reduzam atividade ao ar livre.
UCI_Dataset;15/01/05 18:00;1;MODERADO;R02_NO2_MODERADO;Monitorizar evolucão. Sensiveis reduzam atividade ao ar livre.
UCI_Dataset;15/01/05 19:00;1;MODERADO;R02_NO2_MODERADO;Monitorizar evolucão. Sensiveis reduzam atividade ao ar livre.
UCI_Dataset;15/01/05 20:00;1;MODERADO;R02_NO2_MODERADO;Monitorizar evolucão. Sensiveis reduzam atividade ao ar livre.
UCI_Dataset;15/01/05 21:00;1;MODERADO;R02_NO2_MODERADO;Monitorizar evolucão. Sensiveis reduzam atividade ao ar livre.
UCI_Dataset;15/01/05 22:00;1;MODERADO;R02_NO2_MODERADO;Monitorizar evolucão. Sensiveis reduzam atividade ao ar livre.
UCI_Dataset;15/01/05 23:00;1;MODERADO;R02_NO2_MODERADO;Monitorizar evolucão. Sensiveis reduzam atividade ao ar livre.
UCI_Dataset;16/01/05 00:00;1;MODERADO;R02_NO2_MODERADO;Monitorizar evolucão. Sensiveis reduzam atividade ao ar livre.
UCI_Dataset;16/01/05 01:00;1;MODERADO;R02_NO2_MODERADO;Monitorizar evolucão. Sensiveis reduzam atividade ao ar livre.
UCI_Dataset;16/01/05 02:00;1;MODERADO;R02_NO2_MODERADO;Monitorizar evolucão. Sensiveis reduzam atividade ao ar livre.
UCI_Dataset;16/01/05 03:00;0;NORMAL;;Sem ação necessária.
UCI_Dataset;16/01/05 04:00;1;MODERADO;R02_NO2_MODERADO;Monitorizar evolucão. Sensiveis reduzam atividade ao ar livre.
UCI_Dataset;16/01/05 05:00;1;MODERADO;R02_NO2_MODERADO;Monitorizar evolucão. Sensiveis reduzam atividade ao ar livre.
UCI_Dataset;16/01/05 06:00;1;MODERADO;R02_NO2_MODERADO;Monitorizar evolucão. Sensiveis reduzam atividade ao ar livre.
UCI_Dataset;16/01/05 07:00;1;MODERADO;R02_NO2_MODERADO;Monitorizar evolucão. Sensiveis reduzam atividade ao ar livre.
UCI_Dataset;16/01/05 08:00;1;MODERADO;R02_NO2_MODERADO;Monitorizar evolucão. Sensiveis reduzam atividade ao ar livre.
UCI_Dataset;16/01/05 09:00;1;MODERADO;R02_NO2_MODERADO;Monitorizar evolucão. Sensiveis reduzam atividade ao ar livre.
UCI_Dataset;16/01/05 10:00;1;MODERADO;R02_NO2_MODERADO;Monitorizar evolucão. Sensiveis reduzam atividade ao ar livre.
UCI_Dataset;16/01/05 11:00;0;NORMAL;;Sem ação necessária.
UCI_Dataset;16/01/05 12:00;0;NORMAL;;Sem ação necessária.
UCI_Dataset;16/01/05 13:00;0;NORMAL;;Sem ação necessária.
UCI_Dataset;16/01/05 14:00;0;NORMAL;;Sem ação necessária.
UCI_Dataset;16/01/05 15:00;0;NORMAL;;Sem ação necessária.
UCI_Dataset;16/01/05 16:00;1;MODERADO;R02_NO2_MODERADO;Monitorizar evolucão. Sensiveis reduzam atividade ao ar livre.
UCI_Dataset;16/01/05 17:00;1;MODERADO;R02_NO2_MODERADO;Monitorizar evolucão. Sensiveis reduzam atividade ao ar livre.
UCI_Dataset;16/01/05 18:00;1;MODERADO;R02_NO2_MODERADO;Monitorizar evolucão. Sensiveis reduzam atividade ao ar livre.
UCI_Dataset;16/01/05 19:00;1;MODERADO;R02_NO2_MODERADO;Monitorizar evolucão. Sensiveis reduzam atividade ao ar livre.
UCI_Dataset;16/01/05 20:00;1;MODERADO;R02_NO2_MODERADO;Monitorizar evolucão. Sensiveis reduzam atividade ao ar livre.
UCI_Dataset;16/01/05 21:00;1;MODERADO;R02_NO2_MODERADO;Monitorizar evolucão. Sensiveis reduzam atividade ao ar livre.
UCI_Dataset;16/01/05 22:00;1;MODERADO;R02_NO2_MODERADO;Monitorizar evolucão. Sensiveis reduzam atividade ao ar livre.
UCI_Dataset;16/01/05 23:00;1;MODERADO;R02_NO2_MODERADO;Monitorizar evolucão. Sensiveis reduzam atividade ao ar livre.
UCI_Dataset;17/01/05 00:00;1;MODERADO;R02_NO2_MODERADO;Monitorizar evolucão. Sensiveis reduzam atividade ao ar livre.
UCI_Dataset;17/01/05 01:00;1;MODERADO;R02_NO2_MODERADO;Monitorizar evolucão. Sensiveis reduzam atividade ao ar livre.
UCI_Dataset;17/01/05 02:00;1;MODERADO;R02_NO2_MODERADO;Monitorizar evolucão. Sensiveis reduzam atividade ao ar livre.
UCI_Dataset;17/01/05 03:00;0;NORMAL;;Sem ação necessária.
UCI_Dataset;17/01/05 04:00;0;NORMAL;;Sem ação necessária.
UCI_Dataset;17/01/05 05:00;0;NORMAL;;Sem ação necessária.
UCI_Dataset;17/01/05 06:00;0;NORMAL;;Sem ação necessária.
UCI_Dataset;17/01/05 07:00;0;NORMAL;;Sem ação necessária.
UCI_Dataset;17/01/05 08:00;1;MODERADO;R02_NO2_MODERADO;Monitorizar evolucão. Sensiveis reduzam atividade ao ar livre.
UCI_Dataset;17/01/05 09:00;1;MODERADO;R02_NO2_MODERADO;Monitorizar evolucão. Sensiveis reduzam atividade ao ar livre.
UCI_Dataset;17/01/05 10:00;1;MODERADO;R02_NO2_MODERADO;Monitorizar evolucão. Sensiveis reduzam atividade ao ar livre.
UCI_Dataset;17/01/05 11:00;1;ALTO;R01_NO2_ALTO;Limitar trafego automovel. Grupos sensiveis evitem exposição prolongada.
UCI_Dataset;17/01/05 12:00;1;MODERADO;R02_NO2_MODERADO;Monitorizar evolucão. Sensiveis reduzam atividade ao ar livre.
UCI_Dataset;17/01/05 13:00;1;MODERADO;R02_NO2_MODERADO;Monitorizar evolucão. Sensiveis reduzam atividade ao ar livre.
UCI_Dataset;17/01/05 14:00;1;MODERADO;R02_NO2_MODERADO;Monitorizar evolucão. Sensiveis reduzam atividade ao ar livre.
UCI_Dataset;17/01/05 15:00;1;MODERADO;R02_NO2_MODERADO;Monitorizar evolucão. Sensiveis reduzam atividade ao ar livre.
UCI_Dataset;17/01/05 16:00;1;MODERADO;R02_NO2_MODERADO;Monitorizar evolucão. Sensiveis reduzam atividade ao ar livre.
UCI_Dataset;17/01/05 17:00;1;MODERADO;R02_NO2_MODERADO;Monitorizar evolucão. Sensiveis reduzam atividade ao ar livre.
UCI_Dataset;17/01/05 18:00;1;ALTO;R01_NO2_ALTO;Limitar trafego automovel. Grupos sensiveis evitem exposição prolongada.
UCI_Dataset;17/01/05 19:00;1;ALTO;R01_NO2_ALTO;Limitar trafego automovel. Grupos sensiveis evitem exposição prolongada.
UCI_Dataset;17/01/05 20:00;1;MODERADO;R02_NO2_MODERADO;Monitorizar evolucão. Sensiveis reduzam atividade ao ar livre.
UCI_Dataset;17/01/05 21:00;1;MODERADO;R02_NO2_MODERADO;Monitorizar evolucão. Sensiveis reduzam atividade ao ar livre.
UCI_Dataset;17/01/05 22:00;1;MODERADO;R02_NO2_MODERADO;Monitorizar evolucão. Sensiveis reduzam atividade ao ar livre.
UCI_Dataset;17/01/05 23:00;1;MODERADO;R02_NO2_MODERADO;Monitorizar evolucão. Sensiveis reduzam atividade ao ar livre.
UCI_Dataset;18/01/05 00:00;1;MODERADO;R02_NO2_MODERADO;Monitorizar evolucão. Sensiveis reduzam atividade ao ar livre.
UCI_Dataset;18/01/05 01:00;1;MODERADO;R02_NO2_MODERADO;Monitorizar evolucão. Sensiveis reduzam atividade ao ar livre.
UCI_Dataset;18/01/05 02:00;1;MODERADO;R02_NO2_MODERADO;Monitorizar evolucão. Sensiveis reduzam atividade ao ar livre.
UCI_Dataset;18/01/05 03:00;0;NORMAL;;Sem ação necessária.
UCI_Dataset;18/01/05 04:00;0;NORMAL;;Sem ação necessária.
UCI_Dataset;18/01/05 05:00;0;NORMAL;;Sem ação necessária.
UCI_Dataset;18/01/05 06:00;1;MODERADO;R02_NO2_MODERADO;Monitorizar evolucão. Sensiveis reduzam atividade ao ar livre.
UCI_Dataset;18/01/05 07:00;1;MODERADO;R02_NO2_MODERADO;Monitorizar evolucão. Sensiveis reduzam atividade ao ar livre.
UCI_Dataset;18/01/05 08:00;1;MODERADO;R02_NO2_MODERADO;Monitorizar evolucão. Sensiveis reduzam atividade ao ar livre.
UCI_Dataset;18/01/05 09:00;1;MODERADO;R02_NO2_MODERADO;Monitorizar evolucão. Sensiveis reduzam atividade ao ar livre.
UCI_Dataset;18/01/05 10:00;1;ALTO;R01_NO2_ALTO;Limitar trafego automovel. Grupos sensiveis evitem exposição prolongada.
UCI_Dataset;18/01/05 11:00;1;MODERADO;R02_NO2_MODERADO;Monitorizar evolucão. Sensiveis reduzam atividade ao ar livre.
UCI_Dataset;18/01/05 12:00;1;ALTO;R01_NO2_ALTO;Limitar trafego automovel. Grupos sensiveis evitem exposição prolongada.
UCI_Dataset;18/01/05 13:00;1;ALTO;R01_NO2_ALTO;Limitar trafego automovel. Grupos sensiveis evitem exposição prolongada.
UCI_Dataset;18/01/05 14:00;1;ALTO;R01_NO2_ALTO;Limitar trafego automovel. Grupos sensiveis evitem exposição prolongada.
UCI_Dataset;18/01/05 15:00;1;ALTO;R01_NO2_ALTO;Limitar trafego automovel. Grupos sensiveis evitem exposição prolongada.
UCI_Dataset;18/01/05 16:00;1;ALTO;R01_NO2_ALTO;Limitar trafego automovel. Grupos sensiveis evitem exposição prolongada.
UCI_Dataset;18/01/05 17:00;1;ALTO;R01_NO2_ALTO;Limitar trafego automovel. Grupos sensiveis evitem exposição prolongada.
UCI_Dataset;18/01/05 18:00;1;ALTO;R01_NO2_ALTO;Limitar trafego automovel. Grupos sensiveis evitem exposição prolongada.
UCI_Dataset;18/01/05 19:00;2;ALTO;R01_NO2_ALTO, R12_QUALIDADE_AR_PESSIMA;Limitar trafego automovel. Grupos sensiveis evitem exposição prolongada.
UCI_Dataset;18/01/05 20:00;2;ALTO;R12_QUALIDADE_AR_PESSIMA, R02_NO2_MODERADO;Qualidade do ar muito degradada agravada por humidade alta. Grupos de risco evitem saídas.
UCI_Dataset;18/01/05 21:00;1;MODERADO;R02_NO2_MODERADO;Monitorizar evolucão. Sensiveis reduzam atividade ao ar livre.
UCI_Dataset;18/01/05 22:00;1;MODERADO;R02_NO2_MODERADO;Monitorizar evolucão. Sensiveis reduzam atividade ao ar livre.
UCI_Dataset;18/01/05 23:00;1;MODERADO;R02_NO2_MODERADO;Monitorizar evolucão. Sensiveis reduzam atividade ao ar livre.
UCI_Dataset;19/01/05 00:00;1;MODERADO;R02_NO2_MODERADO;Monitorizar evolucão. Sensiveis reduzam atividade ao ar livre.
UCI_Dataset;19/01/05 01:00;1;MODERADO;R02_NO2_MODERADO;Monitorizar evolucão. Sensiveis reduzam atividade ao ar livre.
UCI_Dataset;19/01/05 02:00;1;MODERADO;R02_NO2_MODERADO;Monitorizar evolucão. Sensiveis reduzam atividade ao ar livre.
UCI_Dataset;19/01/05 03:00;0;NORMAL;;Sem ação necessária.
UCI_Dataset;19/01/05 04:00;0;NORMAL;;Sem ação necessária.
UCI_Dataset;19/01/05 05:00;0;NORMAL;;Sem ação necessária.
UCI_Dataset;19/01/05 06:00;0;NORMAL;;Sem ação necessária.
UCI_Dataset;19/01/05 07:00;0;NORMAL;;Sem ação necessária.
UCI_Dataset;19/01/05 08:00;1;MODERADO;R02_NO2_MODERADO;Monitorizar evolucão. Sensiveis reduzam atividade ao ar livre.
UCI_Dataset;19/01/05 09:00;1;MODERADO;R02_NO2_MODERADO;Monitorizar evolucão. Sensiveis reduzam atividade ao ar livre.
UCI_Dataset;19/01/05 10:00;1;MODERADO;R02_NO2_MODERADO;Monitorizar evolucão. Sensiveis reduzam atividade ao ar livre.
UCI_Dataset;19/01/05 11:00;1;MODERADO;R02_NO2_MODERADO;Monitorizar evolucão. Sensiveis reduzam atividade ao ar livre.
UCI_Dataset;19/01/05 12:00;1;MODERADO;R02_NO2_MODERADO;Monitorizar evolucão. Sensiveis reduzam atividade ao ar livre.
UCI_Dataset;19/01/05 13:00;1;MODERADO;R02_NO2_MODERADO;Monitorizar evolucão. Sensiveis reduzam atividade ao ar livre.
UCI_Dataset;19/01/05 14:00;1;MODERADO;R02_NO2_MODERADO;Monitorizar evolucão. Sensiveis reduzam atividade ao ar livre.
UCI_Dataset;19/01/05 15:00;1;MODERADO;R02_NO2_MODERADO;Monitorizar evolucão. Sensiveis reduzam atividade ao ar livre.
UCI_Dataset;19/01/05 16:00;1;MODERADO;R02_NO2_MODERADO;Monitorizar evolucão. Sensiveis reduzam atividade ao ar livre.
UCI_Dataset;19/01/05 17:00;1;MODERADO;R02_NO2_MODERADO;Monitorizar evolucão. Sensiveis reduzam atividade ao ar livre.
UCI_Dataset;19/01/05 18:00;1;MODERADO;R02_NO2_MODERADO;Monitorizar evolucão. Sensiveis reduzam atividade ao ar livre.
UCI_Dataset;19/01/05 19:00;1;MODERADO;R02_NO2_MODERADO;Monitorizar evolucão. Sensiveis reduzam atividade ao ar livre.
UCI_Dataset;19/01/05 20:00;1;MODERADO;R02_NO2_MODERADO;Monitorizar evolucão. Sensiveis reduzam atividade ao ar livre.
UCI_Dataset;19/01/05 21:00;1;MODERADO;R02_NO2_MODERADO;Monitorizar evolucão. Sensiveis reduzam atividade ao ar livre.
UCI_Dataset;19/01/05 22:00;0;NORMAL;;Sem ação necessária.
UCI_Dataset;19/01/05 23:00;0;NORMAL;;Sem ação necessária.
UCI_Dataset;20/01/05 00:00;1;MODERADO;R02_NO2_MODERADO;Monitorizar evolucão. Sensiveis reduzam atividade ao ar livre.
UCI_Dataset;20/01/05 01:00;0;NORMAL;;Sem ação necessária.
UCI_Dataset;20/01/05 02:00;0;NORMAL;;Sem ação necessária.
UCI_Dataset;20/01/05 03:00;0;NORMAL;;Sem ação necessária.
UCI_Dataset;20/01/05 04:00;0;NORMAL;;Sem ação necessária.
UCI_Dataset;20/01/05 05:00;0;NORMAL;;Sem ação necessária.
UCI_Dataset;20/01/05 06:00;0;NORMAL;;Sem ação necessária.
UCI_Dataset;20/01/05 07:00;1;MODERADO;R02_NO2_MODERADO;Monitorizar evolucão. Sensiveis reduzam atividade ao ar livre.
UCI_Dataset;20/01/05 08:00;1;MODERADO;R02_NO2_MODERADO;Monitorizar evolucão. Sensiveis reduzam atividade ao ar livre.
UCI_Dataset;20/01/05 09:00;1;MODERADO;R02_NO2_MODERADO;Monitorizar evolucão. Sensiveis reduzam atividade ao ar livre.
UCI_Dataset;20/01/05 10:00;1;MODERADO;R02_NO2_MODERADO;Monitorizar evolucão. Sensiveis reduzam atividade ao ar livre.
UCI_Dataset;20/01/05 11:00;1;MODERADO;R02_NO2_MODERADO;Monitorizar evolucão. Sensiveis reduzam atividade ao ar livre.
UCI_Dataset;20/01/05 12:00;1;MODERADO;R02_NO2_MODERADO;Monitorizar evolucão. Sensiveis reduzam atividade ao ar livre.
UCI_Dataset;20/01/05 13:00;1;MODERADO;R02_NO2_MODERADO;Monitorizar evolucão. Sensiveis reduzam atividade ao ar livre.
UCI_Dataset;20/01/05 14:00;1;MODERADO;R02_NO2_MODERADO;Monitorizar evolucão. Sensiveis reduzam atividade ao ar livre.
UCI_Dataset;20/01/05 15:00;1;MODERADO;R02_NO2_MODERADO;Monitorizar evolucão. Sensiveis reduzam atividade ao ar livre.
UCI_Dataset;20/01/05 16:00;1;MODERADO;R02_NO2_MODERADO;Monitorizar evolucão. Sensiveis reduzam atividade ao ar livre.
UCI_Dataset;20/01/05 17:00;1;ALTO;R01_NO2_ALTO;Limitar trafego automovel. Grupos sensiveis evitem exposição prolongada.
UCI_Dataset;20/01/05 18:00;1;ALTO;R01_NO2_ALTO;Limitar trafego automovel. Grupos sensiveis evitem exposição prolongada.
UCI_Dataset;20/01/05 19:00;1;MODERADO;R02_NO2_MODERADO;Monitorizar evolucão. Sensiveis reduzam atividade ao ar livre.
UCI_Dataset;20/01/05 20:00;1;MODERADO;R02_NO2_MODERADO;Monitorizar evolucão. Sensiveis reduzam atividade ao ar livre.
UCI_Dataset;20/01/05 21:00;1;MODERADO;R02_NO2_MODERADO;Monitorizar evolucão. Sensiveis reduzam atividade ao ar livre.
UCI_Dataset;20/01/05 22:00;1;MODERADO;R02_NO2_MODERADO;Monitorizar evolucão. Sensiveis reduzam atividade ao ar livre.
UCI_Dataset;20/01/05 23:00;1;MODERADO;R02_NO2_MODERADO;Monitorizar evolucão. Sensiveis reduzam atividade ao ar livre.
UCI_Dataset;21/01/05 00:00;1;MODERADO;R02_NO2_MODERADO;Monitorizar evolucão. Sensiveis reduzam atividade ao ar livre.
UCI_Dataset;21/01/05 01:00;1;MODERADO;R02_NO2_MODERADO;Monitorizar evolucão. Sensiveis reduzam atividade ao ar livre.
UCI_Dataset;21/01/05 02:00;0;NORMAL;;Sem ação necessária.
UCI_Dataset;21/01/05 03:00;0;NORMAL;;Sem ação necessária.
UCI_Dataset;21/01/05 04:00;1;MODERADO;R02_NO2_MODERADO;Monitorizar evolucão. Sensiveis reduzam atividade ao ar livre.
UCI_Dataset;21/01/05 05:00;1;MODERADO;R02_NO2_MODERADO;Monitorizar evolucão. Sensiveis reduzam atividade ao ar livre.
UCI_Dataset;21/01/05 06:00;1;MODERADO;R02_NO2_MODERADO;Monitorizar evolucão. Sensiveis reduzam atividade ao ar livre.
UCI_Dataset;21/01/05 07:00;1;MODERADO;R02_NO2_MODERADO;Monitorizar evolucão. Sensiveis reduzam atividade ao ar livre.
UCI_Dataset;21/01/05 08:00;1;MODERADO;R02_NO2_MODERADO;Monitorizar evolucão. Sensiveis reduzam atividade ao ar livre.
UCI_Dataset;21/01/05 09:00;1;MODERADO;R02_NO2_MODERADO;Monitorizar evolucão. Sensiveis reduzam atividade ao ar livre.
UCI_Dataset;21/01/05 10:00;1;MODERADO;R02_NO2_MODERADO;Monitorizar evolucão. Sensiveis reduzam atividade ao ar livre.
UCI_Dataset;21/01/05 11:00;1;MODERADO;R02_NO2_MODERADO;Monitorizar evolucão. Sensiveis reduzam atividade ao ar livre.
UCI_Dataset;21/01/05 12:00;1;MODERADO;R02_NO2_MODERADO;Monitorizar evolucão. Sensiveis reduzam atividade ao ar livre.
UCI_Dataset;21/01/05 13:00;1;MODERADO;R02_NO2_MODERADO;Monitorizar evolucão. Sensiveis reduzam atividade ao ar livre.
UCI_Dataset;21/01/05 14:00;1;MODERADO;R02_NO2_MODERADO;Monitorizar evolucão. Sensiveis reduzam atividade ao ar livre.
UCI_Dataset;21/01/05 15:00;1;MODERADO;R02_NO2_MODERADO;Monitorizar evolucão. Sensiveis reduzam atividade ao ar livre.
UCI_Dataset;21/01/05 16:00;0;NORMAL;;Sem ação necessária.
UCI_Dataset;21/01/05 17:00;1;MODERADO;R02_NO2_MODERADO;Monitorizar evolucão. Sensiveis reduzam atividade ao ar livre.
UCI_Dataset;21/01/05 18:00;1;ALTO;R01_NO2_ALTO;Limitar trafego automovel. Grupos sensiveis evitem exposição prolongada.
UCI_Dataset;21/01/05 19:00;1;MODERADO;R02_NO2_MODERADO;Monitorizar evolucão. Sensiveis reduzam atividade ao ar livre.
UCI_Dataset;21/01/05 20:00;1;ALTO;R01_NO2_ALTO;Limitar trafego automovel. Grupos sensiveis evitem exposição prolongada.
UCI_Dataset;21/01/05 21:00;1;ALTO;R01_NO2_ALTO;Limitar trafego automovel. Grupos sensiveis evitem exposição prolongada.
UCI_Dataset;21/01/05 22:00;1;ALTO;R01_NO2_ALTO;Limitar trafego automovel. Grupos sensiveis evitem exposição prolongada.
UCI_Dataset;21/01/05 23:00;1;ALTO;R01_NO2_ALTO;Limitar trafego automovel. Grupos sensiveis evitem exposição prolongada.
UCI_Dataset;22/01/05 00:00;1;ALTO;R01_NO2_ALTO;Limitar trafego automovel. Grupos sensiveis evitem exposição prolongada.
UCI_Dataset;22/01/05 01:00;1;ALTO;R01_NO2_ALTO;Limitar trafego automovel. Grupos sensiveis evitem exposição prolongada.
UCI_Dataset;22/01/05 02:00;1;MODERADO;R02_NO2_MODERADO;Monitorizar evolucão. Sensiveis reduzam atividade ao ar livre.
UCI_Dataset;22/01/05 03:00;0;NORMAL;;Sem ação necessária.
UCI_Dataset;22/01/05 04:00;1;MODERADO;R02_NO2_MODERADO;Monitorizar evolucão. Sensiveis reduzam atividade ao ar livre.
UCI_Dataset;22/01/05 05:00;1;MODERADO;R02_NO2_MODERADO;Monitorizar evolucão. Sensiveis reduzam atividade ao ar livre.
UCI_Dataset;22/01/05 06:00;2;ALTO;R12_QUALIDADE_AR_PESSIMA, R02_NO2_MODERADO;Qualidade do ar muito degradada agravada por humidade alta. Grupos de risco evitem saídas.
UCI_Dataset;22/01/05 07:00;2;ALTO;R12_QUALIDADE_AR_PESSIMA, R02_NO2_MODERADO;Qualidade do ar muito degradada agravada por humidade alta. Grupos de risco evitem saídas.
UCI_Dataset;22/01/05 08:00;1;MODERADO;R02_NO2_MODERADO;Monitorizar evolucão. Sensiveis reduzam atividade ao ar livre.
UCI_Dataset;22/01/05 09:00;1;ALTO;R01_NO2_ALTO;Limitar trafego automovel. Grupos sensiveis evitem exposição prolongada.
UCI_Dataset;22/01/05 10:00;1;ALTO;R01_NO2_ALTO;Limitar trafego automovel. Grupos sensiveis evitem exposição prolongada.
UCI_Dataset;22/01/05 11:00;1;ALTO;R01_NO2_ALTO;Limitar trafego automovel. Grupos sensiveis evitem exposição prolongada.
UCI_Dataset;22/01/05 12:00;1;ALTO;R01_NO2_ALTO;Limitar trafego automovel. Grupos sensiveis evitem exposição prolongada.
UCI_Dataset;22/01/05 13:00;1;MODERADO;R02_NO2_MODERADO;Monitorizar evolucão. Sensiveis reduzam atividade ao ar livre.
UCI_Dataset;22/01/05 14:00;1;MODERADO;R02_NO2_MODERADO;Monitorizar evolucão. Sensiveis reduzam atividade ao ar livre.
UCI_Dataset;22/01/05 15:00;1;MODERADO;R02_NO2_MODERADO;Monitorizar evolucão. Sensiveis reduzam atividade ao ar livre.
UCI_Dataset;22/01/05 16:00;1;MODERADO;R02_NO2_MODERADO;Monitorizar evolucão. Sensiveis reduzam atividade ao ar livre.
UCI_Dataset;22/01/05 17:00;1;MODERADO;R02_NO2_MODERADO;Monitorizar evolucão. Sensiveis reduzam atividade ao ar livre.
UCI_Dataset;22/01/05 18:00;1;MODERADO;R02_NO2_MODERADO;Monitorizar evolucão. Sensiveis reduzam atividade ao ar livre.
UCI_Dataset;22/01/05 19:00;1;MODERADO;R02_NO2_MODERADO;Monitorizar evolucão. Sensiveis reduzam atividade ao ar livre.
UCI_Dataset;22/01/05 20:00;1;MODERADO;R02_NO2_MODERADO;Monitorizar evolucão. Sensiveis reduzam atividade ao ar livre.
UCI_Dataset;22/01/05 21:00;1;ALTO;R01_NO2_ALTO;Limitar trafego automovel. Grupos sensiveis evitem exposição prolongada.
UCI_Dataset;22/01/05 22:00;1;ALTO;R01_NO2_ALTO;Limitar trafego automovel. Grupos sensiveis evitem exposição prolongada.
UCI_Dataset;22/01/05 23:00;1;MODERADO;R02_NO2_MODERADO;Monitorizar evolucão. Sensiveis reduzam atividade ao ar livre.
UCI_Dataset;23/01/05 00:00;1;MODERADO;R02_NO2_MODERADO;Monitorizar evolucão. Sensiveis reduzam atividade ao ar livre.
UCI_Dataset;23/01/05 01:00;1;MODERADO;R02_NO2_MODERADO;Monitorizar evolucão. Sensiveis reduzam atividade ao ar livre.
UCI_Dataset;23/01/05 02:00;1;MODERADO;R02_NO2_MODERADO;Monitorizar evolucão. Sensiveis reduzam atividade ao ar livre.
UCI_Dataset;23/01/05 03:00;0;NORMAL;;Sem ação necessária.
UCI_Dataset;23/01/05 04:00;1;MODERADO;R02_NO2_MODERADO;Monitorizar evolucão. Sensiveis reduzam atividade ao ar livre.
UCI_Dataset;23/01/05 05:00;0;NORMAL;;Sem ação necessária.
UCI_Dataset;23/01/05 06:00;0;NORMAL;;Sem ação necessária.
UCI_Dataset;23/01/05 07:00;0;NORMAL;;Sem ação necessária.
UCI_Dataset;23/01/05 08:00;0;NORMAL;;Sem ação necessária.
UCI_Dataset;23/01/05 09:00;1;MODERADO;R02_NO2_MODERADO;Monitorizar evolucão. Sensiveis reduzam atividade ao ar livre.
UCI_Dataset;23/01/05 10:00;1;MODERADO;R02_NO2_MODERADO;Monitorizar evolucão. Sensiveis reduzam atividade ao ar livre.
UCI_Dataset;23/01/05 11:00;1;MODERADO;R02_NO2_MODERADO;Monitorizar evolucão. Sensiveis reduzam atividade ao ar livre.
UCI_Dataset;23/01/05 12:00;1;ALTO;R01_NO2_ALTO;Limitar trafego automovel. Grupos sensiveis evitem exposição prolongada.
UCI_Dataset;23/01/05 13:00;1;MODERADO;R02_NO2_MODERADO;Monitorizar evolucão. Sensiveis reduzam atividade ao ar livre.
UCI_Dataset;23/01/05 14:00;1;MODERADO;R02_NO2_MODERADO;Monitorizar evolucão. Sensiveis reduzam atividade ao ar livre.
UCI_Dataset;23/01/05 15:00;1;MODERADO;R02_NO2_MODERADO;Monitorizar evolucão. Sensiveis reduzam atividade ao ar livre.
UCI_Dataset;23/01/05 16:00;1;MODERADO;R02_NO2_MODERADO;Monitorizar evolucão. Sensiveis reduzam atividade ao ar livre.
UCI_Dataset;23/01/05 17:00;1;MODERADO;R02_NO2_MODERADO;Monitorizar evolucão. Sensiveis reduzam atividade ao ar livre.
UCI_Dataset;23/01/05 18:00;1;MODERADO;R02_NO2_MODERADO;Monitorizar evolucão. Sensiveis reduzam atividade ao ar livre.
UCI_Dataset;23/01/05 19:00;1;MODERADO;R02_NO2_MODERADO;Monitorizar evolucão. Sensiveis reduzam atividade ao ar livre.
UCI_Dataset;23/01/05 20:00;1;MODERADO;R02_NO2_MODERADO;Monitorizar evolucão. Sensiveis reduzam atividade ao ar livre.
UCI_Dataset;23/01/05 21:00;1;MODERADO;R02_NO2_MODERADO;Monitorizar evolucão. Sensiveis reduzam atividade ao ar livre.
UCI_Dataset;23/01/05 22:00;1;MODERADO;R02_NO2_MODERADO;Monitorizar evolucão. Sensiveis reduzam atividade ao ar livre.
UCI_Dataset;23/01/05 23:00;1;MODERADO;R02_NO2_MODERADO;Monitorizar evolucão. Sensiveis reduzam atividade ao ar livre.
UCI_Dataset;24/01/05 00:00;1;MODERADO;R02_NO2_MODERADO;Monitorizar evolucão. Sensiveis reduzam atividade ao ar livre.
UCI_Dataset;24/01/05 01:00;1;MODERADO;R02_NO2_MODERADO;Monitorizar evolucão. Sensiveis reduzam atividade ao ar livre.
UCI_Dataset;24/01/05 02:00;1;MODERADO;R02_NO2_MODERADO;Monitorizar evolucão. Sensiveis reduzam atividade ao ar livre.
UCI_Dataset;24/01/05 03:00;0;NORMAL;;Sem ação necessária.
UCI_Dataset;24/01/05 04:00;0;NORMAL;;Sem ação necessária.
UCI_Dataset;24/01/05 05:00;0;NORMAL;;Sem ação necessária.
UCI_Dataset;24/01/05 06:00;0;NORMAL;;Sem ação necessária.
UCI_Dataset;24/01/05 07:00;1;MODERADO;R02_NO2_MODERADO;Monitorizar evolucão. Sensiveis reduzam atividade ao ar livre.
UCI_Dataset;24/01/05 08:00;1;MODERADO;R02_NO2_MODERADO;Monitorizar evolucão. Sensiveis reduzam atividade ao ar livre.
UCI_Dataset;24/01/05 09:00;1;ALTO;R01_NO2_ALTO;Limitar trafego automovel. Grupos sensiveis evitem exposição prolongada.
UCI_Dataset;24/01/05 10:00;1;MODERADO;R02_NO2_MODERADO;Monitorizar evolucão. Sensiveis reduzam atividade ao ar livre.
UCI_Dataset;24/01/05 11:00;1;MODERADO;R02_NO2_MODERADO;Monitorizar evolucão. Sensiveis reduzam atividade ao ar livre.
UCI_Dataset;24/01/05 12:00;1;MODERADO;R02_NO2_MODERADO;Monitorizar evolucão. Sensiveis reduzam atividade ao ar livre.
UCI_Dataset;24/01/05 13:00;1;MODERADO;R02_NO2_MODERADO;Monitorizar evolucão. Sensiveis reduzam atividade ao ar livre.
UCI_Dataset;24/01/05 14:00;0;NORMAL;;Sem ação necessária.
UCI_Dataset;24/01/05 15:00;1;MODERADO;R02_NO2_MODERADO;Monitorizar evolucão. Sensiveis reduzam atividade ao ar livre.
UCI_Dataset;24/01/05 16:00;1;MODERADO;R02_NO2_MODERADO;Monitorizar evolucão. Sensiveis reduzam atividade ao ar livre.
UCI_Dataset;24/01/05 17:00;1;MODERADO;R02_NO2_MODERADO;Monitorizar evolucão. Sensiveis reduzam atividade ao ar livre.
UCI_Dataset;24/01/05 18:00;1;MODERADO;R02_NO2_MODERADO;Monitorizar evolucão. Sensiveis reduzam atividade ao ar livre.
UCI_Dataset;24/01/05 19:00;1;MODERADO;R02_NO2_MODERADO;Monitorizar evolucão. Sensiveis reduzam atividade ao ar livre.
UCI_Dataset;24/01/05 20:00;1;MODERADO;R02_NO2_MODERADO;Monitorizar evolucão. Sensiveis reduzam atividade ao ar livre.
UCI_Dataset;24/01/05 21:00;1;MODERADO;R02_NO2_MODERADO;Monitorizar evolucão. Sensiveis reduzam atividade ao ar livre.
UCI_Dataset;24/01/05 22:00;0;NORMAL;;Sem ação necessária.
UCI_Dataset;24/01/05 23:00;0;NORMAL;;Sem ação necessária.
UCI_Dataset;25/01/05 00:00;0;NORMAL;;Sem ação necessária.
UCI_Dataset;25/01/05 01:00;0;NORMAL;;Sem ação necessária.
UCI_Dataset;25/01/05 02:00;0;NORMAL;;Sem ação necessária.
UCI_Dataset;25/01/05 03:00;0;NORMAL;;Sem ação necessária.
UCI_Dataset;25/01/05 04:00;0;NORMAL;;Sem ação necessária.
UCI_Dataset;25/01/05 05:00;0;NORMAL;;Sem ação necessária.
UCI_Dataset;25/01/05 06:00;0;NORMAL;;Sem ação necessária.
UCI_Dataset;25/01/05 07:00;0;NORMAL;;Sem ação necessária.
UCI_Dataset;25/01/05 08:00;1;MODERADO;R02_NO2_MODERADO;Monitorizar evolucão. Sensiveis reduzam atividade ao ar livre.
UCI_Dataset;25/01/05 09:00;1;MODERADO;R02_NO2_MODERADO;Monitorizar evolucão. Sensiveis reduzam atividade ao ar livre.
UCI_Dataset;25/01/05 10:00;1;MODERADO;R02_NO2_MODERADO;Monitorizar evolucão. Sensiveis reduzam atividade ao ar livre.
UCI_Dataset;25/01/05 11:00;1;MODERADO;R02_NO2_MODERADO;Monitorizar evolucão. Sensiveis reduzam atividade ao ar livre.
UCI_Dataset;25/01/05 12:00;1;MODERADO;R02_NO2_MODERADO;Monitorizar evolucão. Sensiveis reduzam atividade ao ar livre.
UCI_Dataset;25/01/05 13:00;1;MODERADO;R02_NO2_MODERADO;Monitorizar evolucão. Sensiveis reduzam atividade ao ar livre.
UCI_Dataset;25/01/05 14:00;1;MODERADO;R02_NO2_MODERADO;Monitorizar evolucão. Sensiveis reduzam atividade ao ar livre.
UCI_Dataset;25/01/05 15:00;1;MODERADO;R02_NO2_MODERADO;Monitorizar evolucão. Sensiveis reduzam atividade ao ar livre.
UCI_Dataset;25/01/05 16:00;1;MODERADO;R02_NO2_MODERADO;Monitorizar evolucão. Sensiveis reduzam atividade ao ar livre.
UCI_Dataset;25/01/05 17:00;1;MODERADO;R02_NO2_MODERADO;Monitorizar evolucão. Sensiveis reduzam atividade ao ar livre.
UCI_Dataset;25/01/05 18:00;1;MODERADO;R02_NO2_MODERADO;Monitorizar evolucão. Sensiveis reduzam atividade ao ar livre.
UCI_Dataset;25/01/05 19:00;1;MODERADO;R02_NO2_MODERADO;Monitorizar evolucão. Sensiveis reduzam atividade ao ar livre.
UCI_Dataset;25/01/05 20:00;1;MODERADO;R02_NO2_MODERADO;Monitorizar evolucão. Sensiveis reduzam atividade ao ar livre.
UCI_Dataset;25/01/05 21:00;1;MODERADO;R02_NO2_MODERADO;Monitorizar evolucão. Sensiveis reduzam atividade ao ar livre.
UCI_Dataset;25/01/05 22:00;0;NORMAL;;Sem ação necessária.
UCI_Dataset;25/01/05 23:00;0;NORMAL;;Sem ação necessária.
UCI_Dataset;26/01/05 00:00;0;NORMAL;;Sem ação necessária.
UCI_Dataset;26/01/05 01:00;0;NORMAL;;Sem ação necessária.
UCI_Dataset;26/01/05 02:00;0;NORMAL;;Sem ação necessária.
UCI_Dataset;26/01/05 03:00;0;NORMAL;;Sem ação necessária.
UCI_Dataset;26/01/05 04:00;0;NORMAL;;Sem ação necessária.
UCI_Dataset;26/01/05 05:00;0;NORMAL;;Sem ação necessária.
UCI_Dataset;26/01/05 06:00;0;NORMAL;;Sem ação necessária.
UCI_Dataset;26/01/05 07:00;0;NORMAL;;Sem ação necessária.
UCI_Dataset;26/01/05 08:00;1;MODERADO;R02_NO2_MODERADO;Monitorizar evolucão. Sensiveis reduzam atividade ao ar livre.
UCI_Dataset;26/01/05 09:00;1;MODERADO;R02_NO2_MODERADO;Monitorizar evolucão. Sensiveis reduzam atividade ao ar livre.
UCI_Dataset;26/01/05 10:00;1;MODERADO;R02_NO2_MODERADO;Monitorizar evolucão. Sensiveis reduzam atividade ao ar livre.
UCI_Dataset;26/01/05 11:00;1;MODERADO;R02_NO2_MODERADO;Monitorizar evolucão. Sensiveis reduzam atividade ao ar livre.
UCI_Dataset;26/01/05 12:00;1;MODERADO;R02_NO2_MODERADO;Monitorizar evolucão. Sensiveis reduzam atividade ao ar livre.
UCI_Dataset;26/01/05 13:00;1;MODERADO;R02_NO2_MODERADO;Monitorizar evolucão. Sensiveis reduzam atividade ao ar livre.
UCI_Dataset;26/01/05 14:00;1;MODERADO;R02_NO2_MODERADO;Monitorizar evolucão. Sensiveis reduzam atividade ao ar livre.
UCI_Dataset;26/01/05 15:00;1;MODERADO;R02_NO2_MODERADO;Monitorizar evolucão. Sensiveis reduzam atividade ao ar livre.
UCI_Dataset;26/01/05 16:00;1;MODERADO;R02_NO2_MODERADO;Monitorizar evolucão. Sensiveis reduzam atividade ao ar livre.
UCI_Dataset;26/01/05 17:00;1;MODERADO;R02_NO2_MODERADO;Monitorizar evolucão. Sensiveis reduzam atividade ao ar livre.
UCI_Dataset;26/01/05 18:00;1;MODERADO;R02_NO2_MODERADO;Monitorizar evolucão. Sensiveis reduzam atividade ao ar livre.
UCI_Dataset;26/01/05 19:00;1;MODERADO;R02_NO2_MODERADO;Monitorizar evolucão. Sensiveis reduzam atividade ao ar livre.
UCI_Dataset;26/01/05 20:00;1;MODERADO;R02_NO2_MODERADO;Monitorizar evolucão. Sensiveis reduzam atividade ao ar livre.
UCI_Dataset;26/01/05 21:00;1;MODERADO;R02_NO2_MODERADO;Monitorizar evolucão. Sensiveis reduzam atividade ao ar livre.
UCI_Dataset;26/01/05 22:00;1;MODERADO;R02_NO2_MODERADO;Monitorizar evolucão. Sensiveis reduzam atividade ao ar livre.
UCI_Dataset;26/01/05 23:00;0;NORMAL;;Sem ação necessária.
UCI_Dataset;27/01/05 00:00;0;NORMAL;;Sem ação necessária.
UCI_Dataset;27/01/05 01:00;0;NORMAL;;Sem ação necessária.
UCI_Dataset;27/01/05 02:00;0;NORMAL;;Sem ação necessária.
UCI_Dataset;27/01/05 03:00;0;NORMAL;;Sem ação necessária.
UCI_Dataset;27/01/05 04:00;0;NORMAL;;Sem ação necessária.
UCI_Dataset;27/01/05 05:00;0;NORMAL;;Sem ação necessária.
UCI_Dataset;27/01/05 06:00;0;NORMAL;;Sem ação necessária.
UCI_Dataset;27/01/05 07:00;0;NORMAL;;Sem ação necessária.
UCI_Dataset;27/01/05 08:00;1;MODERADO;R02_NO2_MODERADO;Monitorizar evolucão. Sensiveis reduzam atividade ao ar livre.
UCI_Dataset;27/01/05 09:00;1;ALTO;R01_NO2_ALTO;Limitar trafego automovel. Grupos sensiveis evitem exposição prolongada.
UCI_Dataset;27/01/05 10:00;1;MODERADO;R02_NO2_MODERADO;Monitorizar evolucão. Sensiveis reduzam atividade ao ar livre.
UCI_Dataset;27/01/05 11:00;1;MODERADO;R02_NO2_MODERADO;Monitorizar evolucão. Sensiveis reduzam atividade ao ar livre.
UCI_Dataset;27/01/05 12:00;1;MODERADO;R02_NO2_MODERADO;Monitorizar evolucão. Sensiveis reduzam atividade ao ar livre.
UCI_Dataset;27/01/05 13:00;1;MODERADO;R02_NO2_MODERADO;Monitorizar evolucão. Sensiveis reduzam atividade ao ar livre.
UCI_Dataset;27/01/05 14:00;1;MODERADO;R02_NO2_MODERADO;Monitorizar evolucão. Sensiveis reduzam atividade ao ar livre.
UCI_Dataset;27/01/05 15:00;1;MODERADO;R02_NO2_MODERADO;Monitorizar evolucão. Sensiveis reduzam atividade ao ar livre.
UCI_Dataset;27/01/05 16:00;1;MODERADO;R02_NO2_MODERADO;Monitorizar evolucão. Sensiveis reduzam atividade ao ar livre.
UCI_Dataset;27/01/05 17:00;1;MODERADO;R02_NO2_MODERADO;Monitorizar evolucão. Sensiveis reduzam atividade ao ar livre.
UCI_Dataset;27/01/05 18:00;1;MODERADO;R02_NO2_MODERADO;Monitorizar evolucão. Sensiveis reduzam atividade ao ar livre.
UCI_Dataset;27/01/05 19:00;1;MODERADO;R02_NO2_MODERADO;Monitorizar evolucão. Sensiveis reduzam atividade ao ar livre.
UCI_Dataset;27/01/05 20:00;1;ALTO;R01_NO2_ALTO;Limitar trafego automovel. Grupos sensiveis evitem exposição prolongada.
UCI_Dataset;27/01/05 21:00;1;MODERADO;R02_NO2_MODERADO;Monitorizar evolucão. Sensiveis reduzam atividade ao ar livre.
UCI_Dataset;27/01/05 22:00;1;MODERADO;R02_NO2_MODERADO;Monitorizar evolucão. Sensiveis reduzam atividade ao ar livre.
UCI_Dataset;27/01/05 23:00;1;MODERADO;R02_NO2_MODERADO;Monitorizar evolucão. Sensiveis reduzam atividade ao ar livre.
UCI_Dataset;28/01/05 00:00;1;MODERADO;R02_NO2_MODERADO;Monitorizar evolucão. Sensiveis reduzam atividade ao ar livre.
UCI_Dataset;28/01/05 01:00;0;NORMAL;;Sem ação necessária.
UCI_Dataset;28/01/05 02:00;0;NORMAL;;Sem ação necessária.
UCI_Dataset;28/01/05 03:00;0;NORMAL;;Sem ação necessária.
UCI_Dataset;28/01/05 04:00;0;NORMAL;;Sem ação necessária.
UCI_Dataset;28/01/05 05:00;0;NORMAL;;Sem ação necessária.
UCI_Dataset;28/01/05 06:00;0;NORMAL;;Sem ação necessária.
UCI_Dataset;28/01/05 07:00;0;NORMAL;;Sem ação necessária.
UCI_Dataset;28/01/05 08:00;1;MODERADO;R02_NO2_MODERADO;Monitorizar evolucão. Sensiveis reduzam atividade ao ar livre.
UCI_Dataset;28/01/05 09:00;1;ALTO;R01_NO2_ALTO;Limitar trafego automovel. Grupos sensiveis evitem exposição prolongada.
UCI_Dataset;28/01/05 10:00;1;MODERADO;R02_NO2_MODERADO;Monitorizar evolucão. Sensiveis reduzam atividade ao ar livre.
UCI_Dataset;28/01/05 11:00;1;MODERADO;R02_NO2_MODERADO;Monitorizar evolucão. Sensiveis reduzam atividade ao ar livre.
UCI_Dataset;28/01/05 12:00;1;MODERADO;R02_NO2_MODERADO;Monitorizar evolucão. Sensiveis reduzam atividade ao ar livre.
UCI_Dataset;28/01/05 13:00;1;MODERADO;R02_NO2_MODERADO;Monitorizar evolucão. Sensiveis reduzam atividade ao ar livre.
UCI_Dataset;28/01/05 14:00;1;MODERADO;R02_NO2_MODERADO;Monitorizar evolucão. Sensiveis reduzam atividade ao ar livre.
UCI_Dataset;28/01/05 15:00;1;MODERADO;R02_NO2_MODERADO;Monitorizar evolucão. Sensiveis reduzam atividade ao ar livre.
UCI_Dataset;28/01/05 16:00;1;MODERADO;R02_NO2_MODERADO;Monitorizar evolucão. Sensiveis reduzam atividade ao ar livre.
UCI_Dataset;28/01/05 17:00;1;MODERADO;R02_NO2_MODERADO;Monitorizar evolucão. Sensiveis reduzam atividade ao ar livre.
UCI_Dataset;28/01/05 18:00;1;MODERADO;R02_NO2_MODERADO;Monitorizar evolucão. Sensiveis reduzam atividade ao ar livre.
UCI_Dataset;28/01/05 19:00;1;MODERADO;R02_NO2_MODERADO;Monitorizar evolucão. Sensiveis reduzam atividade ao ar livre.
UCI_Dataset;28/01/05 20:00;1;MODERADO;R02_NO2_MODERADO;Monitorizar evolucão. Sensiveis reduzam atividade ao ar livre.
UCI_Dataset;28/01/05 21:00;1;MODERADO;R02_NO2_MODERADO;Monitorizar evolucão. Sensiveis reduzam atividade ao ar livre.
UCI_Dataset;28/01/05 22:00;1;MODERADO;R02_NO2_MODERADO;Monitorizar evolucão. Sensiveis reduzam atividade ao ar livre.
UCI_Dataset;28/01/05 23:00;0;NORMAL;;Sem ação necessária.
UCI_Dataset;29/01/05 00:00;1;MODERADO;R02_NO2_MODERADO;Monitorizar evolucão. Sensiveis reduzam atividade ao ar livre.
UCI_Dataset;29/01/05 01:00;0;NORMAL;;Sem ação necessária.
UCI_Dataset;29/01/05 02:00;0;NORMAL;;Sem ação necessária.
UCI_Dataset;29/01/05 03:00;0;NORMAL;;Sem ação necessária.
UCI_Dataset;29/01/05 04:00;0;NORMAL;;Sem ação necessária.
UCI_Dataset;29/01/05 05:00;0;NORMAL;;Sem ação necessária.
UCI_Dataset;29/01/05 06:00;0;NORMAL;;Sem ação necessária.
UCI_Dataset;29/01/05 07:00;0;NORMAL;;Sem ação necessária.
UCI_Dataset;29/01/05 08:00;0;NORMAL;;Sem ação necessária.
UCI_Dataset;29/01/05 09:00;1;MODERADO;R02_NO2_MODERADO;Monitorizar evolucão. Sensiveis reduzam atividade ao ar livre.
UCI_Dataset;29/01/05 10:00;1;MODERADO;R02_NO2_MODERADO;Monitorizar evolucão. Sensiveis reduzam atividade ao ar livre.
UCI_Dataset;29/01/05 11:00;0;NORMAL;;Sem ação necessária.
UCI_Dataset;29/01/05 12:00;1;MODERADO;R02_NO2_MODERADO;Monitorizar evolucão. Sensiveis reduzam atividade ao ar livre.
UCI_Dataset;29/01/05 13:00;0;NORMAL;;Sem ação necessária.
UCI_Dataset;29/01/05 14:00;1;MODERADO;R02_NO2_MODERADO;Monitorizar evolucão. Sensiveis reduzam atividade ao ar livre.
UCI_Dataset;29/01/05 15:00;0;NORMAL;;Sem ação necessária.
UCI_Dataset;29/01/05 16:00;0;NORMAL;;Sem ação necessária.
UCI_Dataset;29/01/05 17:00;1;MODERADO;R02_NO2_MODERADO;Monitorizar evolucão. Sensiveis reduzam atividade ao ar livre.
UCI_Dataset;29/01/05 18:00;1;MODERADO;R02_NO2_MODERADO;Monitorizar evolucão. Sensiveis reduzam atividade ao ar livre.
UCI_Dataset;29/01/05 19:00;1;MODERADO;R02_NO2_MODERADO;Monitorizar evolucão. Sensiveis reduzam atividade ao ar livre.
UCI_Dataset;29/01/05 20:00;1;MODERADO;R02_NO2_MODERADO;Monitorizar evolucão. Sensiveis reduzam atividade ao ar livre.
UCI_Dataset;29/01/05 21:00;1;MODERADO;R02_NO2_MODERADO;Monitorizar evolucão. Sensiveis reduzam atividade ao ar livre.
UCI_Dataset;29/01/05 22:00;0;NORMAL;;Sem ação necessária.
UCI_Dataset;29/01/05 23:00;0;NORMAL;;Sem ação necessária.
UCI_Dataset;30/01/05 00:00;0;NORMAL;;Sem ação necessária.
UCI_Dataset;30/01/05 01:00;1;MODERADO;R02_NO2_MODERADO;Monitorizar evolucão. Sensiveis reduzam atividade ao ar livre.
UCI_Dataset;30/01/05 02:00;0;NORMAL;;Sem ação necessária.
UCI_Dataset;30/01/05 03:00;0;NORMAL;;Sem ação necessária.
UCI_Dataset;30/01/05 04:00;0;NORMAL;;Sem ação necessária.
UCI_Dataset;30/01/05 05:00;0;NORMAL;;Sem ação necessária.
UCI_Dataset;30/01/05 06:00;0;NORMAL;;Sem ação necessária.
UCI_Dataset;30/01/05 07:00;0;NORMAL;;Sem ação necessária.
UCI_Dataset;30/01/05 08:00;0;NORMAL;;Sem ação necessária.
UCI_Dataset;30/01/05 09:00;0;NORMAL;;Sem ação necessária.
UCI_Dataset;30/01/05 10:00;0;NORMAL;;Sem ação necessária.
UCI_Dataset;30/01/05 11:00;0;NORMAL;;Sem ação necessária.
UCI_Dataset;30/01/05 12:00;0;NORMAL;;Sem ação necessária.
UCI_Dataset;30/01/05 13:00;0;NORMAL;;Sem ação necessária.
UCI_Dataset;30/01/05 14:00;0;NORMAL;;Sem ação necessária.
UCI_Dataset;30/01/05 15:00;0;NORMAL;;Sem ação necessária.
UCI_Dataset;30/01/05 16:00;0;NORMAL;;Sem ação necessária.
UCI_Dataset;30/01/05 17:00;1;MODERADO;R02_NO2_MODERADO;Monitorizar evolucão. Sensiveis reduzam atividade ao ar livre.
UCI_Dataset;30/01/05 18:00;1;MODERADO;R02_NO2_MODERADO;Monitorizar evolucão. Sensiveis reduzam atividade ao ar livre.
UCI_Dataset;30/01/05 19:00;1;MODERADO;R02_NO2_MODERADO;Monitorizar evolucão. Sensiveis reduzam atividade ao ar livre.
UCI_Dataset;30/01/05 20:00;1;MODERADO;R02_NO2_MODERADO;Monitorizar evolucão. Sensiveis reduzam atividade ao ar livre.
UCI_Dataset;30/01/05 21:00;1;MODERADO;R02_NO2_MODERADO;Monitorizar evolucão. Sensiveis reduzam atividade ao ar livre.
UCI_Dataset;30/01/05 22:00;1;MODERADO;R02_NO2_MODERADO;Monitorizar evolucão. Sensiveis reduzam atividade ao ar livre.
UCI_Dataset;30/01/05 23:00;1;MODERADO;R02_NO2_MODERADO;Monitorizar evolucão. Sensiveis reduzam atividade ao ar livre.
UCI_Dataset;31/01/05 00:00;1;MODERADO;R02_NO2_MODERADO;Monitorizar evolucão. Sensiveis reduzam atividade ao ar livre.
UCI_Dataset;31/01/05 01:00;1;MODERADO;R02_NO2_MODERADO;Monitorizar evolucão. Sensiveis reduzam atividade ao ar livre.
UCI_Dataset;31/01/05 02:00;0;NORMAL;;Sem ação necessária.
UCI_Dataset;31/01/05 03:00;0;NORMAL;;Sem ação necessária.
UCI_Dataset;31/01/05 04:00;0;NORMAL;;Sem ação necessária.
UCI_Dataset;31/01/05 05:00;0;NORMAL;;Sem ação necessária.
UCI_Dataset;31/01/05 06:00;0;NORMAL;;Sem ação necessária.
UCI_Dataset;31/01/05 07:00;1;MODERADO;R02_NO2_MODERADO;Monitorizar evolucão. Sensiveis reduzam atividade ao ar livre.
UCI_Dataset;31/01/05 08:00;1;MODERADO;R02_NO2_MODERADO;Monitorizar evolucão. Sensiveis reduzam atividade ao ar livre.
UCI_Dataset;31/01/05 09:00;0;NORMAL;;Sem ação necessária.
UCI_Dataset;31/01/05 10:00;1;ALTO;R01_NO2_ALTO;Limitar trafego automovel. Grupos sensiveis evitem exposição prolongada.
UCI_Dataset;31/01/05 11:00;1;ALTO;R01_NO2_ALTO;Limitar trafego automovel. Grupos sensiveis evitem exposição prolongada.
UCI_Dataset;31/01/05 12:00;1;ALTO;R01_NO2_ALTO;Limitar trafego automovel. Grupos sensiveis evitem exposição prolongada.
UCI_Dataset;31/01/05 13:00;1;MODERADO;R02_NO2_MODERADO;Monitorizar evolucão. Sensiveis reduzam atividade ao ar livre.
UCI_Dataset;31/01/05 14:00;1;MODERADO;R02_NO2_MODERADO;Monitorizar evolucão. Sensiveis reduzam atividade ao ar livre.
UCI_Dataset;31/01/05 15:00;1;ALTO;R01_NO2_ALTO;Limitar trafego automovel. Grupos sensiveis evitem exposição prolongada.
UCI_Dataset;31/01/05 16:00;1;ALTO;R01_NO2_ALTO;Limitar trafego automovel. Grupos sensiveis evitem exposição prolongada.
UCI_Dataset;31/01/05 17:00;1;ALTO;R01_NO2_ALTO;Limitar trafego automovel. Grupos sensiveis evitem exposição prolongada.
UCI_Dataset;31/01/05 18:00;1;ALTO;R01_NO2_ALTO;Limitar trafego automovel. Grupos sensiveis evitem exposição prolongada.
UCI_Dataset;31/01/05 19:00;1;ALTO;R01_NO2_ALTO;Limitar trafego automovel. Grupos sensiveis evitem exposição prolongada.
UCI_Dataset;31/01/05 20:00;1;ALTO;R01_NO2_ALTO;Limitar trafego automovel. Grupos sensiveis evitem exposição prolongada.
UCI_Dataset;31/01/05 21:00;1;ALTO;R01_NO2_ALTO;Limitar trafego automovel. Grupos sensiveis evitem exposição prolongada.
UCI_Dataset;31/01/05 22:00;1;ALTO;R01_NO2_ALTO;Limitar trafego automovel. Grupos sensiveis evitem exposição prolongada.
UCI_Dataset;31/01/05 23:00;1;MODERADO;R02_NO2_MODERADO;Monitorizar evolucão. Sensiveis reduzam atividade ao ar livre.
UCI_Dataset;01/02/05 00:00;1;MODERADO;R02_NO2_MODERADO;Monitorizar evolucão. Sensiveis reduzam atividade ao ar livre.
UCI_Dataset;01/02/05 01:00;1;MODERADO;R02_NO2_MODERADO;Monitorizar evolucão. Sensiveis reduzam atividade ao ar livre.
UCI_Dataset;01/02/05 02:00;1;MODERADO;R02_NO2_MODERADO;Monitorizar evolucão. Sensiveis reduzam atividade ao ar livre.
UCI_Dataset;01/02/05 03:00;0;NORMAL;;Sem ação necessária.
UCI_Dataset;01/02/05 04:00;1;MODERADO;R02_NO2_MODERADO;Monitorizar evolucão. Sensiveis reduzam atividade ao ar livre.
UCI_Dataset;01/02/05 05:00;1;MODERADO;R02_NO2_MODERADO;Monitorizar evolucão. Sensiveis reduzam atividade ao ar livre.
UCI_Dataset;01/02/05 06:00;1;MODERADO;R02_NO2_MODERADO;Monitorizar evolucão. Sensiveis reduzam atividade ao ar livre.
UCI_Dataset;01/02/05 07:00;1;MODERADO;R02_NO2_MODERADO;Monitorizar evolucão. Sensiveis reduzam atividade ao ar livre.
UCI_Dataset;01/02/05 08:00;1;MODERADO;R02_NO2_MODERADO;Monitorizar evolucão. Sensiveis reduzam atividade ao ar livre.
UCI_Dataset;01/02/05 09:00;1;MODERADO;R02_NO2_MODERADO;Monitorizar evolucão. Sensiveis reduzam atividade ao ar livre.
UCI_Dataset;01/02/05 10:00;1;MODERADO;R02_NO2_MODERADO;Monitorizar evolucão. Sensiveis reduzam atividade ao ar livre.
UCI_Dataset;01/02/05 11:00;1;ALTO;R01_NO2_ALTO;Limitar trafego automovel. Grupos sensiveis evitem exposição prolongada.
UCI_Dataset;01/02/05 12:00;1;ALTO;R01_NO2_ALTO;Limitar trafego automovel. Grupos sensiveis evitem exposição prolongada.
UCI_Dataset;01/02/05 13:00;1;MODERADO;R02_NO2_MODERADO;Monitorizar evolucão. Sensiveis reduzam atividade ao ar livre.
UCI_Dataset;01/02/05 14:00;1;MODERADO;R02_NO2_MODERADO;Monitorizar evolucão. Sensiveis reduzam atividade ao ar livre.
UCI_Dataset;01/02/05 15:00;1;MODERADO;R02_NO2_MODERADO;Monitorizar evolucão. Sensiveis reduzam atividade ao ar livre.
UCI_Dataset;01/02/05 16:00;1;MODERADO;R02_NO2_MODERADO;Monitorizar evolucão. Sensiveis reduzam atividade ao ar livre.
UCI_Dataset;01/02/05 17:00;1;MODERADO;R02_NO2_MODERADO;Monitorizar evolucão. Sensiveis reduzam atividade ao ar livre.
UCI_Dataset;01/02/05 18:00;1;MODERADO;R02_NO2_MODERADO;Monitorizar evolucão. Sensiveis reduzam atividade ao ar livre.
UCI_Dataset;01/02/05 19:00;1;MODERADO;R02_NO2_MODERADO;Monitorizar evolucão. Sensiveis reduzam atividade ao ar livre.
UCI_Dataset;01/02/05 20:00;1;MODERADO;R02_NO2_MODERADO;Monitorizar evolucão. Sensiveis reduzam atividade ao ar livre.
UCI_Dataset;01/02/05 21:00;1;MODERADO;R02_NO2_MODERADO;Monitorizar evolucão. Sensiveis reduzam atividade ao ar livre.
UCI_Dataset;01/02/05 22:00;1;MODERADO;R02_NO2_MODERADO;Monitorizar evolucão. Sensiveis reduzam atividade ao ar livre.
UCI_Dataset;01/02/05 23:00;1;MODERADO;R02_NO2_MODERADO;Monitorizar evolucão. Sensiveis reduzam atividade ao ar livre.
UCI_Dataset;02/02/05 00:00;1;MODERADO;R02_NO2_MODERADO;Monitorizar evolucão. Sensiveis reduzam atividade ao ar livre.
UCI_Dataset;02/02/05 01:00;1;MODERADO;R02_NO2_MODERADO;Monitorizar evolucão. Sensiveis reduzam atividade ao ar livre.
UCI_Dataset;02/02/05 02:00;1;MODERADO;R02_NO2_MODERADO;Monitorizar evolucão. Sensiveis reduzam atividade ao ar livre.
UCI_Dataset;02/02/05 03:00;0;NORMAL;;Sem ação necessária.
UCI_Dataset;02/02/05 04:00;1;MODERADO;R02_NO2_MODERADO;Monitorizar evolucão. Sensiveis reduzam atividade ao ar livre.
UCI_Dataset;02/02/05 05:00;1;MODERADO;R02_NO2_MODERADO;Monitorizar evolucão. Sensiveis reduzam atividade ao ar livre.
UCI_Dataset;02/02/05 06:00;1;MODERADO;R02_NO2_MODERADO;Monitorizar evolucão. Sensiveis reduzam atividade ao ar livre.
UCI_Dataset;02/02/05 07:00;1;MODERADO;R02_NO2_MODERADO;Monitorizar evolucão. Sensiveis reduzam atividade ao ar livre.
UCI_Dataset;02/02/05 08:00;1;MODERADO;R02_NO2_MODERADO;Monitorizar evolucão. Sensiveis reduzam atividade ao ar livre.
UCI_Dataset;02/02/05 09:00;1;ALTO;R01_NO2_ALTO;Limitar trafego automovel. Grupos sensiveis evitem exposição prolongada.
UCI_Dataset;02/02/05 10:00;1;ALTO;R01_NO2_ALTO;Limitar trafego automovel. Grupos sensiveis evitem exposição prolongada.
UCI_Dataset;02/02/05 11:00;1;ALTO;R01_NO2_ALTO;Limitar trafego automovel. Grupos sensiveis evitem exposição prolongada.
UCI_Dataset;02/02/05 12:00;1;ALTO;R01_NO2_ALTO;Limitar trafego automovel. Grupos sensiveis evitem exposição prolongada.
UCI_Dataset;02/02/05 13:00;1;MODERADO;R02_NO2_MODERADO;Monitorizar evolucão. Sensiveis reduzam atividade ao ar livre.
UCI_Dataset;02/02/05 14:00;1;MODERADO;R02_NO2_MODERADO;Monitorizar evolucão. Sensiveis reduzam atividade ao ar livre.
UCI_Dataset;02/02/05 15:00;1;MODERADO;R02_NO2_MODERADO;Monitorizar evolucão. Sensiveis reduzam atividade ao ar livre.
UCI_Dataset;02/02/05 16:00;1;MODERADO;R02_NO2_MODERADO;Monitorizar evolucão. Sensiveis reduzam atividade ao ar livre.
UCI_Dataset;02/02/05 17:00;1;MODERADO;R02_NO2_MODERADO;Monitorizar evolucão. Sensiveis reduzam atividade ao ar livre.
UCI_Dataset;02/02/05 18:00;1;MODERADO;R02_NO2_MODERADO;Monitorizar evolucão. Sensiveis reduzam atividade ao ar livre.
UCI_Dataset;02/02/05 19:00;1;MODERADO;R02_NO2_MODERADO;Monitorizar evolucão. Sensiveis reduzam atividade ao ar livre.
UCI_Dataset;02/02/05 20:00;1;MODERADO;R02_NO2_MODERADO;Monitorizar evolucão. Sensiveis reduzam atividade ao ar livre.
UCI_Dataset;02/02/05 21:00;1;ALTO;R01_NO2_ALTO;Limitar trafego automovel. Grupos sensiveis evitem exposição prolongada.
UCI_Dataset;02/02/05 22:00;1;MODERADO;R02_NO2_MODERADO;Monitorizar evolucão. Sensiveis reduzam atividade ao ar livre.
UCI_Dataset;02/02/05 23:00;1;MODERADO;R02_NO2_MODERADO;Monitorizar evolucão. Sensiveis reduzam atividade ao ar livre.
UCI_Dataset;03/02/05 00:00;1;MODERADO;R02_NO2_MODERADO;Monitorizar evolucão. Sensiveis reduzam atividade ao ar livre.
UCI_Dataset;03/02/05 01:00;1;MODERADO;R02_NO2_MODERADO;Monitorizar evolucão. Sensiveis reduzam atividade ao ar livre.
UCI_Dataset;03/02/05 02:00;1;MODERADO;R02_NO2_MODERADO;Monitorizar evolucão. Sensiveis reduzam atividade ao ar livre.
UCI_Dataset;03/02/05 03:00;0;NORMAL;;Sem ação necessária.
UCI_Dataset;03/02/05 04:00;0;NORMAL;;Sem ação necessária.
UCI_Dataset;03/02/05 05:00;1;MODERADO;R02_NO2_MODERADO;Monitorizar evolucão. Sensiveis reduzam atividade ao ar livre.
UCI_Dataset;03/02/05 06:00;1;MODERADO;R02_NO2_MODERADO;Monitorizar evolucão. Sensiveis reduzam atividade ao ar livre.
UCI_Dataset;03/02/05 07:00;1;MODERADO;R02_NO2_MODERADO;Monitorizar evolucão. Sensiveis reduzam atividade ao ar livre.
UCI_Dataset;03/02/05 08:00;1;ALTO;R01_NO2_ALTO;Limitar trafego automovel. Grupos sensiveis evitem exposição prolongada.
UCI_Dataset;03/02/05 09:00;1;ALTO;R01_NO2_ALTO;Limitar trafego automovel. Grupos sensiveis evitem exposição prolongada.
UCI_Dataset;03/02/05 10:00;1;ALTO;R01_NO2_ALTO;Limitar trafego automovel. Grupos sensiveis evitem exposição prolongada.
UCI_Dataset;03/02/05 11:00;1;ALTO;R01_NO2_ALTO;Limitar trafego automovel. Grupos sensiveis evitem exposição prolongada.
UCI_Dataset;03/02/05 12:00;1;ALTO;R01_NO2_ALTO;Limitar trafego automovel. Grupos sensiveis evitem exposição prolongada.
UCI_Dataset;03/02/05 13:00;1;ALTO;R01_NO2_ALTO;Limitar trafego automovel. Grupos sensiveis evitem exposição prolongada.
UCI_Dataset;03/02/05 14:00;1;ALTO;R01_NO2_ALTO;Limitar trafego automovel. Grupos sensiveis evitem exposição prolongada.
UCI_Dataset;03/02/05 15:00;1;MODERADO;R02_NO2_MODERADO;Monitorizar evolucão. Sensiveis reduzam atividade ao ar livre.
UCI_Dataset;03/02/05 16:00;1;MODERADO;R02_NO2_MODERADO;Monitorizar evolucão. Sensiveis reduzam atividade ao ar livre.
UCI_Dataset;03/02/05 17:00;1;MODERADO;R02_NO2_MODERADO;Monitorizar evolucão. Sensiveis reduzam atividade ao ar livre.
UCI_Dataset;03/02/05 18:00;1;ALTO;R01_NO2_ALTO;Limitar trafego automovel. Grupos sensiveis evitem exposição prolongada.
UCI_Dataset;03/02/05 19:00;1;ALTO;R01_NO2_ALTO;Limitar trafego automovel. Grupos sensiveis evitem exposição prolongada.
UCI_Dataset;03/02/05 20:00;1;ALTO;R01_NO2_ALTO;Limitar trafego automovel. Grupos sensiveis evitem exposição prolongada.
UCI_Dataset;03/02/05 21:00;1;ALTO;R01_NO2_ALTO;Limitar trafego automovel. Grupos sensiveis evitem exposição prolongada.
UCI_Dataset;03/02/05 22:00;1;ALTO;R01_NO2_ALTO;Limitar trafego automovel. Grupos sensiveis evitem exposição prolongada.
UCI_Dataset;03/02/05 23:00;1;ALTO;R01_NO2_ALTO;Limitar trafego automovel. Grupos sensiveis evitem exposição prolongada.
UCI_Dataset;04/02/05 00:00;1;MODERADO;R02_NO2_MODERADO;Monitorizar evolucão. Sensiveis reduzam atividade ao ar livre.
UCI_Dataset;04/02/05 01:00;1;MODERADO;R02_NO2_MODERADO;Monitorizar evolucão. Sensiveis reduzam atividade ao ar livre.
UCI_Dataset;04/02/05 02:00;1;MODERADO;R02_NO2_MODERADO;Monitorizar evolucão. Sensiveis reduzam atividade ao ar livre.
UCI_Dataset;04/02/05 03:00;0;NORMAL;;Sem ação necessária.
UCI_Dataset;04/02/05 04:00;1;MODERADO;R02_NO2_MODERADO;Monitorizar evolucão. Sensiveis reduzam atividade ao ar livre.
UCI_Dataset;04/02/05 05:00;0;NORMAL;;Sem ação necessária.
UCI_Dataset;04/02/05 06:00;1;MODERADO;R02_NO2_MODERADO;Monitorizar evolucão. Sensiveis reduzam atividade ao ar livre.
UCI_Dataset;04/02/05 07:00;1;MODERADO;R02_NO2_MODERADO;Monitorizar evolucão. Sensiveis reduzam atividade ao ar livre.
UCI_Dataset;04/02/05 08:00;1;ALTO;R01_NO2_ALTO;Limitar trafego automovel. Grupos sensiveis evitem exposição prolongada.
UCI_Dataset;04/02/05 09:00;1;ALTO;R01_NO2_ALTO;Limitar trafego automovel. Grupos sensiveis evitem exposição prolongada.
UCI_Dataset;04/02/05 10:00;1;ALTO;R01_NO2_ALTO;Limitar trafego automovel. Grupos sensiveis evitem exposição prolongada.
UCI_Dataset;04/02/05 11:00;1;ALTO;R01_NO2_ALTO;Limitar trafego automovel. Grupos sensiveis evitem exposição prolongada.
UCI_Dataset;04/02/05 12:00;1;MODERADO;R02_NO2_MODERADO;Monitorizar evolucão. Sensiveis reduzam atividade ao ar livre.
UCI_Dataset;04/02/05 13:00;1;MODERADO;R02_NO2_MODERADO;Monitorizar evolucão. Sensiveis reduzam atividade ao ar livre.
UCI_Dataset;04/02/05 14:00;1;MODERADO;R02_NO2_MODERADO;Monitorizar evolucão. Sensiveis reduzam atividade ao ar livre.
UCI_Dataset;04/02/05 15:00;1;MODERADO;R02_NO2_MODERADO;Monitorizar evolucão. Sensiveis reduzam atividade ao ar livre.
UCI_Dataset;04/02/05 16:00;1;MODERADO;R02_NO2_MODERADO;Monitorizar evolucão. Sensiveis reduzam atividade ao ar livre.
UCI_Dataset;04/02/05 17:00;1;MODERADO;R02_NO2_MODERADO;Monitorizar evolucão. Sensiveis reduzam atividade ao ar livre.
UCI_Dataset;04/02/05 18:00;1;MODERADO;R02_NO2_MODERADO;Monitorizar evolucão. Sensiveis reduzam atividade ao ar livre.
UCI_Dataset;04/02/05 19:00;1;ALTO;R01_NO2_ALTO;Limitar trafego automovel. Grupos sensiveis evitem exposição prolongada.
UCI_Dataset;04/02/05 20:00;1;ALTO;R01_NO2_ALTO;Limitar trafego automovel. Grupos sensiveis evitem exposição prolongada.
UCI_Dataset;04/02/05 21:00;1;ALTO;R01_NO2_ALTO;Limitar trafego automovel. Grupos sensiveis evitem exposição prolongada.
UCI_Dataset;04/02/05 22:00;1;MODERADO;R02_NO2_MODERADO;Monitorizar evolucão. Sensiveis reduzam atividade ao ar livre.
UCI_Dataset;04/02/05 23:00;1;MODERADO;R02_NO2_MODERADO;Monitorizar evolucão. Sensiveis reduzam atividade ao ar livre.
UCI_Dataset;05/02/05 00:00;1;MODERADO;R02_NO2_MODERADO;Monitorizar evolucão. Sensiveis reduzam atividade ao ar livre.
UCI_Dataset;05/02/05 01:00;1;MODERADO;R02_NO2_MODERADO;Monitorizar evolucão. Sensiveis reduzam atividade ao ar livre.
UCI_Dataset;05/02/05 02:00;1;MODERADO;R02_NO2_MODERADO;Monitorizar evolucão. Sensiveis reduzam atividade ao ar livre.
UCI_Dataset;05/02/05 03:00;0;NORMAL;;Sem ação necessária.
UCI_Dataset;05/02/05 04:00;1;MODERADO;R02_NO2_MODERADO;Monitorizar evolucão. Sensiveis reduzam atividade ao ar livre.
UCI_Dataset;05/02/05 05:00;1;MODERADO;R02_NO2_MODERADO;Monitorizar evolucão. Sensiveis reduzam atividade ao ar livre.
UCI_Dataset;05/02/05 06:00;1;MODERADO;R02_NO2_MODERADO;Monitorizar evolucão. Sensiveis reduzam atividade ao ar livre.
UCI_Dataset;05/02/05 07:00;1;ALTO;R01_NO2_ALTO;Limitar trafego automovel. Grupos sensiveis evitem exposição prolongada.
UCI_Dataset;05/02/05 08:00;1;ALTO;R01_NO2_ALTO;Limitar trafego automovel. Grupos sensiveis evitem exposição prolongada.
UCI_Dataset;05/02/05 09:00;1;ALTO;R01_NO2_ALTO;Limitar trafego automovel. Grupos sensiveis evitem exposição prolongada.
UCI_Dataset;05/02/05 10:00;1;ALTO;R01_NO2_ALTO;Limitar trafego automovel. Grupos sensiveis evitem exposição prolongada.
UCI_Dataset;05/02/05 11:00;1;MODERADO;R02_NO2_MODERADO;Monitorizar evolucão. Sensiveis reduzam atividade ao ar livre.
UCI_Dataset;05/02/05 12:00;1;MODERADO;R02_NO2_MODERADO;Monitorizar evolucão. Sensiveis reduzam atividade ao ar livre.
UCI_Dataset;05/02/05 13:00;1;MODERADO;R02_NO2_MODERADO;Monitorizar evolucão. Sensiveis reduzam atividade ao ar livre.
UCI_Dataset;05/02/05 14:00;1;MODERADO;R02_NO2_MODERADO;Monitorizar evolucão. Sensiveis reduzam atividade ao ar livre.
UCI_Dataset;05/02/05 15:00;1;MODERADO;R02_NO2_MODERADO;Monitorizar evolucão. Sensiveis reduzam atividade ao ar livre.
UCI_Dataset;05/02/05 16:00;1;MODERADO;R02_NO2_MODERADO;Monitorizar evolucão. Sensiveis reduzam atividade ao ar livre.
UCI_Dataset;05/02/05 17:00;1;MODERADO;R02_NO2_MODERADO;Monitorizar evolucão. Sensiveis reduzam atividade ao ar livre.
UCI_Dataset;05/02/05 18:00;1;MODERADO;R02_NO2_MODERADO;Monitorizar evolucão. Sensiveis reduzam atividade ao ar livre.
UCI_Dataset;05/02/05 19:00;1;MODERADO;R02_NO2_MODERADO;Monitorizar evolucão. Sensiveis reduzam atividade ao ar livre.
UCI_Dataset;05/02/05 20:00;1;MODERADO;R02_NO2_MODERADO;Monitorizar evolucão. Sensiveis reduzam atividade ao ar livre.
UCI_Dataset;05/02/05 21:00;1;MODERADO;R02_NO2_MODERADO;Monitorizar evolucão. Sensiveis reduzam atividade ao ar livre.
UCI_Dataset;05/02/05 22:00;1;MODERADO;R02_NO2_MODERADO;Monitorizar evolucão. Sensiveis reduzam atividade ao ar livre.
UCI_Dataset;05/02/05 23:00;1;MODERADO;R02_NO2_MODERADO;Monitorizar evolucão. Sensiveis reduzam atividade ao ar livre.
UCI_Dataset;06/02/05 00:00;1;MODERADO;R02_NO2_MODERADO;Monitorizar evolucão. Sensiveis reduzam atividade ao ar livre.
UCI_Dataset;06/02/05 01:00;1;MODERADO;R02_NO2_MODERADO;Monitorizar evolucão. Sensiveis reduzam atividade ao ar livre.
UCI_Dataset;06/02/05 02:00;1;MODERADO;R02_NO2_MODERADO;Monitorizar evolucão. Sensiveis reduzam atividade ao ar livre.
UCI_Dataset;06/02/05 03:00;0;NORMAL;;Sem ação necessária.
UCI_Dataset;06/02/05 04:00;1;MODERADO;R02_NO2_MODERADO;Monitorizar evolucão. Sensiveis reduzam atividade ao ar livre.
UCI_Dataset;06/02/05 05:00;0;NORMAL;;Sem ação necessária.
UCI_Dataset;06/02/05 06:00;0;NORMAL;;Sem ação necessária.
UCI_Dataset;06/02/05 07:00;0;NORMAL;;Sem ação necessária.
UCI_Dataset;06/02/05 08:00;0;NORMAL;;Sem ação necessária.
UCI_Dataset;06/02/05 09:00;1;MODERADO;R02_NO2_MODERADO;Monitorizar evolucão. Sensiveis reduzam atividade ao ar livre.
UCI_Dataset;06/02/05 10:00;1;MODERADO;R02_NO2_MODERADO;Monitorizar evolucão. Sensiveis reduzam atividade ao ar livre.
UCI_Dataset;06/02/05 11:00;1;ALTO;R01_NO2_ALTO;Limitar trafego automovel. Grupos sensiveis evitem exposição prolongada.
UCI_Dataset;06/02/05 12:00;1;MODERADO;R02_NO2_MODERADO;Monitorizar evolucão. Sensiveis reduzam atividade ao ar livre.
UCI_Dataset;06/02/05 13:00;1;MODERADO;R02_NO2_MODERADO;Monitorizar evolucão. Sensiveis reduzam atividade ao ar livre.
UCI_Dataset;06/02/05 14:00;1;MODERADO;R02_NO2_MODERADO;Monitorizar evolucão. Sensiveis reduzam atividade ao ar livre.
UCI_Dataset;06/02/05 15:00;0;NORMAL;;Sem ação necessária.
UCI_Dataset;06/02/05 16:00;1;MODERADO;R02_NO2_MODERADO;Monitorizar evolucão. Sensiveis reduzam atividade ao ar livre.
UCI_Dataset;06/02/05 17:00;1;MODERADO;R02_NO2_MODERADO;Monitorizar evolucão. Sensiveis reduzam atividade ao ar livre.
UCI_Dataset;06/02/05 18:00;1;MODERADO;R02_NO2_MODERADO;Monitorizar evolucão. Sensiveis reduzam atividade ao ar livre.
UCI_Dataset;06/02/05 19:00;1;MODERADO;R02_NO2_MODERADO;Monitorizar evolucão. Sensiveis reduzam atividade ao ar livre.
UCI_Dataset;06/02/05 20:00;1;MODERADO;R02_NO2_MODERADO;Monitorizar evolucão. Sensiveis reduzam atividade ao ar livre.
UCI_Dataset;06/02/05 21:00;1;MODERADO;R02_NO2_MODERADO;Monitorizar evolucão. Sensiveis reduzam atividade ao ar livre.
UCI_Dataset;06/02/05 22:00;1;MODERADO;R02_NO2_MODERADO;Monitorizar evolucão. Sensiveis reduzam atividade ao ar livre.
UCI_Dataset;06/02/05 23:00;1;MODERADO;R02_NO2_MODERADO;Monitorizar evolucão. Sensiveis reduzam atividade ao ar livre.
UCI_Dataset;07/02/05 00:00;1;MODERADO;R02_NO2_MODERADO;Monitorizar evolucão. Sensiveis reduzam atividade ao ar livre.
UCI_Dataset;07/02/05 01:00;0;NORMAL;;Sem ação necessária.
UCI_Dataset;07/02/05 02:00;0;NORMAL;;Sem ação necessária.
UCI_Dataset;07/02/05 03:00;0;NORMAL;;Sem ação necessária.
UCI_Dataset;07/02/05 04:00;0;NORMAL;;Sem ação necessária.
UCI_Dataset;07/02/05 05:00;0;NORMAL;;Sem ação necessária.
UCI_Dataset;07/02/05 06:00;0;NORMAL;;Sem ação necessária.
UCI_Dataset;07/02/05 07:00;1;MODERADO;R02_NO2_MODERADO;Monitorizar evolucão. Sensiveis reduzam atividade ao ar livre.
UCI_Dataset;07/02/05 08:00;1;ALTO;R01_NO2_ALTO;Limitar trafego automovel. Grupos sensiveis evitem exposição prolongada.
UCI_Dataset;07/02/05 09:00;1;ALTO;R01_NO2_ALTO;Limitar trafego automovel. Grupos sensiveis evitem exposição prolongada.
UCI_Dataset;07/02/05 10:00;1;ALTO;R01_NO2_ALTO;Limitar trafego automovel. Grupos sensiveis evitem exposição prolongada.
UCI_Dataset;07/02/05 11:00;1;MODERADO;R02_NO2_MODERADO;Monitorizar evolucão. Sensiveis reduzam atividade ao ar livre.
UCI_Dataset;07/02/05 12:00;1;MODERADO;R02_NO2_MODERADO;Monitorizar evolucão. Sensiveis reduzam atividade ao ar livre.
UCI_Dataset;07/02/05 13:00;1;MODERADO;R02_NO2_MODERADO;Monitorizar evolucão. Sensiveis reduzam atividade ao ar livre.
UCI_Dataset;07/02/05 14:00;1;MODERADO;R02_NO2_MODERADO;Monitorizar evolucão. Sensiveis reduzam atividade ao ar livre.
UCI_Dataset;07/02/05 15:00;1;MODERADO;R02_NO2_MODERADO;Monitorizar evolucão. Sensiveis reduzam atividade ao ar livre.
UCI_Dataset;07/02/05 16:00;1;MODERADO;R02_NO2_MODERADO;Monitorizar evolucão. Sensiveis reduzam atividade ao ar livre.
UCI_Dataset;07/02/05 17:00;1;MODERADO;R02_NO2_MODERADO;Monitorizar evolucão. Sensiveis reduzam atividade ao ar livre.
UCI_Dataset;07/02/05 18:00;1;MODERADO;R02_NO2_MODERADO;Monitorizar evolucão. Sensiveis reduzam atividade ao ar livre.
UCI_Dataset;07/02/05 19:00;1;ALTO;R01_NO2_ALTO;Limitar trafego automovel. Grupos sensiveis evitem exposição prolongada.
UCI_Dataset;07/02/05 20:00;1;MODERADO;R02_NO2_MODERADO;Monitorizar evolucão. Sensiveis reduzam atividade ao ar livre.
UCI_Dataset;07/02/05 21:00;1;MODERADO;R02_NO2_MODERADO;Monitorizar evolucão. Sensiveis reduzam atividade ao ar livre.
UCI_Dataset;07/02/05 22:00;1;MODERADO;R02_NO2_MODERADO;Monitorizar evolucão. Sensiveis reduzam atividade ao ar livre.
UCI_Dataset;07/02/05 23:00;0;NORMAL;;Sem ação necessária.
UCI_Dataset;08/02/05 00:00;0;NORMAL;;Sem ação necessária.
UCI_Dataset;08/02/05 01:00;0;NORMAL;;Sem ação necessária.
UCI_Dataset;08/02/05 02:00;0;NORMAL;;Sem ação necessária.
UCI_Dataset;08/02/05 03:00;0;NORMAL;;Sem ação necessária.
UCI_Dataset;08/02/05 04:00;0;NORMAL;;Sem ação necessária.
UCI_Dataset;08/02/05 05:00;0;NORMAL;;Sem ação necessária.
UCI_Dataset;08/02/05 06:00;0;NORMAL;;Sem ação necessária.
UCI_Dataset;08/02/05 07:00;1;MODERADO;R02_NO2_MODERADO;Monitorizar evolucão. Sensiveis reduzam atividade ao ar livre.
UCI_Dataset;08/02/05 08:00;1;ALTO;R01_NO2_ALTO;Limitar trafego automovel. Grupos sensiveis evitem exposição prolongada.
UCI_Dataset;08/02/05 09:00;1;ALTO;R01_NO2_ALTO;Limitar trafego automovel. Grupos sensiveis evitem exposição prolongada.
UCI_Dataset;08/02/05 10:00;1;ALTO;R01_NO2_ALTO;Limitar trafego automovel. Grupos sensiveis evitem exposição prolongada.
UCI_Dataset;08/02/05 11:00;1;MODERADO;R02_NO2_MODERADO;Monitorizar evolucão. Sensiveis reduzam atividade ao ar livre.
UCI_Dataset;08/02/05 12:00;1;MODERADO;R02_NO2_MODERADO;Monitorizar evolucão. Sensiveis reduzam atividade ao ar livre.
UCI_Dataset;08/02/05 13:00;1;MODERADO;R02_NO2_MODERADO;Monitorizar evolucão. Sensiveis reduzam atividade ao ar livre.
UCI_Dataset;08/02/05 14:00;1;MODERADO;R02_NO2_MODERADO;Monitorizar evolucão. Sensiveis reduzam atividade ao ar livre.
UCI_Dataset;08/02/05 15:00;1;MODERADO;R02_NO2_MODERADO;Monitorizar evolucão. Sensiveis reduzam atividade ao ar livre.
UCI_Dataset;08/02/05 16:00;1;MODERADO;R02_NO2_MODERADO;Monitorizar evolucão. Sensiveis reduzam atividade ao ar livre.
UCI_Dataset;08/02/05 17:00;1;MODERADO;R02_NO2_MODERADO;Monitorizar evolucão. Sensiveis reduzam atividade ao ar livre.
UCI_Dataset;08/02/05 18:00;1;MODERADO;R02_NO2_MODERADO;Monitorizar evolucão. Sensiveis reduzam atividade ao ar livre.
UCI_Dataset;08/02/05 19:00;1;ALTO;R01_NO2_ALTO;Limitar trafego automovel. Grupos sensiveis evitem exposição prolongada.
UCI_Dataset;08/02/05 20:00;1;MODERADO;R02_NO2_MODERADO;Monitorizar evolucão. Sensiveis reduzam atividade ao ar livre.
UCI_Dataset;08/02/05 21:00;1;MODERADO;R02_NO2_MODERADO;Monitorizar evolucão. Sensiveis reduzam atividade ao ar livre.
UCI_Dataset;08/02/05 22:00;1;MODERADO;R02_NO2_MODERADO;Monitorizar evolucão. Sensiveis reduzam atividade ao ar livre.
UCI_Dataset;08/02/05 23:00;1;MODERADO;R02_NO2_MODERADO;Monitorizar evolucão. Sensiveis reduzam atividade ao ar livre.
UCI_Dataset;09/02/05 00:00;0;NORMAL;;Sem ação necessária.
UCI_Dataset;09/02/05 01:00;1;MODERADO;R02_NO2_MODERADO;Monitorizar evolucão. Sensiveis reduzam atividade ao ar livre.
UCI_Dataset;09/02/05 02:00;0;NORMAL;;Sem ação necessária.
UCI_Dataset;09/02/05 03:00;0;NORMAL;;Sem ação necessária.
UCI_Dataset;09/02/05 04:00;0;NORMAL;;Sem ação necessária.
UCI_Dataset;09/02/05 05:00;0;NORMAL;;Sem ação necessária.
UCI_Dataset;09/02/05 06:00;1;MODERADO;R02_NO2_MODERADO;Monitorizar evolucão. Sensiveis reduzam atividade ao ar livre.
UCI_Dataset;09/02/05 07:00;1;MODERADO;R02_NO2_MODERADO;Monitorizar evolucão. Sensiveis reduzam atividade ao ar livre.
UCI_Dataset;09/02/05 08:00;1;ALTO;R01_NO2_ALTO;Limitar trafego automovel. Grupos sensiveis evitem exposição prolongada.
UCI_Dataset;09/02/05 09:00;1;ALTO;R01_NO2_ALTO;Limitar trafego automovel. Grupos sensiveis evitem exposição prolongada.
UCI_Dataset;09/02/05 10:00;1;ALTO;R01_NO2_ALTO;Limitar trafego automovel. Grupos sensiveis evitem exposição prolongada.
UCI_Dataset;09/02/05 11:00;1;MODERADO;R02_NO2_MODERADO;Monitorizar evolucão. Sensiveis reduzam atividade ao ar livre.
UCI_Dataset;09/02/05 12:00;1;MODERADO;R02_NO2_MODERADO;Monitorizar evolucão. Sensiveis reduzam atividade ao ar livre.
UCI_Dataset;09/02/05 13:00;1;MODERADO;R02_NO2_MODERADO;Monitorizar evolucão. Sensiveis reduzam atividade ao ar livre.
UCI_Dataset;09/02/05 14:00;1;MODERADO;R02_NO2_MODERADO;Monitorizar evolucão. Sensiveis reduzam atividade ao ar livre.
UCI_Dataset;09/02/05 15:00;1;MODERADO;R02_NO2_MODERADO;Monitorizar evolucão. Sensiveis reduzam atividade ao ar livre.
UCI_Dataset;09/02/05 16:00;1;MODERADO;R02_NO2_MODERADO;Monitorizar evolucão. Sensiveis reduzam atividade ao ar livre.
UCI_Dataset;09/02/05 17:00;1;MODERADO;R02_NO2_MODERADO;Monitorizar evolucão. Sensiveis reduzam atividade ao ar livre.
UCI_Dataset;09/02/05 18:00;1;ALTO;R01_NO2_ALTO;Limitar trafego automovel. Grupos sensiveis evitem exposição prolongada.
UCI_Dataset;09/02/05 19:00;1;ALTO;R01_NO2_ALTO;Limitar trafego automovel. Grupos sensiveis evitem exposição prolongada.
UCI_Dataset;09/02/05 20:00;1;ALTO;R01_NO2_ALTO;Limitar trafego automovel. Grupos sensiveis evitem exposição prolongada.
UCI_Dataset;09/02/05 21:00;1;MODERADO;R02_NO2_MODERADO;Monitorizar evolucão. Sensiveis reduzam atividade ao ar livre.
UCI_Dataset;09/02/05 22:00;1;MODERADO;R02_NO2_MODERADO;Monitorizar evolucão. Sensiveis reduzam atividade ao ar livre.
UCI_Dataset;09/02/05 23:00;1;MODERADO;R02_NO2_MODERADO;Monitorizar evolucão. Sensiveis reduzam atividade ao ar livre.
UCI_Dataset;10/02/05 00:00;1;MODERADO;R02_NO2_MODERADO;Monitorizar evolucão. Sensiveis reduzam atividade ao ar livre.
UCI_Dataset;10/02/05 01:00;1;MODERADO;R02_NO2_MODERADO;Monitorizar evolucão. Sensiveis reduzam atividade ao ar livre.
UCI_Dataset;10/02/05 02:00;0;NORMAL;;Sem ação necessária.
UCI_Dataset;10/02/05 03:00;0;NORMAL;;Sem ação necessária.
UCI_Dataset;10/02/05 04:00;0;NORMAL;;Sem ação necessária.
UCI_Dataset;10/02/05 05:00;0;NORMAL;;Sem ação necessária.
UCI_Dataset;10/02/05 06:00;1;MODERADO;R02_NO2_MODERADO;Monitorizar evolucão. Sensiveis reduzam atividade ao ar livre.
UCI_Dataset;10/02/05 07:00;1;MODERADO;R02_NO2_MODERADO;Monitorizar evolucão. Sensiveis reduzam atividade ao ar livre.
UCI_Dataset;10/02/05 08:00;1;ALTO;R01_NO2_ALTO;Limitar trafego automovel. Grupos sensiveis evitem exposição prolongada.
UCI_Dataset;10/02/05 09:00;1;ALTO;R01_NO2_ALTO;Limitar trafego automovel. Grupos sensiveis evitem exposição prolongada.
UCI_Dataset;10/02/05 10:00;1;ALTO;R01_NO2_ALTO;Limitar trafego automovel. Grupos sensiveis evitem exposição prolongada.
UCI_Dataset;10/02/05 11:00;1;ALTO;R01_NO2_ALTO;Limitar trafego automovel. Grupos sensiveis evitem exposição prolongada.
UCI_Dataset;10/02/05 12:00;1;MODERADO;R02_NO2_MODERADO;Monitorizar evolucão. Sensiveis reduzam atividade ao ar livre.
UCI_Dataset;10/02/05 13:00;1;MODERADO;R02_NO2_MODERADO;Monitorizar evolucão. Sensiveis reduzam atividade ao ar livre.
UCI_Dataset;10/02/05 14:00;1;MODERADO;R02_NO2_MODERADO;Monitorizar evolucão. Sensiveis reduzam atividade ao ar livre.
UCI_Dataset;10/02/05 15:00;1;MODERADO;R02_NO2_MODERADO;Monitorizar evolucão. Sensiveis reduzam atividade ao ar livre.
UCI_Dataset;10/02/05 16:00;1;MODERADO;R02_NO2_MODERADO;Monitorizar evolucão. Sensiveis reduzam atividade ao ar livre.
UCI_Dataset;10/02/05 17:00;1;MODERADO;R02_NO2_MODERADO;Monitorizar evolucão. Sensiveis reduzam atividade ao ar livre.
UCI_Dataset;10/02/05 18:00;1;ALTO;R01_NO2_ALTO;Limitar trafego automovel. Grupos sensiveis evitem exposição prolongada.
UCI_Dataset;10/02/05 19:00;1;ALTO;R01_NO2_ALTO;Limitar trafego automovel. Grupos sensiveis evitem exposição prolongada.
UCI_Dataset;10/02/05 20:00;1;ALTO;R01_NO2_ALTO;Limitar trafego automovel. Grupos sensiveis evitem exposição prolongada.
UCI_Dataset;10/02/05 21:00;1;ALTO;R01_NO2_ALTO;Limitar trafego automovel. Grupos sensiveis evitem exposição prolongada.
UCI_Dataset;10/02/05 22:00;1;MODERADO;R02_NO2_MODERADO;Monitorizar evolucão. Sensiveis reduzam atividade ao ar livre.
UCI_Dataset;10/02/05 23:00;1;MODERADO;R02_NO2_MODERADO;Monitorizar evolucão. Sensiveis reduzam atividade ao ar livre.
UCI_Dataset;11/02/05 00:00;1;MODERADO;R02_NO2_MODERADO;Monitorizar evolucão. Sensiveis reduzam atividade ao ar livre.
UCI_Dataset;11/02/05 01:00;1;MODERADO;R02_NO2_MODERADO;Monitorizar evolucão. Sensiveis reduzam atividade ao ar livre.
UCI_Dataset;11/02/05 02:00;1;MODERADO;R02_NO2_MODERADO;Monitorizar evolucão. Sensiveis reduzam atividade ao ar livre.
UCI_Dataset;11/02/05 03:00;0;NORMAL;;Sem ação necessária.
UCI_Dataset;11/02/05 04:00;0;NORMAL;;Sem ação necessária.
UCI_Dataset;11/02/05 05:00;0;NORMAL;;Sem ação necessária.
UCI_Dataset;11/02/05 06:00;1;MODERADO;R02_NO2_MODERADO;Monitorizar evolucão. Sensiveis reduzam atividade ao ar livre.
UCI_Dataset;11/02/05 07:00;1;MODERADO;R02_NO2_MODERADO;Monitorizar evolucão. Sensiveis reduzam atividade ao ar livre.
UCI_Dataset;11/02/05 08:00;1;ALTO;R01_NO2_ALTO;Limitar trafego automovel. Grupos sensiveis evitem exposição prolongada.
UCI_Dataset;11/02/05 09:00;1;ALTO;R01_NO2_ALTO;Limitar trafego automovel. Grupos sensiveis evitem exposição prolongada.
UCI_Dataset;11/02/05 10:00;1;ALTO;R01_NO2_ALTO;Limitar trafego automovel. Grupos sensiveis evitem exposição prolongada.
UCI_Dataset;11/02/05 11:00;1;ALTO;R01_NO2_ALTO;Limitar trafego automovel. Grupos sensiveis evitem exposição prolongada.
UCI_Dataset;11/02/05 12:00;1;ALTO;R01_NO2_ALTO;Limitar trafego automovel. Grupos sensiveis evitem exposição prolongada.
UCI_Dataset;11/02/05 13:00;1;ALTO;R01_NO2_ALTO;Limitar trafego automovel. Grupos sensiveis evitem exposição prolongada.
UCI_Dataset;11/02/05 14:00;1;ALTO;R01_NO2_ALTO;Limitar trafego automovel. Grupos sensiveis evitem exposição prolongada.
UCI_Dataset;11/02/05 15:00;1;ALTO;R01_NO2_ALTO;Limitar trafego automovel. Grupos sensiveis evitem exposição prolongada.
UCI_Dataset;11/02/05 16:00;1;ALTO;R01_NO2_ALTO;Limitar trafego automovel. Grupos sensiveis evitem exposição prolongada.
UCI_Dataset;11/02/05 17:00;1;ALTO;R01_NO2_ALTO;Limitar trafego automovel. Grupos sensiveis evitem exposição prolongada.
UCI_Dataset;11/02/05 18:00;1;ALTO;R01_NO2_ALTO;Limitar trafego automovel. Grupos sensiveis evitem exposição prolongada.
UCI_Dataset;11/02/05 19:00;1;ALTO;R01_NO2_ALTO;Limitar trafego automovel. Grupos sensiveis evitem exposição prolongada.
UCI_Dataset;11/02/05 20:00;1;ALTO;R01_NO2_ALTO;Limitar trafego automovel. Grupos sensiveis evitem exposição prolongada.
UCI_Dataset;11/02/05 21:00;1;ALTO;R01_NO2_ALTO;Limitar trafego automovel. Grupos sensiveis evitem exposição prolongada.
UCI_Dataset;11/02/05 22:00;1;ALTO;R01_NO2_ALTO;Limitar trafego automovel. Grupos sensiveis evitem exposição prolongada.
UCI_Dataset;11/02/05 23:00;1;MODERADO;R02_NO2_MODERADO;Monitorizar evolucão. Sensiveis reduzam atividade ao ar livre.
UCI_Dataset;12/02/05 00:00;1;ALTO;R01_NO2_ALTO;Limitar trafego automovel. Grupos sensiveis evitem exposição prolongada.
UCI_Dataset;12/02/05 01:00;1;ALTO;R01_NO2_ALTO;Limitar trafego automovel. Grupos sensiveis evitem exposição prolongada.
UCI_Dataset;12/02/05 02:00;1;ALTO;R01_NO2_ALTO;Limitar trafego automovel. Grupos sensiveis evitem exposição prolongada.
UCI_Dataset;12/02/05 03:00;0;NORMAL;;Sem ação necessária.
UCI_Dataset;12/02/05 04:00;1;MODERADO;R02_NO2_MODERADO;Monitorizar evolucão. Sensiveis reduzam atividade ao ar livre.
UCI_Dataset;12/02/05 05:00;1;MODERADO;R02_NO2_MODERADO;Monitorizar evolucão. Sensiveis reduzam atividade ao ar livre.
UCI_Dataset;12/02/05 06:00;1;MODERADO;R02_NO2_MODERADO;Monitorizar evolucão. Sensiveis reduzam atividade ao ar livre.
UCI_Dataset;12/02/05 07:00;1;MODERADO;R02_NO2_MODERADO;Monitorizar evolucão. Sensiveis reduzam atividade ao ar livre.
UCI_Dataset;12/02/05 08:00;1;ALTO;R01_NO2_ALTO;Limitar trafego automovel. Grupos sensiveis evitem exposição prolongada.
UCI_Dataset;12/02/05 09:00;1;ALTO;R01_NO2_ALTO;Limitar trafego automovel. Grupos sensiveis evitem exposição prolongada.
UCI_Dataset;12/02/05 10:00;1;ALTO;R01_NO2_ALTO;Limitar trafego automovel. Grupos sensiveis evitem exposição prolongada.
UCI_Dataset;12/02/05 11:00;1;ALTO;R01_NO2_ALTO;Limitar trafego automovel. Grupos sensiveis evitem exposição prolongada.
UCI_Dataset;12/02/05 12:00;1;ALTO;R01_NO2_ALTO;Limitar trafego automovel. Grupos sensiveis evitem exposição prolongada.
UCI_Dataset;12/02/05 13:00;1;ALTO;R01_NO2_ALTO;Limitar trafego automovel. Grupos sensiveis evitem exposição prolongada.
UCI_Dataset;12/02/05 14:00;1;ALTO;R01_NO2_ALTO;Limitar trafego automovel. Grupos sensiveis evitem exposição prolongada.
UCI_Dataset;12/02/05 15:00;1;ALTO;R01_NO2_ALTO;Limitar trafego automovel. Grupos sensiveis evitem exposição prolongada.
UCI_Dataset;12/02/05 16:00;1;ALTO;R01_NO2_ALTO;Limitar trafego automovel. Grupos sensiveis evitem exposição prolongada.
UCI_Dataset;12/02/05 17:00;1;ALTO;R01_NO2_ALTO;Limitar trafego automovel. Grupos sensiveis evitem exposição prolongada.
UCI_Dataset;12/02/05 18:00;1;ALTO;R01_NO2_ALTO;Limitar trafego automovel. Grupos sensiveis evitem exposição prolongada.
UCI_Dataset;12/02/05 19:00;1;ALTO;R01_NO2_ALTO;Limitar trafego automovel. Grupos sensiveis evitem exposição prolongada.
UCI_Dataset;12/02/05 20:00;1;ALTO;R01_NO2_ALTO;Limitar trafego automovel. Grupos sensiveis evitem exposição prolongada.
UCI_Dataset;12/02/05 21:00;1;ALTO;R01_NO2_ALTO;Limitar trafego automovel. Grupos sensiveis evitem exposição prolongada.
UCI_Dataset;12/02/05 22:00;1;ALTO;R01_NO2_ALTO;Limitar trafego automovel. Grupos sensiveis evitem exposição prolongada.
UCI_Dataset;12/02/05 23:00;1;ALTO;R01_NO2_ALTO;Limitar trafego automovel. Grupos sensiveis evitem exposição prolongada.
UCI_Dataset;13/02/05 00:00;1;ALTO;R01_NO2_ALTO;Limitar trafego automovel. Grupos sensiveis evitem exposição prolongada.
UCI_Dataset;13/02/05 01:00;1;ALTO;R01_NO2_ALTO;Limitar trafego automovel. Grupos sensiveis evitem exposição prolongada.
UCI_Dataset;13/02/05 02:00;1;MODERADO;R02_NO2_MODERADO;Monitorizar evolucão. Sensiveis reduzam atividade ao ar livre.
UCI_Dataset;13/02/05 03:00;0;NORMAL;;Sem ação necessária.
UCI_Dataset;13/02/05 04:00;1;MODERADO;R02_NO2_MODERADO;Monitorizar evolucão. Sensiveis reduzam atividade ao ar livre.
UCI_Dataset;13/02/05 05:00;2;ALTO;R12_QUALIDADE_AR_PESSIMA, R02_NO2_MODERADO;Qualidade do ar muito degradada agravada por humidade alta. Grupos de risco evitem saídas.
UCI_Dataset;13/02/05 06:00;2;ALTO;R12_QUALIDADE_AR_PESSIMA, R02_NO2_MODERADO;Qualidade do ar muito degradada agravada por humidade alta. Grupos de risco evitem saídas.
UCI_Dataset;13/02/05 07:00;1;MODERADO;R02_NO2_MODERADO;Monitorizar evolucão. Sensiveis reduzam atividade ao ar livre.
UCI_Dataset;13/02/05 08:00;1;MODERADO;R02_NO2_MODERADO;Monitorizar evolucão. Sensiveis reduzam atividade ao ar livre.
UCI_Dataset;13/02/05 09:00;2;ALTO;R12_QUALIDADE_AR_PESSIMA, R02_NO2_MODERADO;Qualidade do ar muito degradada agravada por humidade alta. Grupos de risco evitem saídas.
UCI_Dataset;13/02/05 10:00;1;MODERADO;R02_NO2_MODERADO;Monitorizar evolucão. Sensiveis reduzam atividade ao ar livre.
UCI_Dataset;13/02/05 11:00;1;MODERADO;R02_NO2_MODERADO;Monitorizar evolucão. Sensiveis reduzam atividade ao ar livre.
UCI_Dataset;13/02/05 12:00;1;MODERADO;R02_NO2_MODERADO;Monitorizar evolucão. Sensiveis reduzam atividade ao ar livre.
UCI_Dataset;13/02/05 13:00;1;MODERADO;R02_NO2_MODERADO;Monitorizar evolucão. Sensiveis reduzam atividade ao ar livre.
UCI_Dataset;13/02/05 14:00;0;NORMAL;;Sem ação necessária.
UCI_Dataset;13/02/05 15:00;1;MODERADO;R02_NO2_MODERADO;Monitorizar evolucão. Sensiveis reduzam atividade ao ar livre.
UCI_Dataset;13/02/05 16:00;0;NORMAL;;Sem ação necessária.
UCI_Dataset;13/02/05 17:00;1;MODERADO;R02_NO2_MODERADO;Monitorizar evolucão. Sensiveis reduzam atividade ao ar livre.
UCI_Dataset;13/02/05 18:00;1;MODERADO;R02_NO2_MODERADO;Monitorizar evolucão. Sensiveis reduzam atividade ao ar livre.
UCI_Dataset;13/02/05 19:00;1;ALTO;R01_NO2_ALTO;Limitar trafego automovel. Grupos sensiveis evitem exposição prolongada.
UCI_Dataset;13/02/05 20:00;1;MODERADO;R02_NO2_MODERADO;Monitorizar evolucão. Sensiveis reduzam atividade ao ar livre.
UCI_Dataset;13/02/05 21:00;1;MODERADO;R02_NO2_MODERADO;Monitorizar evolucão. Sensiveis reduzam atividade ao ar livre.
UCI_Dataset;13/02/05 22:00;1;MODERADO;R02_NO2_MODERADO;Monitorizar evolucão. Sensiveis reduzam atividade ao ar livre.
UCI_Dataset;13/02/05 23:00;1;MODERADO;R02_NO2_MODERADO;Monitorizar evolucão. Sensiveis reduzam atividade ao ar livre.
UCI_Dataset;14/02/05 00:00;1;MODERADO;R02_NO2_MODERADO;Monitorizar evolucão. Sensiveis reduzam atividade ao ar livre.
UCI_Dataset;14/02/05 01:00;1;MODERADO;R02_NO2_MODERADO;Monitorizar evolucão. Sensiveis reduzam atividade ao ar livre.
UCI_Dataset;14/02/05 02:00;1;MODERADO;R02_NO2_MODERADO;Monitorizar evolucão. Sensiveis reduzam atividade ao ar livre.
UCI_Dataset;14/02/05 03:00;0;NORMAL;;Sem ação necessária.
UCI_Dataset;14/02/05 04:00;0;NORMAL;;Sem ação necessária.
UCI_Dataset;14/02/05 05:00;0;NORMAL;;Sem ação necessária.
UCI_Dataset;14/02/05 06:00;0;NORMAL;;Sem ação necessária.
UCI_Dataset;14/02/05 07:00;1;MODERADO;R02_NO2_MODERADO;Monitorizar evolucão. Sensiveis reduzam atividade ao ar livre.
UCI_Dataset;14/02/05 08:00;1;MODERADO;R02_NO2_MODERADO;Monitorizar evolucão. Sensiveis reduzam atividade ao ar livre.
UCI_Dataset;14/02/05 09:00;1;MODERADO;R02_NO2_MODERADO;Monitorizar evolucão. Sensiveis reduzam atividade ao ar livre.
UCI_Dataset;14/02/05 10:00;1;MODERADO;R02_NO2_MODERADO;Monitorizar evolucão. Sensiveis reduzam atividade ao ar livre.
UCI_Dataset;14/02/05 11:00;1;MODERADO;R02_NO2_MODERADO;Monitorizar evolucão. Sensiveis reduzam atividade ao ar livre.
UCI_Dataset;14/02/05 12:00;1;MODERADO;R02_NO2_MODERADO;Monitorizar evolucão. Sensiveis reduzam atividade ao ar livre.
UCI_Dataset;14/02/05 13:00;1;MODERADO;R02_NO2_MODERADO;Monitorizar evolucão. Sensiveis reduzam atividade ao ar livre.
UCI_Dataset;14/02/05 14:00;1;MODERADO;R02_NO2_MODERADO;Monitorizar evolucão. Sensiveis reduzam atividade ao ar livre.
UCI_Dataset;14/02/05 15:00;1;MODERADO;R02_NO2_MODERADO;Monitorizar evolucão. Sensiveis reduzam atividade ao ar livre.
UCI_Dataset;14/02/05 16:00;1;MODERADO;R02_NO2_MODERADO;Monitorizar evolucão. Sensiveis reduzam atividade ao ar livre.
UCI_Dataset;14/02/05 17:00;1;MODERADO;R02_NO2_MODERADO;Monitorizar evolucão. Sensiveis reduzam atividade ao ar livre.
UCI_Dataset;14/02/05 18:00;1;MODERADO;R02_NO2_MODERADO;Monitorizar evolucão. Sensiveis reduzam atividade ao ar livre.
UCI_Dataset;14/02/05 19:00;1;ALTO;R01_NO2_ALTO;Limitar trafego automovel. Grupos sensiveis evitem exposição prolongada.
UCI_Dataset;14/02/05 20:00;1;ALTO;R01_NO2_ALTO;Limitar trafego automovel. Grupos sensiveis evitem exposição prolongada.
UCI_Dataset;14/02/05 21:00;1;MODERADO;R02_NO2_MODERADO;Monitorizar evolucão. Sensiveis reduzam atividade ao ar livre.
UCI_Dataset;14/02/05 22:00;1;MODERADO;R02_NO2_MODERADO;Monitorizar evolucão. Sensiveis reduzam atividade ao ar livre.
UCI_Dataset;14/02/05 23:00;1;MODERADO;R02_NO2_MODERADO;Monitorizar evolucão. Sensiveis reduzam atividade ao ar livre.
UCI_Dataset;15/02/05 00:00;1;MODERADO;R02_NO2_MODERADO;Monitorizar evolucão. Sensiveis reduzam atividade ao ar livre.
UCI_Dataset;15/02/05 01:00;0;NORMAL;;Sem ação necessária.
UCI_Dataset;15/02/05 02:00;0;NORMAL;;Sem ação necessária.
UCI_Dataset;15/02/05 03:00;0;NORMAL;;Sem ação necessária.
UCI_Dataset;15/02/05 04:00;0;NORMAL;;Sem ação necessária.
UCI_Dataset;15/02/05 05:00;0;NORMAL;;Sem ação necessária.
UCI_Dataset;15/02/05 06:00;0;NORMAL;;Sem ação necessária.
UCI_Dataset;15/02/05 07:00;0;NORMAL;;Sem ação necessária.
UCI_Dataset;15/02/05 08:00;1;MODERADO;R02_NO2_MODERADO;Monitorizar evolucão. Sensiveis reduzam atividade ao ar livre.
UCI_Dataset;15/02/05 09:00;1;ALTO;R01_NO2_ALTO;Limitar trafego automovel. Grupos sensiveis evitem exposição prolongada.
UCI_Dataset;15/02/05 10:00;1;MODERADO;R02_NO2_MODERADO;Monitorizar evolucão. Sensiveis reduzam atividade ao ar livre.
UCI_Dataset;15/02/05 11:00;1;MODERADO;R02_NO2_MODERADO;Monitorizar evolucão. Sensiveis reduzam atividade ao ar livre.
UCI_Dataset;15/02/05 12:00;1;MODERADO;R02_NO2_MODERADO;Monitorizar evolucão. Sensiveis reduzam atividade ao ar livre.
UCI_Dataset;15/02/05 13:00;1;MODERADO;R02_NO2_MODERADO;Monitorizar evolucão. Sensiveis reduzam atividade ao ar livre.
UCI_Dataset;15/02/05 14:00;1;MODERADO;R02_NO2_MODERADO;Monitorizar evolucão. Sensiveis reduzam atividade ao ar livre.
UCI_Dataset;15/02/05 15:00;1;MODERADO;R02_NO2_MODERADO;Monitorizar evolucão. Sensiveis reduzam atividade ao ar livre.
UCI_Dataset;15/02/05 16:00;1;MODERADO;R02_NO2_MODERADO;Monitorizar evolucão. Sensiveis reduzam atividade ao ar livre.
UCI_Dataset;15/02/05 17:00;1;MODERADO;R02_NO2_MODERADO;Monitorizar evolucão. Sensiveis reduzam atividade ao ar livre.
UCI_Dataset;15/02/05 18:00;1;MODERADO;R02_NO2_MODERADO;Monitorizar evolucão. Sensiveis reduzam atividade ao ar livre.
UCI_Dataset;15/02/05 19:00;1;MODERADO;R02_NO2_MODERADO;Monitorizar evolucão. Sensiveis reduzam atividade ao ar livre.
UCI_Dataset;15/02/05 20:00;1;MODERADO;R02_NO2_MODERADO;Monitorizar evolucão. Sensiveis reduzam atividade ao ar livre.
UCI_Dataset;15/02/05 21:00;1;MODERADO;R02_NO2_MODERADO;Monitorizar evolucão. Sensiveis reduzam atividade ao ar livre.
UCI_Dataset;15/02/05 22:00;1;MODERADO;R02_NO2_MODERADO;Monitorizar evolucão. Sensiveis reduzam atividade ao ar livre.
UCI_Dataset;15/02/05 23:00;1;MODERADO;R02_NO2_MODERADO;Monitorizar evolucão. Sensiveis reduzam atividade ao ar livre.
UCI_Dataset;16/02/05 00:00;1;MODERADO;R02_NO2_MODERADO;Monitorizar evolucão. Sensiveis reduzam atividade ao ar livre.
UCI_Dataset;16/02/05 01:00;1;MODERADO;R02_NO2_MODERADO;Monitorizar evolucão. Sensiveis reduzam atividade ao ar livre.
UCI_Dataset;16/02/05 02:00;1;MODERADO;R02_NO2_MODERADO;Monitorizar evolucão. Sensiveis reduzam atividade ao ar livre.
UCI_Dataset;16/02/05 03:00;0;NORMAL;;Sem ação necessária.
UCI_Dataset;16/02/05 04:00;1;MODERADO;R02_NO2_MODERADO;Monitorizar evolucão. Sensiveis reduzam atividade ao ar livre.
UCI_Dataset;16/02/05 05:00;1;MODERADO;R02_NO2_MODERADO;Monitorizar evolucão. Sensiveis reduzam atividade ao ar livre.
UCI_Dataset;16/02/05 06:00;1;MODERADO;R02_NO2_MODERADO;Monitorizar evolucão. Sensiveis reduzam atividade ao ar livre.
UCI_Dataset;16/02/05 07:00;1;ALTO;R01_NO2_ALTO;Limitar trafego automovel. Grupos sensiveis evitem exposição prolongada.
UCI_Dataset;16/02/05 08:00;1;ALTO;R01_NO2_ALTO;Limitar trafego automovel. Grupos sensiveis evitem exposição prolongada.
UCI_Dataset;16/02/05 09:00;1;ALTO;R01_NO2_ALTO;Limitar trafego automovel. Grupos sensiveis evitem exposição prolongada.
UCI_Dataset;16/02/05 10:00;1;ALTO;R01_NO2_ALTO;Limitar trafego automovel. Grupos sensiveis evitem exposição prolongada.
UCI_Dataset;16/02/05 11:00;0;NORMAL;;Sem ação necessária.
UCI_Dataset;16/02/05 12:00;1;MODERADO;R02_NO2_MODERADO;Monitorizar evolucão. Sensiveis reduzam atividade ao ar livre.
UCI_Dataset;16/02/05 13:00;1;MODERADO;R02_NO2_MODERADO;Monitorizar evolucão. Sensiveis reduzam atividade ao ar livre.
UCI_Dataset;16/02/05 14:00;1;MODERADO;R02_NO2_MODERADO;Monitorizar evolucão. Sensiveis reduzam atividade ao ar livre.
UCI_Dataset;16/02/05 15:00;1;MODERADO;R02_NO2_MODERADO;Monitorizar evolucão. Sensiveis reduzam atividade ao ar livre.
UCI_Dataset;16/02/05 16:00;1;MODERADO;R02_NO2_MODERADO;Monitorizar evolucão. Sensiveis reduzam atividade ao ar livre.
UCI_Dataset;16/02/05 17:00;1;MODERADO;R02_NO2_MODERADO;Monitorizar evolucão. Sensiveis reduzam atividade ao ar livre.
UCI_Dataset;16/02/05 18:00;1;MODERADO;R02_NO2_MODERADO;Monitorizar evolucão. Sensiveis reduzam atividade ao ar livre.
UCI_Dataset;16/02/05 19:00;1;MODERADO;R02_NO2_MODERADO;Monitorizar evolucão. Sensiveis reduzam atividade ao ar livre.
UCI_Dataset;16/02/05 20:00;1;ALTO;R01_NO2_ALTO;Limitar trafego automovel. Grupos sensiveis evitem exposição prolongada.
UCI_Dataset;16/02/05 21:00;1;ALTO;R01_NO2_ALTO;Limitar trafego automovel. Grupos sensiveis evitem exposição prolongada.
UCI_Dataset;16/02/05 22:00;1;ALTO;R01_NO2_ALTO;Limitar trafego automovel. Grupos sensiveis evitem exposição prolongada.
UCI_Dataset;16/02/05 23:00;1;ALTO;R01_NO2_ALTO;Limitar trafego automovel. Grupos sensiveis evitem exposição prolongada.
UCI_Dataset;17/02/05 00:00;1;MODERADO;R02_NO2_MODERADO;Monitorizar evolucão. Sensiveis reduzam atividade ao ar livre.
UCI_Dataset;17/02/05 01:00;1;MODERADO;R02_NO2_MODERADO;Monitorizar evolucão. Sensiveis reduzam atividade ao ar livre.
UCI_Dataset;17/02/05 02:00;1;MODERADO;R02_NO2_MODERADO;Monitorizar evolucão. Sensiveis reduzam atividade ao ar livre.
UCI_Dataset;17/02/05 03:00;0;NORMAL;;Sem ação necessária.
UCI_Dataset;17/02/05 04:00;0;NORMAL;;Sem ação necessária.
UCI_Dataset;17/02/05 05:00;0;NORMAL;;Sem ação necessária.
UCI_Dataset;17/02/05 06:00;0;NORMAL;;Sem ação necessária.
UCI_Dataset;17/02/05 07:00;1;MODERADO;R02_NO2_MODERADO;Monitorizar evolucão. Sensiveis reduzam atividade ao ar livre.
UCI_Dataset;17/02/05 08:00;1;ALTO;R01_NO2_ALTO;Limitar trafego automovel. Grupos sensiveis evitem exposição prolongada.
UCI_Dataset;17/02/05 09:00;1;ALTO;R01_NO2_ALTO;Limitar trafego automovel. Grupos sensiveis evitem exposição prolongada.
UCI_Dataset;17/02/05 10:00;1;MODERADO;R02_NO2_MODERADO;Monitorizar evolucão. Sensiveis reduzam atividade ao ar livre.
UCI_Dataset;17/02/05 11:00;1;MODERADO;R02_NO2_MODERADO;Monitorizar evolucão. Sensiveis reduzam atividade ao ar livre.
UCI_Dataset;17/02/05 12:00;1;MODERADO;R02_NO2_MODERADO;Monitorizar evolucão. Sensiveis reduzam atividade ao ar livre.
UCI_Dataset;17/02/05 13:00;1;MODERADO;R02_NO2_MODERADO;Monitorizar evolucão. Sensiveis reduzam atividade ao ar livre.
UCI_Dataset;17/02/05 14:00;1;MODERADO;R02_NO2_MODERADO;Monitorizar evolucão. Sensiveis reduzam atividade ao ar livre.
UCI_Dataset;17/02/05 15:00;1;MODERADO;R02_NO2_MODERADO;Monitorizar evolucão. Sensiveis reduzam atividade ao ar livre.
UCI_Dataset;17/02/05 16:00;1;MODERADO;R02_NO2_MODERADO;Monitorizar evolucão. Sensiveis reduzam atividade ao ar livre.
UCI_Dataset;17/02/05 17:00;1;MODERADO;R02_NO2_MODERADO;Monitorizar evolucão. Sensiveis reduzam atividade ao ar livre.
UCI_Dataset;17/02/05 18:00;1;MODERADO;R02_NO2_MODERADO;Monitorizar evolucão. Sensiveis reduzam atividade ao ar livre.
UCI_Dataset;17/02/05 19:00;1;MODERADO;R02_NO2_MODERADO;Monitorizar evolucão. Sensiveis reduzam atividade ao ar livre.
UCI_Dataset;17/02/05 20:00;1;ALTO;R01_NO2_ALTO;Limitar trafego automovel. Grupos sensiveis evitem exposição prolongada.
UCI_Dataset;17/02/05 21:00;1;MODERADO;R02_NO2_MODERADO;Monitorizar evolucão. Sensiveis reduzam atividade ao ar livre.
UCI_Dataset;17/02/05 22:00;1;MODERADO;R02_NO2_MODERADO;Monitorizar evolucão. Sensiveis reduzam atividade ao ar livre.
UCI_Dataset;17/02/05 23:00;1;MODERADO;R02_NO2_MODERADO;Monitorizar evolucão. Sensiveis reduzam atividade ao ar livre.
UCI_Dataset;18/02/05 00:00;1;MODERADO;R02_NO2_MODERADO;Monitorizar evolucão. Sensiveis reduzam atividade ao ar livre.
UCI_Dataset;18/02/05 01:00;1;MODERADO;R02_NO2_MODERADO;Monitorizar evolucão. Sensiveis reduzam atividade ao ar livre.
UCI_Dataset;18/02/05 02:00;0;NORMAL;;Sem ação necessária.
UCI_Dataset;18/02/05 03:00;0;NORMAL;;Sem ação necessária.
UCI_Dataset;18/02/05 04:00;0;NORMAL;;Sem ação necessária.
UCI_Dataset;18/02/05 05:00;0;NORMAL;;Sem ação necessária.
UCI_Dataset;18/02/05 06:00;0;NORMAL;;Sem ação necessária.
UCI_Dataset;18/02/05 07:00;0;NORMAL;;Sem ação necessária.
UCI_Dataset;18/02/05 08:00;1;ALTO;R01_NO2_ALTO;Limitar trafego automovel. Grupos sensiveis evitem exposição prolongada.
UCI_Dataset;18/02/05 09:00;1;MODERADO;R02_NO2_MODERADO;Monitorizar evolucão. Sensiveis reduzam atividade ao ar livre.
UCI_Dataset;18/02/05 10:00;1;MODERADO;R02_NO2_MODERADO;Monitorizar evolucão. Sensiveis reduzam atividade ao ar livre.
UCI_Dataset;18/02/05 11:00;1;MODERADO;R02_NO2_MODERADO;Monitorizar evolucão. Sensiveis reduzam atividade ao ar livre.
UCI_Dataset;18/02/05 12:00;1;MODERADO;R02_NO2_MODERADO;Monitorizar evolucão. Sensiveis reduzam atividade ao ar livre.
UCI_Dataset;18/02/05 13:00;1;MODERADO;R02_NO2_MODERADO;Monitorizar evolucão. Sensiveis reduzam atividade ao ar livre.
UCI_Dataset;18/02/05 14:00;1;MODERADO;R02_NO2_MODERADO;Monitorizar evolucão. Sensiveis reduzam atividade ao ar livre.
UCI_Dataset;18/02/05 15:00;1;MODERADO;R02_NO2_MODERADO;Monitorizar evolucão. Sensiveis reduzam atividade ao ar livre.
UCI_Dataset;18/02/05 16:00;1;MODERADO;R02_NO2_MODERADO;Monitorizar evolucão. Sensiveis reduzam atividade ao ar livre.
UCI_Dataset;18/02/05 17:00;1;MODERADO;R02_NO2_MODERADO;Monitorizar evolucão. Sensiveis reduzam atividade ao ar livre.
UCI_Dataset;18/02/05 18:00;1;ALTO;R01_NO2_ALTO;Limitar trafego automovel. Grupos sensiveis evitem exposição prolongada.
UCI_Dataset;18/02/05 19:00;1;ALTO;R01_NO2_ALTO;Limitar trafego automovel. Grupos sensiveis evitem exposição prolongada.
UCI_Dataset;18/02/05 20:00;1;ALTO;R01_NO2_ALTO;Limitar trafego automovel. Grupos sensiveis evitem exposição prolongada.
UCI_Dataset;18/02/05 21:00;1;ALTO;R01_NO2_ALTO;Limitar trafego automovel. Grupos sensiveis evitem exposição prolongada.
UCI_Dataset;18/02/05 22:00;1;MODERADO;R02_NO2_MODERADO;Monitorizar evolucão. Sensiveis reduzam atividade ao ar livre.
UCI_Dataset;18/02/05 23:00;1;ALTO;R01_NO2_ALTO;Limitar trafego automovel. Grupos sensiveis evitem exposição prolongada.
UCI_Dataset;19/02/05 00:00;1;ALTO;R01_NO2_ALTO;Limitar trafego automovel. Grupos sensiveis evitem exposição prolongada.
UCI_Dataset;19/02/05 01:00;1;ALTO;R01_NO2_ALTO;Limitar trafego automovel. Grupos sensiveis evitem exposição prolongada.
UCI_Dataset;19/02/05 02:00;1;MODERADO;R02_NO2_MODERADO;Monitorizar evolucão. Sensiveis reduzam atividade ao ar livre.
UCI_Dataset;19/02/05 03:00;0;NORMAL;;Sem ação necessária.
UCI_Dataset;19/02/05 04:00;0;NORMAL;;Sem ação necessária.
UCI_Dataset;19/02/05 05:00;0;NORMAL;;Sem ação necessária.
UCI_Dataset;19/02/05 06:00;1;MODERADO;R02_NO2_MODERADO;Monitorizar evolucão. Sensiveis reduzam atividade ao ar livre.
UCI_Dataset;19/02/05 07:00;1;MODERADO;R02_NO2_MODERADO;Monitorizar evolucão. Sensiveis reduzam atividade ao ar livre.
UCI_Dataset;19/02/05 08:00;1;MODERADO;R02_NO2_MODERADO;Monitorizar evolucão. Sensiveis reduzam atividade ao ar livre.
UCI_Dataset;19/02/05 09:00;1;ALTO;R01_NO2_ALTO;Limitar trafego automovel. Grupos sensiveis evitem exposição prolongada.
UCI_Dataset;19/02/05 10:00;1;ALTO;R01_NO2_ALTO;Limitar trafego automovel. Grupos sensiveis evitem exposição prolongada.
UCI_Dataset;19/02/05 11:00;1;ALTO;R01_NO2_ALTO;Limitar trafego automovel. Grupos sensiveis evitem exposição prolongada.
UCI_Dataset;19/02/05 12:00;1;ALTO;R01_NO2_ALTO;Limitar trafego automovel. Grupos sensiveis evitem exposição prolongada.
UCI_Dataset;19/02/05 13:00;1;MODERADO;R02_NO2_MODERADO;Monitorizar evolucão. Sensiveis reduzam atividade ao ar livre.
UCI_Dataset;19/02/05 14:00;1;MODERADO;R02_NO2_MODERADO;Monitorizar evolucão. Sensiveis reduzam atividade ao ar livre.
UCI_Dataset;19/02/05 15:00;1;MODERADO;R02_NO2_MODERADO;Monitorizar evolucão. Sensiveis reduzam atividade ao ar livre.
UCI_Dataset;19/02/05 16:00;1;MODERADO;R02_NO2_MODERADO;Monitorizar evolucão. Sensiveis reduzam atividade ao ar livre.
UCI_Dataset;19/02/05 17:00;1;MODERADO;R02_NO2_MODERADO;Monitorizar evolucão. Sensiveis reduzam atividade ao ar livre.
UCI_Dataset;19/02/05 18:00;1;MODERADO;R02_NO2_MODERADO;Monitorizar evolucão. Sensiveis reduzam atividade ao ar livre.
UCI_Dataset;19/02/05 19:00;1;ALTO;R01_NO2_ALTO;Limitar trafego automovel. Grupos sensiveis evitem exposição prolongada.
UCI_Dataset;19/02/05 20:00;1;ALTO;R01_NO2_ALTO;Limitar trafego automovel. Grupos sensiveis evitem exposição prolongada.
UCI_Dataset;19/02/05 21:00;1;ALTO;R01_NO2_ALTO;Limitar trafego automovel. Grupos sensiveis evitem exposição prolongada.
UCI_Dataset;19/02/05 22:00;1;ALTO;R01_NO2_ALTO;Limitar trafego automovel. Grupos sensiveis evitem exposição prolongada.
UCI_Dataset;19/02/05 23:00;1;MODERADO;R02_NO2_MODERADO;Monitorizar evolucão. Sensiveis reduzam atividade ao ar livre.
UCI_Dataset;20/02/05 00:00;1;MODERADO;R02_NO2_MODERADO;Monitorizar evolucão. Sensiveis reduzam atividade ao ar livre.
UCI_Dataset;20/02/05 01:00;1;MODERADO;R02_NO2_MODERADO;Monitorizar evolucão. Sensiveis reduzam atividade ao ar livre.
UCI_Dataset;20/02/05 02:00;1;MODERADO;R02_NO2_MODERADO;Monitorizar evolucão. Sensiveis reduzam atividade ao ar livre.
UCI_Dataset;20/02/05 03:00;0;NORMAL;;Sem ação necessária.
UCI_Dataset;20/02/05 04:00;1;MODERADO;R02_NO2_MODERADO;Monitorizar evolucão. Sensiveis reduzam atividade ao ar livre.
UCI_Dataset;20/02/05 05:00;0;NORMAL;;Sem ação necessária.
UCI_Dataset;20/02/05 06:00;0;NORMAL;;Sem ação necessária.
UCI_Dataset;20/02/05 07:00;0;NORMAL;;Sem ação necessária.
UCI_Dataset;20/02/05 08:00;0;NORMAL;;Sem ação necessária.
UCI_Dataset;20/02/05 09:00;0;NORMAL;;Sem ação necessária.
UCI_Dataset;20/02/05 10:00;0;NORMAL;;Sem ação necessária.
UCI_Dataset;20/02/05 11:00;0;NORMAL;;Sem ação necessária.
UCI_Dataset;20/02/05 12:00;0;NORMAL;;Sem ação necessária.
UCI_Dataset;20/02/05 13:00;1;MODERADO;R02_NO2_MODERADO;Monitorizar evolucão. Sensiveis reduzam atividade ao ar livre.
UCI_Dataset;20/02/05 14:00;1;MODERADO;R02_NO2_MODERADO;Monitorizar evolucão. Sensiveis reduzam atividade ao ar livre.
UCI_Dataset;20/02/05 15:00;1;MODERADO;R02_NO2_MODERADO;Monitorizar evolucão. Sensiveis reduzam atividade ao ar livre.
UCI_Dataset;20/02/05 16:00;1;MODERADO;R02_NO2_MODERADO;Monitorizar evolucão. Sensiveis reduzam atividade ao ar livre.
UCI_Dataset;20/02/05 17:00;1;MODERADO;R02_NO2_MODERADO;Monitorizar evolucão. Sensiveis reduzam atividade ao ar livre.
UCI_Dataset;20/02/05 18:00;1;MODERADO;R02_NO2_MODERADO;Monitorizar evolucão. Sensiveis reduzam atividade ao ar livre.
UCI_Dataset;20/02/05 19:00;1;MODERADO;R02_NO2_MODERADO;Monitorizar evolucão. Sensiveis reduzam atividade ao ar livre.
UCI_Dataset;20/02/05 20:00;1;MODERADO;R02_NO2_MODERADO;Monitorizar evolucão. Sensiveis reduzam atividade ao ar livre.
UCI_Dataset;20/02/05 21:00;1;MODERADO;R02_NO2_MODERADO;Monitorizar evolucão. Sensiveis reduzam atividade ao ar livre.
UCI_Dataset;20/02/05 22:00;1;MODERADO;R02_NO2_MODERADO;Monitorizar evolucão. Sensiveis reduzam atividade ao ar livre.
UCI_Dataset;20/02/05 23:00;1;MODERADO;R02_NO2_MODERADO;Monitorizar evolucão. Sensiveis reduzam atividade ao ar livre.
UCI_Dataset;21/02/05 00:00;1;MODERADO;R02_NO2_MODERADO;Monitorizar evolucão. Sensiveis reduzam atividade ao ar livre.
UCI_Dataset;21/02/05 01:00;0;NORMAL;;Sem ação necessária.
UCI_Dataset;21/02/05 02:00;0;NORMAL;;Sem ação necessária.
UCI_Dataset;21/02/05 03:00;0;NORMAL;;Sem ação necessária.
UCI_Dataset;21/02/05 04:00;0;NORMAL;;Sem ação necessária.
UCI_Dataset;21/02/05 05:00;0;NORMAL;;Sem ação necessária.
UCI_Dataset;21/02/05 06:00;0;NORMAL;;Sem ação necessária.
UCI_Dataset;21/02/05 07:00;1;MODERADO;R02_NO2_MODERADO;Monitorizar evolucão. Sensiveis reduzam atividade ao ar livre.
UCI_Dataset;21/02/05 08:00;1;MODERADO;R02_NO2_MODERADO;Monitorizar evolucão. Sensiveis reduzam atividade ao ar livre.
UCI_Dataset;21/02/05 09:00;1;ALTO;R01_NO2_ALTO;Limitar trafego automovel. Grupos sensiveis evitem exposição prolongada.
UCI_Dataset;21/02/05 10:00;2;ALTO;R01_NO2_ALTO, R12_QUALIDADE_AR_PESSIMA;Limitar trafego automovel. Grupos sensiveis evitem exposição prolongada.
UCI_Dataset;21/02/05 11:00;1;ALTO;R01_NO2_ALTO;Limitar trafego automovel. Grupos sensiveis evitem exposição prolongada.
UCI_Dataset;21/02/05 12:00;1;ALTO;R01_NO2_ALTO;Limitar trafego automovel. Grupos sensiveis evitem exposição prolongada.
UCI_Dataset;21/02/05 13:00;1;ALTO;R01_NO2_ALTO;Limitar trafego automovel. Grupos sensiveis evitem exposição prolongada.
UCI_Dataset;21/02/05 14:00;1;MODERADO;R02_NO2_MODERADO;Monitorizar evolucão. Sensiveis reduzam atividade ao ar livre.
UCI_Dataset;21/02/05 15:00;1;MODERADO;R02_NO2_MODERADO;Monitorizar evolucão. Sensiveis reduzam atividade ao ar livre.
UCI_Dataset;21/02/05 16:00;1;MODERADO;R02_NO2_MODERADO;Monitorizar evolucão. Sensiveis reduzam atividade ao ar livre.
UCI_Dataset;21/02/05 17:00;1;MODERADO;R02_NO2_MODERADO;Monitorizar evolucão. Sensiveis reduzam atividade ao ar livre.
UCI_Dataset;21/02/05 18:00;1;MODERADO;R02_NO2_MODERADO;Monitorizar evolucão. Sensiveis reduzam atividade ao ar livre.
UCI_Dataset;21/02/05 19:00;2;ALTO;R01_NO2_ALTO, R12_QUALIDADE_AR_PESSIMA;Limitar trafego automovel. Grupos sensiveis evitem exposição prolongada.
UCI_Dataset;21/02/05 20:00;1;ALTO;R01_NO2_ALTO;Limitar trafego automovel. Grupos sensiveis evitem exposição prolongada.
UCI_Dataset;21/02/05 21:00;1;ALTO;R01_NO2_ALTO;Limitar trafego automovel. Grupos sensiveis evitem exposição prolongada.
UCI_Dataset;21/02/05 22:00;1;MODERADO;R02_NO2_MODERADO;Monitorizar evolucão. Sensiveis reduzam atividade ao ar livre.
UCI_Dataset;21/02/05 23:00;1;MODERADO;R02_NO2_MODERADO;Monitorizar evolucão. Sensiveis reduzam atividade ao ar livre.
UCI_Dataset;22/02/05 00:00;0;NORMAL;;Sem ação necessária.
UCI_Dataset;22/02/05 01:00;0;NORMAL;;Sem ação necessária.
UCI_Dataset;22/02/05 02:00;0;NORMAL;;Sem ação necessária.
UCI_Dataset;22/02/05 03:00;0;NORMAL;;Sem ação necessária.
UCI_Dataset;22/02/05 04:00;0;NORMAL;;Sem ação necessária.
UCI_Dataset;22/02/05 05:00;0;NORMAL;;Sem ação necessária.
UCI_Dataset;22/02/05 06:00;1;MODERADO;R02_NO2_MODERADO;Monitorizar evolucão. Sensiveis reduzam atividade ao ar livre.
UCI_Dataset;22/02/05 07:00;2;ALTO;R12_QUALIDADE_AR_PESSIMA, R02_NO2_MODERADO;Qualidade do ar muito degradada agravada por humidade alta. Grupos de risco evitem saídas.
UCI_Dataset;22/02/05 08:00;2;ALTO;R01_NO2_ALTO, R12_QUALIDADE_AR_PESSIMA;Limitar trafego automovel. Grupos sensiveis evitem exposição prolongada.
UCI_Dataset;22/02/05 09:00;2;ALTO;R01_NO2_ALTO, R12_QUALIDADE_AR_PESSIMA;Limitar trafego automovel. Grupos sensiveis evitem exposição prolongada.
UCI_Dataset;22/02/05 10:00;1;ALTO;R01_NO2_ALTO;Limitar trafego automovel. Grupos sensiveis evitem exposição prolongada.
UCI_Dataset;22/02/05 11:00;1;ALTO;R01_NO2_ALTO;Limitar trafego automovel. Grupos sensiveis evitem exposição prolongada.
UCI_Dataset;22/02/05 12:00;1;ALTO;R01_NO2_ALTO;Limitar trafego automovel. Grupos sensiveis evitem exposição prolongada.
UCI_Dataset;22/02/05 13:00;1;ALTO;R01_NO2_ALTO;Limitar trafego automovel. Grupos sensiveis evitem exposição prolongada.
UCI_Dataset;22/02/05 14:00;1;ALTO;R01_NO2_ALTO;Limitar trafego automovel. Grupos sensiveis evitem exposição prolongada.
UCI_Dataset;22/02/05 15:00;1;ALTO;R01_NO2_ALTO;Limitar trafego automovel. Grupos sensiveis evitem exposição prolongada.
UCI_Dataset;22/02/05 16:00;1;ALTO;R01_NO2_ALTO;Limitar trafego automovel. Grupos sensiveis evitem exposição prolongada.
UCI_Dataset;22/02/05 17:00;1;ALTO;R01_NO2_ALTO;Limitar trafego automovel. Grupos sensiveis evitem exposição prolongada.
UCI_Dataset;22/02/05 18:00;1;ALTO;R01_NO2_ALTO;Limitar trafego automovel. Grupos sensiveis evitem exposição prolongada.
UCI_Dataset;22/02/05 19:00;1;ALTO;R01_NO2_ALTO;Limitar trafego automovel. Grupos sensiveis evitem exposição prolongada.
UCI_Dataset;22/02/05 20:00;1;MODERADO;R02_NO2_MODERADO;Monitorizar evolucão. Sensiveis reduzam atividade ao ar livre.
UCI_Dataset;22/02/05 21:00;1;ALTO;R01_NO2_ALTO;Limitar trafego automovel. Grupos sensiveis evitem exposição prolongada.
UCI_Dataset;22/02/05 22:00;1;MODERADO;R02_NO2_MODERADO;Monitorizar evolucão. Sensiveis reduzam atividade ao ar livre.
UCI_Dataset;22/02/05 23:00;1;MODERADO;R02_NO2_MODERADO;Monitorizar evolucão. Sensiveis reduzam atividade ao ar livre.
UCI_Dataset;23/02/05 00:00;1;MODERADO;R02_NO2_MODERADO;Monitorizar evolucão. Sensiveis reduzam atividade ao ar livre.
UCI_Dataset;23/02/05 01:00;1;MODERADO;R02_NO2_MODERADO;Monitorizar evolucão. Sensiveis reduzam atividade ao ar livre.
UCI_Dataset;23/02/05 02:00;0;NORMAL;;Sem ação necessária.
UCI_Dataset;23/02/05 03:00;0;NORMAL;;Sem ação necessária.
UCI_Dataset;23/02/05 04:00;0;NORMAL;;Sem ação necessária.
UCI_Dataset;23/02/05 05:00;0;NORMAL;;Sem ação necessária.
UCI_Dataset;23/02/05 06:00;0;NORMAL;;Sem ação necessária.
UCI_Dataset;23/02/05 07:00;1;MODERADO;R02_NO2_MODERADO;Monitorizar evolucão. Sensiveis reduzam atividade ao ar livre.
UCI_Dataset;23/02/05 08:00;1;MODERADO;R02_NO2_MODERADO;Monitorizar evolucão. Sensiveis reduzam atividade ao ar livre.
UCI_Dataset;23/02/05 09:00;1;MODERADO;R02_NO2_MODERADO;Monitorizar evolucão. Sensiveis reduzam atividade ao ar livre.
UCI_Dataset;23/02/05 10:00;2;ALTO;R12_QUALIDADE_AR_PESSIMA, R02_NO2_MODERADO;Qualidade do ar muito degradada agravada por humidade alta. Grupos de risco evitem saídas.
UCI_Dataset;23/02/05 11:00;2;ALTO;R12_QUALIDADE_AR_PESSIMA, R02_NO2_MODERADO;Qualidade do ar muito degradada agravada por humidade alta. Grupos de risco evitem saídas.
UCI_Dataset;23/02/05 12:00;1;MODERADO;R02_NO2_MODERADO;Monitorizar evolucão. Sensiveis reduzam atividade ao ar livre.
UCI_Dataset;23/02/05 13:00;1;ALTO;R01_NO2_ALTO;Limitar trafego automovel. Grupos sensiveis evitem exposição prolongada.
UCI_Dataset;23/02/05 14:00;1;ALTO;R01_NO2_ALTO;Limitar trafego automovel. Grupos sensiveis evitem exposição prolongada.
UCI_Dataset;23/02/05 15:00;1;ALTO;R01_NO2_ALTO;Limitar trafego automovel. Grupos sensiveis evitem exposição prolongada.
UCI_Dataset;23/02/05 16:00;1;ALTO;R01_NO2_ALTO;Limitar trafego automovel. Grupos sensiveis evitem exposição prolongada.
UCI_Dataset;23/02/05 17:00;1;ALTO;R01_NO2_ALTO;Limitar trafego automovel. Grupos sensiveis evitem exposição prolongada.
UCI_Dataset;23/02/05 18:00;1;ALTO;R01_NO2_ALTO;Limitar trafego automovel. Grupos sensiveis evitem exposição prolongada.
UCI_Dataset;23/02/05 19:00;1;ALTO;R01_NO2_ALTO;Limitar trafego automovel. Grupos sensiveis evitem exposição prolongada.
UCI_Dataset;23/02/05 20:00;1;ALTO;R01_NO2_ALTO;Limitar trafego automovel. Grupos sensiveis evitem exposição prolongada.
UCI_Dataset;23/02/05 21:00;1;ALTO;R01_NO2_ALTO;Limitar trafego automovel. Grupos sensiveis evitem exposição prolongada.
UCI_Dataset;23/02/05 22:00;1;ALTO;R01_NO2_ALTO;Limitar trafego automovel. Grupos sensiveis evitem exposição prolongada.
UCI_Dataset;23/02/05 23:00;1;MODERADO;R02_NO2_MODERADO;Monitorizar evolucão. Sensiveis reduzam atividade ao ar livre.
UCI_Dataset;24/02/05 00:00;2;ALTO;R12_QUALIDADE_AR_PESSIMA, R02_NO2_MODERADO;Qualidade do ar muito degradada agravada por humidade alta. Grupos de risco evitem saídas.
UCI_Dataset;24/02/05 01:00;1;MODERADO;R02_NO2_MODERADO;Monitorizar evolucão. Sensiveis reduzam atividade ao ar livre.
UCI_Dataset;24/02/05 02:00;1;MODERADO;R02_NO2_MODERADO;Monitorizar evolucão. Sensiveis reduzam atividade ao ar livre.
UCI_Dataset;24/02/05 03:00;0;NORMAL;;Sem ação necessária.
UCI_Dataset;24/02/05 04:00;0;NORMAL;;Sem ação necessária.
UCI_Dataset;24/02/05 05:00;0;NORMAL;;Sem ação necessária.
UCI_Dataset;24/02/05 06:00;1;MODERADO;R02_NO2_MODERADO;Monitorizar evolucão. Sensiveis reduzam atividade ao ar livre.
UCI_Dataset;24/02/05 07:00;2;ALTO;R12_QUALIDADE_AR_PESSIMA, R02_NO2_MODERADO;Qualidade do ar muito degradada agravada por humidade alta. Grupos de risco evitem saídas.
UCI_Dataset;24/02/05 08:00;2;ALTO;R01_NO2_ALTO, R12_QUALIDADE_AR_PESSIMA;Limitar trafego automovel. Grupos sensiveis evitem exposição prolongada.
UCI_Dataset;24/02/05 09:00;2;ALTO;R01_NO2_ALTO, R12_QUALIDADE_AR_PESSIMA;Limitar trafego automovel. Grupos sensiveis evitem exposição prolongada.
UCI_Dataset;24/02/05 10:00;2;ALTO;R01_NO2_ALTO, R12_QUALIDADE_AR_PESSIMA;Limitar trafego automovel. Grupos sensiveis evitem exposição prolongada.
UCI_Dataset;24/02/05 11:00;2;ALTO;R01_NO2_ALTO, R12_QUALIDADE_AR_PESSIMA;Limitar trafego automovel. Grupos sensiveis evitem exposição prolongada.
UCI_Dataset;24/02/05 12:00;1;MODERADO;R02_NO2_MODERADO;Monitorizar evolucão. Sensiveis reduzam atividade ao ar livre.
UCI_Dataset;24/02/05 13:00;1;MODERADO;R02_NO2_MODERADO;Monitorizar evolucão. Sensiveis reduzam atividade ao ar livre.
UCI_Dataset;24/02/05 14:00;1;MODERADO;R02_NO2_MODERADO;Monitorizar evolucão. Sensiveis reduzam atividade ao ar livre.
UCI_Dataset;24/02/05 15:00;1;ALTO;R01_NO2_ALTO;Limitar trafego automovel. Grupos sensiveis evitem exposição prolongada.
UCI_Dataset;24/02/05 16:00;1;ALTO;R01_NO2_ALTO;Limitar trafego automovel. Grupos sensiveis evitem exposição prolongada.
UCI_Dataset;24/02/05 17:00;1;ALTO;R01_NO2_ALTO;Limitar trafego automovel. Grupos sensiveis evitem exposição prolongada.
UCI_Dataset;24/02/05 18:00;1;ALTO;R01_NO2_ALTO;Limitar trafego automovel. Grupos sensiveis evitem exposição prolongada.
UCI_Dataset;24/02/05 19:00;1;ALTO;R01_NO2_ALTO;Limitar trafego automovel. Grupos sensiveis evitem exposição prolongada.
UCI_Dataset;24/02/05 20:00;1;ALTO;R01_NO2_ALTO;Limitar trafego automovel. Grupos sensiveis evitem exposição prolongada.
UCI_Dataset;24/02/05 21:00;1;ALTO;R01_NO2_ALTO;Limitar trafego automovel. Grupos sensiveis evitem exposição prolongada.
UCI_Dataset;24/02/05 22:00;2;ALTO;R01_NO2_ALTO, R12_QUALIDADE_AR_PESSIMA;Limitar trafego automovel. Grupos sensiveis evitem exposição prolongada.
UCI_Dataset;24/02/05 23:00;2;ALTO;R12_QUALIDADE_AR_PESSIMA, R02_NO2_MODERADO;Qualidade do ar muito degradada agravada por humidade alta. Grupos de risco evitem saídas.
UCI_Dataset;25/02/05 00:00;2;ALTO;R01_NO2_ALTO, R12_QUALIDADE_AR_PESSIMA;Limitar trafego automovel. Grupos sensiveis evitem exposição prolongada.
UCI_Dataset;25/02/05 01:00;2;ALTO;R12_QUALIDADE_AR_PESSIMA, R02_NO2_MODERADO;Qualidade do ar muito degradada agravada por humidade alta. Grupos de risco evitem saídas.
UCI_Dataset;25/02/05 02:00;2;ALTO;R12_QUALIDADE_AR_PESSIMA, R02_NO2_MODERADO;Qualidade do ar muito degradada agravada por humidade alta. Grupos de risco evitem saídas.
UCI_Dataset;25/02/05 03:00;0;NORMAL;;Sem ação necessária.
UCI_Dataset;25/02/05 04:00;0;NORMAL;;Sem ação necessária.
UCI_Dataset;25/02/05 05:00;1;MODERADO;R02_NO2_MODERADO;Monitorizar evolucão. Sensiveis reduzam atividade ao ar livre.
UCI_Dataset;25/02/05 06:00;1;MODERADO;R02_NO2_MODERADO;Monitorizar evolucão. Sensiveis reduzam atividade ao ar livre.
UCI_Dataset;25/02/05 07:00;2;ALTO;R12_QUALIDADE_AR_PESSIMA, R02_NO2_MODERADO;Qualidade do ar muito degradada agravada por humidade alta. Grupos de risco evitem saídas.
UCI_Dataset;25/02/05 08:00;0;NORMAL;;Sem ação necessária.
UCI_Dataset;25/02/05 09:00;0;NORMAL;;Sem ação necessária.
UCI_Dataset;25/02/05 10:00;1;MODERADO;R02_NO2_MODERADO;Monitorizar evolucão. Sensiveis reduzam atividade ao ar livre.
UCI_Dataset;25/02/05 11:00;1;MODERADO;R02_NO2_MODERADO;Monitorizar evolucão. Sensiveis reduzam atividade ao ar livre.
UCI_Dataset;25/02/05 12:00;1;MODERADO;R02_NO2_MODERADO;Monitorizar evolucão. Sensiveis reduzam atividade ao ar livre.
UCI_Dataset;25/02/05 13:00;1;MODERADO;R02_NO2_MODERADO;Monitorizar evolucão. Sensiveis reduzam atividade ao ar livre.
UCI_Dataset;25/02/05 14:00;1;MODERADO;R02_NO2_MODERADO;Monitorizar evolucão. Sensiveis reduzam atividade ao ar livre.
UCI_Dataset;25/02/05 15:00;1;MODERADO;R02_NO2_MODERADO;Monitorizar evolucão. Sensiveis reduzam atividade ao ar livre.
UCI_Dataset;25/02/05 16:00;1;MODERADO;R02_NO2_MODERADO;Monitorizar evolucão. Sensiveis reduzam atividade ao ar livre.
UCI_Dataset;25/02/05 17:00;1;MODERADO;R02_NO2_MODERADO;Monitorizar evolucão. Sensiveis reduzam atividade ao ar livre.
UCI_Dataset;25/02/05 18:00;1;MODERADO;R02_NO2_MODERADO;Monitorizar evolucão. Sensiveis reduzam atividade ao ar livre.
UCI_Dataset;25/02/05 19:00;1;MODERADO;R02_NO2_MODERADO;Monitorizar evolucão. Sensiveis reduzam atividade ao ar livre.
UCI_Dataset;25/02/05 20:00;1;MODERADO;R02_NO2_MODERADO;Monitorizar evolucão. Sensiveis reduzam atividade ao ar livre.
UCI_Dataset;25/02/05 21:00;1;MODERADO;R02_NO2_MODERADO;Monitorizar evolucão. Sensiveis reduzam atividade ao ar livre.
UCI_Dataset;25/02/05 22:00;1;MODERADO;R02_NO2_MODERADO;Monitorizar evolucão. Sensiveis reduzam atividade ao ar livre.
UCI_Dataset;25/02/05 23:00;1;MODERADO;R02_NO2_MODERADO;Monitorizar evolucão. Sensiveis reduzam atividade ao ar livre.
UCI_Dataset;26/02/05 00:00;1;MODERADO;R02_NO2_MODERADO;Monitorizar evolucão. Sensiveis reduzam atividade ao ar livre.
UCI_Dataset;26/02/05 01:00;1;MODERADO;R02_NO2_MODERADO;Monitorizar evolucão. Sensiveis reduzam atividade ao ar livre.
UCI_Dataset;26/02/05 02:00;1;MODERADO;R02_NO2_MODERADO;Monitorizar evolucão. Sensiveis reduzam atividade ao ar livre.
UCI_Dataset;26/02/05 03:00;0;NORMAL;;Sem ação necessária.
UCI_Dataset;26/02/05 04:00;1;MODERADO;R02_NO2_MODERADO;Monitorizar evolucão. Sensiveis reduzam atividade ao ar livre.
UCI_Dataset;26/02/05 05:00;1;MODERADO;R02_NO2_MODERADO;Monitorizar evolucão. Sensiveis reduzam atividade ao ar livre.
UCI_Dataset;26/02/05 06:00;1;MODERADO;R02_NO2_MODERADO;Monitorizar evolucão. Sensiveis reduzam atividade ao ar livre.
UCI_Dataset;26/02/05 07:00;1;MODERADO;R02_NO2_MODERADO;Monitorizar evolucão. Sensiveis reduzam atividade ao ar livre.
UCI_Dataset;26/02/05 08:00;1;MODERADO;R02_NO2_MODERADO;Monitorizar evolucão. Sensiveis reduzam atividade ao ar livre.
UCI_Dataset;26/02/05 09:00;1;MODERADO;R02_NO2_MODERADO;Monitorizar evolucão. Sensiveis reduzam atividade ao ar livre.
UCI_Dataset;26/02/05 10:00;1;MODERADO;R02_NO2_MODERADO;Monitorizar evolucão. Sensiveis reduzam atividade ao ar livre.
UCI_Dataset;26/02/05 11:00;1;MODERADO;R02_NO2_MODERADO;Monitorizar evolucão. Sensiveis reduzam atividade ao ar livre.
UCI_Dataset;26/02/05 12:00;1;MODERADO;R02_NO2_MODERADO;Monitorizar evolucão. Sensiveis reduzam atividade ao ar livre.
UCI_Dataset;26/02/05 13:00;1;MODERADO;R02_NO2_MODERADO;Monitorizar evolucão. Sensiveis reduzam atividade ao ar livre.
UCI_Dataset;26/02/05 14:00;1;MODERADO;R02_NO2_MODERADO;Monitorizar evolucão. Sensiveis reduzam atividade ao ar livre.
UCI_Dataset;26/02/05 15:00;1;MODERADO;R02_NO2_MODERADO;Monitorizar evolucão. Sensiveis reduzam atividade ao ar livre.
UCI_Dataset;26/02/05 16:00;0;NORMAL;;Sem ação necessária.
UCI_Dataset;26/02/05 17:00;1;MODERADO;R02_NO2_MODERADO;Monitorizar evolucão. Sensiveis reduzam atividade ao ar livre.
UCI_Dataset;26/02/05 18:00;1;MODERADO;R02_NO2_MODERADO;Monitorizar evolucão. Sensiveis reduzam atividade ao ar livre.
UCI_Dataset;26/02/05 19:00;1;MODERADO;R02_NO2_MODERADO;Monitorizar evolucão. Sensiveis reduzam atividade ao ar livre.
UCI_Dataset;26/02/05 20:00;1;MODERADO;R02_NO2_MODERADO;Monitorizar evolucão. Sensiveis reduzam atividade ao ar livre.
UCI_Dataset;26/02/05 21:00;1;MODERADO;R02_NO2_MODERADO;Monitorizar evolucão. Sensiveis reduzam atividade ao ar livre.
UCI_Dataset;26/02/05 22:00;1;MODERADO;R02_NO2_MODERADO;Monitorizar evolucão. Sensiveis reduzam atividade ao ar livre.
UCI_Dataset;26/02/05 23:00;1;MODERADO;R02_NO2_MODERADO;Monitorizar evolucão. Sensiveis reduzam atividade ao ar livre.
UCI_Dataset;27/02/05 00:00;1;MODERADO;R02_NO2_MODERADO;Monitorizar evolucão. Sensiveis reduzam atividade ao ar livre.
UCI_Dataset;27/02/05 01:00;1;MODERADO;R02_NO2_MODERADO;Monitorizar evolucão. Sensiveis reduzam atividade ao ar livre.
UCI_Dataset;27/02/05 02:00;1;MODERADO;R02_NO2_MODERADO;Monitorizar evolucão. Sensiveis reduzam atividade ao ar livre.
UCI_Dataset;27/02/05 03:00;0;NORMAL;;Sem ação necessária.
UCI_Dataset;27/02/05 04:00;1;MODERADO;R02_NO2_MODERADO;Monitorizar evolucão. Sensiveis reduzam atividade ao ar livre.
UCI_Dataset;27/02/05 05:00;0;NORMAL;;Sem ação necessária.
UCI_Dataset;27/02/05 06:00;0;NORMAL;;Sem ação necessária.
UCI_Dataset;27/02/05 07:00;1;MODERADO;R02_NO2_MODERADO;Monitorizar evolucão. Sensiveis reduzam atividade ao ar livre.
UCI_Dataset;27/02/05 08:00;1;MODERADO;R02_NO2_MODERADO;Monitorizar evolucão. Sensiveis reduzam atividade ao ar livre.
UCI_Dataset;27/02/05 09:00;1;MODERADO;R02_NO2_MODERADO;Monitorizar evolucão. Sensiveis reduzam atividade ao ar livre.
UCI_Dataset;27/02/05 10:00;1;MODERADO;R02_NO2_MODERADO;Monitorizar evolucão. Sensiveis reduzam atividade ao ar livre.
UCI_Dataset;27/02/05 11:00;1;MODERADO;R02_NO2_MODERADO;Monitorizar evolucão. Sensiveis reduzam atividade ao ar livre.
UCI_Dataset;27/02/05 12:00;1;MODERADO;R02_NO2_MODERADO;Monitorizar evolucão. Sensiveis reduzam atividade ao ar livre.
UCI_Dataset;27/02/05 13:00;1;MODERADO;R02_NO2_MODERADO;Monitorizar evolucão. Sensiveis reduzam atividade ao ar livre.
UCI_Dataset;27/02/05 14:00;1;MODERADO;R02_NO2_MODERADO;Monitorizar evolucão. Sensiveis reduzam atividade ao ar livre.
UCI_Dataset;27/02/05 15:00;0;NORMAL;;Sem ação necessária.
UCI_Dataset;27/02/05 16:00;1;MODERADO;R02_NO2_MODERADO;Monitorizar evolucão. Sensiveis reduzam atividade ao ar livre.
UCI_Dataset;27/02/05 17:00;1;MODERADO;R02_NO2_MODERADO;Monitorizar evolucão. Sensiveis reduzam atividade ao ar livre.
UCI_Dataset;27/02/05 18:00;1;MODERADO;R02_NO2_MODERADO;Monitorizar evolucão. Sensiveis reduzam atividade ao ar livre.
UCI_Dataset;27/02/05 19:00;1;MODERADO;R02_NO2_MODERADO;Monitorizar evolucão. Sensiveis reduzam atividade ao ar livre.
UCI_Dataset;27/02/05 20:00;1;MODERADO;R02_NO2_MODERADO;Monitorizar evolucão. Sensiveis reduzam atividade ao ar livre.
UCI_Dataset;27/02/05 21:00;1;MODERADO;R02_NO2_MODERADO;Monitorizar evolucão. Sensiveis reduzam atividade ao ar livre.
UCI_Dataset;27/02/05 22:00;1;MODERADO;R02_NO2_MODERADO;Monitorizar evolucão. Sensiveis reduzam atividade ao ar livre.
UCI_Dataset;27/02/05 23:00;1;MODERADO;R02_NO2_MODERADO;Monitorizar evolucão. Sensiveis reduzam atividade ao ar livre.
UCI_Dataset;28/02/05 00:00;1;MODERADO;R02_NO2_MODERADO;Monitorizar evolucão. Sensiveis reduzam atividade ao ar livre.
UCI_Dataset;28/02/05 01:00;0;NORMAL;;Sem ação necessária.
UCI_Dataset;28/02/05 02:00;0;NORMAL;;Sem ação necessária.
UCI_Dataset;28/02/05 03:00;0;NORMAL;;Sem ação necessária.
UCI_Dataset;28/02/05 04:00;0;NORMAL;;Sem ação necessária.
UCI_Dataset;28/02/05 05:00;0;NORMAL;;Sem ação necessária.
UCI_Dataset;28/02/05 06:00;0;NORMAL;;Sem ação necessária.
UCI_Dataset;28/02/05 07:00;0;NORMAL;;Sem ação necessária.
UCI_Dataset;28/02/05 08:00;1;MODERADO;R02_NO2_MODERADO;Monitorizar evolucão. Sensiveis reduzam atividade ao ar livre.
UCI_Dataset;28/02/05 09:00;1;MODERADO;R02_NO2_MODERADO;Monitorizar evolucão. Sensiveis reduzam atividade ao ar livre.
UCI_Dataset;28/02/05 10:00;1;MODERADO;R02_NO2_MODERADO;Monitorizar evolucão. Sensiveis reduzam atividade ao ar livre.
UCI_Dataset;28/02/05 11:00;1;MODERADO;R02_NO2_MODERADO;Monitorizar evolucão. Sensiveis reduzam atividade ao ar livre.
UCI_Dataset;28/02/05 12:00;1;MODERADO;R02_NO2_MODERADO;Monitorizar evolucão. Sensiveis reduzam atividade ao ar livre.
UCI_Dataset;28/02/05 13:00;1;MODERADO;R02_NO2_MODERADO;Monitorizar evolucão. Sensiveis reduzam atividade ao ar livre.
UCI_Dataset;28/02/05 14:00;1;MODERADO;R02_NO2_MODERADO;Monitorizar evolucão. Sensiveis reduzam atividade ao ar livre.
UCI_Dataset;28/02/05 15:00;1;MODERADO;R02_NO2_MODERADO;Monitorizar evolucão. Sensiveis reduzam atividade ao ar livre.
UCI_Dataset;28/02/05 16:00;1;MODERADO;R02_NO2_MODERADO;Monitorizar evolucão. Sensiveis reduzam atividade ao ar livre.
UCI_Dataset;28/02/05 17:00;1;MODERADO;R02_NO2_MODERADO;Monitorizar evolucão. Sensiveis reduzam atividade ao ar livre.
UCI_Dataset;28/02/05 18:00;1;MODERADO;R02_NO2_MODERADO;Monitorizar evolucão. Sensiveis reduzam atividade ao ar livre.
UCI_Dataset;28/02/05 19:00;1;MODERADO;R02_NO2_MODERADO;Monitorizar evolucão. Sensiveis reduzam atividade ao ar livre.
UCI_Dataset;28/02/05 20:00;1;MODERADO;R02_NO2_MODERADO;Monitorizar evolucão. Sensiveis reduzam atividade ao ar livre.
UCI_Dataset;28/02/05 21:00;1;MODERADO;R02_NO2_MODERADO;Monitorizar evolucão. Sensiveis reduzam atividade ao ar livre.
UCI_Dataset;28/02/05 22:00;0;NORMAL;;Sem ação necessária.
UCI_Dataset;28/02/05 23:00;0;NORMAL;;Sem ação necessária.
UCI_Dataset;01/03/05 00:00;0;NORMAL;;Sem ação necessária.
UCI_Dataset;01/03/05 01:00;0;NORMAL;;Sem ação necessária.
UCI_Dataset;01/03/05 02:00;0;NORMAL;;Sem ação necessária.
UCI_Dataset;01/03/05 03:00;0;NORMAL;;Sem ação necessária.
UCI_Dataset;01/03/05 04:00;0;NORMAL;;Sem ação necessária.
UCI_Dataset;01/03/05 05:00;0;NORMAL;;Sem ação necessária.
UCI_Dataset;01/03/05 06:00;0;NORMAL;;Sem ação necessária.
UCI_Dataset;01/03/05 07:00;0;NORMAL;;Sem ação necessária.
UCI_Dataset;01/03/05 08:00;1;MODERADO;R02_NO2_MODERADO;Monitorizar evolucão. Sensiveis reduzam atividade ao ar livre.
UCI_Dataset;01/03/05 09:00;1;MODERADO;R02_NO2_MODERADO;Monitorizar evolucão. Sensiveis reduzam atividade ao ar livre.
UCI_Dataset;01/03/05 10:00;1;MODERADO;R02_NO2_MODERADO;Monitorizar evolucão. Sensiveis reduzam atividade ao ar livre.
UCI_Dataset;01/03/05 11:00;1;MODERADO;R02_NO2_MODERADO;Monitorizar evolucão. Sensiveis reduzam atividade ao ar livre.
UCI_Dataset;01/03/05 12:00;0;NORMAL;;Sem ação necessária.
UCI_Dataset;01/03/05 13:00;0;NORMAL;;Sem ação necessária.
UCI_Dataset;01/03/05 14:00;1;MODERADO;R02_NO2_MODERADO;Monitorizar evolucão. Sensiveis reduzam atividade ao ar livre.
UCI_Dataset;01/03/05 15:00;1;MODERADO;R02_NO2_MODERADO;Monitorizar evolucão. Sensiveis reduzam atividade ao ar livre.
UCI_Dataset;01/03/05 16:00;1;MODERADO;R02_NO2_MODERADO;Monitorizar evolucão. Sensiveis reduzam atividade ao ar livre.
UCI_Dataset;01/03/05 17:00;1;MODERADO;R02_NO2_MODERADO;Monitorizar evolucão. Sensiveis reduzam atividade ao ar livre.
UCI_Dataset;01/03/05 18:00;1;MODERADO;R02_NO2_MODERADO;Monitorizar evolucão. Sensiveis reduzam atividade ao ar livre.
UCI_Dataset;01/03/05 19:00;1;MODERADO;R02_NO2_MODERADO;Monitorizar evolucão. Sensiveis reduzam atividade ao ar livre.
UCI_Dataset;01/03/05 20:00;1;MODERADO;R02_NO2_MODERADO;Monitorizar evolucão. Sensiveis reduzam atividade ao ar livre.
UCI_Dataset;01/03/05 21:00;1;MODERADO;R02_NO2_MODERADO;Monitorizar evolucão. Sensiveis reduzam atividade ao ar livre.
UCI_Dataset;01/03/05 22:00;1;MODERADO;R02_NO2_MODERADO;Monitorizar evolucão. Sensiveis reduzam atividade ao ar livre.
UCI_Dataset;01/03/05 23:00;1;MODERADO;R02_NO2_MODERADO;Monitorizar evolucão. Sensiveis reduzam atividade ao ar livre.
UCI_Dataset;02/03/05 00:00;1;MODERADO;R02_NO2_MODERADO;Monitorizar evolucão. Sensiveis reduzam atividade ao ar livre.
UCI_Dataset;02/03/05 01:00;0;NORMAL;;Sem ação necessária.
UCI_Dataset;02/03/05 02:00;0;NORMAL;;Sem ação necessária.
UCI_Dataset;02/03/05 03:00;0;NORMAL;;Sem ação necessária.
UCI_Dataset;02/03/05 04:00;0;NORMAL;;Sem ação necessária.
UCI_Dataset;02/03/05 05:00;0;NORMAL;;Sem ação necessária.
UCI_Dataset;02/03/05 06:00;0;NORMAL;;Sem ação necessária.
UCI_Dataset;02/03/05 07:00;1;MODERADO;R02_NO2_MODERADO;Monitorizar evolucão. Sensiveis reduzam atividade ao ar livre.
UCI_Dataset;02/03/05 08:00;1;MODERADO;R02_NO2_MODERADO;Monitorizar evolucão. Sensiveis reduzam atividade ao ar livre.
UCI_Dataset;02/03/05 09:00;1;MODERADO;R02_NO2_MODERADO;Monitorizar evolucão. Sensiveis reduzam atividade ao ar livre.
UCI_Dataset;02/03/05 10:00;1;MODERADO;R02_NO2_MODERADO;Monitorizar evolucão. Sensiveis reduzam atividade ao ar livre.
UCI_Dataset;02/03/05 11:00;1;MODERADO;R02_NO2_MODERADO;Monitorizar evolucão. Sensiveis reduzam atividade ao ar livre.
UCI_Dataset;02/03/05 12:00;1;MODERADO;R02_NO2_MODERADO;Monitorizar evolucão. Sensiveis reduzam atividade ao ar livre.
UCI_Dataset;02/03/05 13:00;1;MODERADO;R02_NO2_MODERADO;Monitorizar evolucão. Sensiveis reduzam atividade ao ar livre.
UCI_Dataset;02/03/05 14:00;1;MODERADO;R02_NO2_MODERADO;Monitorizar evolucão. Sensiveis reduzam atividade ao ar livre.
UCI_Dataset;02/03/05 15:00;1;MODERADO;R02_NO2_MODERADO;Monitorizar evolucão. Sensiveis reduzam atividade ao ar livre.
UCI_Dataset;02/03/05 16:00;1;MODERADO;R02_NO2_MODERADO;Monitorizar evolucão. Sensiveis reduzam atividade ao ar livre.
UCI_Dataset;02/03/05 17:00;1;MODERADO;R02_NO2_MODERADO;Monitorizar evolucão. Sensiveis reduzam atividade ao ar livre.
UCI_Dataset;02/03/05 18:00;1;ALTO;R01_NO2_ALTO;Limitar trafego automovel. Grupos sensiveis evitem exposição prolongada.
UCI_Dataset;02/03/05 19:00;1;ALTO;R01_NO2_ALTO;Limitar trafego automovel. Grupos sensiveis evitem exposição prolongada.
UCI_Dataset;02/03/05 20:00;1;ALTO;R01_NO2_ALTO;Limitar trafego automovel. Grupos sensiveis evitem exposição prolongada.
UCI_Dataset;02/03/05 21:00;1;MODERADO;R02_NO2_MODERADO;Monitorizar evolucão. Sensiveis reduzam atividade ao ar livre.
UCI_Dataset;02/03/05 22:00;1;MODERADO;R02_NO2_MODERADO;Monitorizar evolucão. Sensiveis reduzam atividade ao ar livre.
UCI_Dataset;02/03/05 23:00;1;MODERADO;R02_NO2_MODERADO;Monitorizar evolucão. Sensiveis reduzam atividade ao ar livre.
UCI_Dataset;03/03/05 00:00;1;MODERADO;R02_NO2_MODERADO;Monitorizar evolucão. Sensiveis reduzam atividade ao ar livre.
UCI_Dataset;03/03/05 01:00;1;MODERADO;R02_NO2_MODERADO;Monitorizar evolucão. Sensiveis reduzam atividade ao ar livre.
UCI_Dataset;03/03/05 02:00;1;MODERADO;R02_NO2_MODERADO;Monitorizar evolucão. Sensiveis reduzam atividade ao ar livre.
UCI_Dataset;03/03/05 03:00;0;NORMAL;;Sem ação necessária.
UCI_Dataset;03/03/05 04:00;1;MODERADO;R02_NO2_MODERADO;Monitorizar evolucão. Sensiveis reduzam atividade ao ar livre.
UCI_Dataset;03/03/05 05:00;1;MODERADO;R02_NO2_MODERADO;Monitorizar evolucão. Sensiveis reduzam atividade ao ar livre.
UCI_Dataset;03/03/05 06:00;1;MODERADO;R02_NO2_MODERADO;Monitorizar evolucão. Sensiveis reduzam atividade ao ar livre.
UCI_Dataset;03/03/05 07:00;1;MODERADO;R02_NO2_MODERADO;Monitorizar evolucão. Sensiveis reduzam atividade ao ar livre.
UCI_Dataset;03/03/05 08:00;1;MODERADO;R02_NO2_MODERADO;Monitorizar evolucão. Sensiveis reduzam atividade ao ar livre.
UCI_Dataset;03/03/05 09:00;1;ALTO;R01_NO2_ALTO;Limitar trafego automovel. Grupos sensiveis evitem exposição prolongada.
UCI_Dataset;03/03/05 10:00;1;MODERADO;R02_NO2_MODERADO;Monitorizar evolucão. Sensiveis reduzam atividade ao ar livre.
UCI_Dataset;03/03/05 11:00;1;MODERADO;R02_NO2_MODERADO;Monitorizar evolucão. Sensiveis reduzam atividade ao ar livre.
UCI_Dataset;03/03/05 12:00;1;MODERADO;R02_NO2_MODERADO;Monitorizar evolucão. Sensiveis reduzam atividade ao ar livre.
UCI_Dataset;03/03/05 13:00;1;MODERADO;R02_NO2_MODERADO;Monitorizar evolucão. Sensiveis reduzam atividade ao ar livre.
UCI_Dataset;03/03/05 14:00;1;MODERADO;R02_NO2_MODERADO;Monitorizar evolucão. Sensiveis reduzam atividade ao ar livre.
UCI_Dataset;03/03/05 15:00;1;MODERADO;R02_NO2_MODERADO;Monitorizar evolucão. Sensiveis reduzam atividade ao ar livre.
UCI_Dataset;03/03/05 16:00;1;MODERADO;R02_NO2_MODERADO;Monitorizar evolucão. Sensiveis reduzam atividade ao ar livre.
UCI_Dataset;03/03/05 17:00;1;MODERADO;R02_NO2_MODERADO;Monitorizar evolucão. Sensiveis reduzam atividade ao ar livre.
UCI_Dataset;03/03/05 18:00;2;ALTO;R12_QUALIDADE_AR_PESSIMA, R02_NO2_MODERADO;Qualidade do ar muito degradada agravada por humidade alta. Grupos de risco evitem saídas.
UCI_Dataset;03/03/05 19:00;2;ALTO;R01_NO2_ALTO, R12_QUALIDADE_AR_PESSIMA;Limitar trafego automovel. Grupos sensiveis evitem exposição prolongada.
UCI_Dataset;03/03/05 20:00;2;ALTO;R12_QUALIDADE_AR_PESSIMA, R02_NO2_MODERADO;Qualidade do ar muito degradada agravada por humidade alta. Grupos de risco evitem saídas.
UCI_Dataset;03/03/05 21:00;2;ALTO;R12_QUALIDADE_AR_PESSIMA, R02_NO2_MODERADO;Qualidade do ar muito degradada agravada por humidade alta. Grupos de risco evitem saídas.
UCI_Dataset;03/03/05 22:00;2;ALTO;R12_QUALIDADE_AR_PESSIMA, R02_NO2_MODERADO;Qualidade do ar muito degradada agravada por humidade alta. Grupos de risco evitem saídas.
UCI_Dataset;03/03/05 23:00;2;ALTO;R12_QUALIDADE_AR_PESSIMA, R02_NO2_MODERADO;Qualidade do ar muito degradada agravada por humidade alta. Grupos de risco evitem saídas.
UCI_Dataset;04/03/05 00:00;2;ALTO;R12_QUALIDADE_AR_PESSIMA, R02_NO2_MODERADO;Qualidade do ar muito degradada agravada por humidade alta. Grupos de risco evitem saídas.
UCI_Dataset;04/03/05 01:00;2;ALTO;R12_QUALIDADE_AR_PESSIMA, R02_NO2_MODERADO;Qualidade do ar muito degradada agravada por humidade alta. Grupos de risco evitem saídas.
UCI_Dataset;04/03/05 02:00;1;MODERADO;R02_NO2_MODERADO;Monitorizar evolucão. Sensiveis reduzam atividade ao ar livre.
UCI_Dataset;04/03/05 03:00;0;NORMAL;;Sem ação necessária.
UCI_Dataset;04/03/05 04:00;0;NORMAL;;Sem ação necessária.
UCI_Dataset;04/03/05 05:00;1;MODERADO;R02_NO2_MODERADO;Monitorizar evolucão. Sensiveis reduzam atividade ao ar livre.
UCI_Dataset;04/03/05 06:00;1;MODERADO;R02_NO2_MODERADO;Monitorizar evolucão. Sensiveis reduzam atividade ao ar livre.
UCI_Dataset;04/03/05 07:00;1;MODERADO;R02_NO2_MODERADO;Monitorizar evolucão. Sensiveis reduzam atividade ao ar livre.
UCI_Dataset;04/03/05 08:00;1;MODERADO;R02_NO2_MODERADO;Monitorizar evolucão. Sensiveis reduzam atividade ao ar livre.
UCI_Dataset;04/03/05 09:00;1;ALTO;R01_NO2_ALTO;Limitar trafego automovel. Grupos sensiveis evitem exposição prolongada.
UCI_Dataset;04/03/05 10:00;1;ALTO;R01_NO2_ALTO;Limitar trafego automovel. Grupos sensiveis evitem exposição prolongada.
UCI_Dataset;04/03/05 11:00;1;MODERADO;R02_NO2_MODERADO;Monitorizar evolucão. Sensiveis reduzam atividade ao ar livre.
UCI_Dataset;04/03/05 12:00;1;MODERADO;R02_NO2_MODERADO;Monitorizar evolucão. Sensiveis reduzam atividade ao ar livre.
UCI_Dataset;04/03/05 13:00;1;MODERADO;R02_NO2_MODERADO;Monitorizar evolucão. Sensiveis reduzam atividade ao ar livre.
UCI_Dataset;04/03/05 14:00;1;MODERADO;R02_NO2_MODERADO;Monitorizar evolucão. Sensiveis reduzam atividade ao ar livre.
UCI_Dataset;04/03/05 15:00;1;MODERADO;R02_NO2_MODERADO;Monitorizar evolucão. Sensiveis reduzam atividade ao ar livre.
UCI_Dataset;04/03/05 16:00;1;ALTO;R01_NO2_ALTO;Limitar trafego automovel. Grupos sensiveis evitem exposição prolongada.
UCI_Dataset;04/03/05 17:00;1;MODERADO;R02_NO2_MODERADO;Monitorizar evolucão. Sensiveis reduzam atividade ao ar livre.
UCI_Dataset;04/03/05 18:00;1;MODERADO;R02_NO2_MODERADO;Monitorizar evolucão. Sensiveis reduzam atividade ao ar livre.
UCI_Dataset;04/03/05 19:00;1;MODERADO;R02_NO2_MODERADO;Monitorizar evolucão. Sensiveis reduzam atividade ao ar livre.
UCI_Dataset;04/03/05 20:00;1;ALTO;R01_NO2_ALTO;Limitar trafego automovel. Grupos sensiveis evitem exposição prolongada.
UCI_Dataset;04/03/05 21:00;1;MODERADO;R02_NO2_MODERADO;Monitorizar evolucão. Sensiveis reduzam atividade ao ar livre.
UCI_Dataset;04/03/05 22:00;1;MODERADO;R02_NO2_MODERADO;Monitorizar evolucão. Sensiveis reduzam atividade ao ar livre.
UCI_Dataset;04/03/05 23:00;1;MODERADO;R02_NO2_MODERADO;Monitorizar evolucão. Sensiveis reduzam atividade ao ar livre.
UCI_Dataset;05/03/05 00:00;1;MODERADO;R02_NO2_MODERADO;Monitorizar evolucão. Sensiveis reduzam atividade ao ar livre.
UCI_Dataset;05/03/05 01:00;1;MODERADO;R02_NO2_MODERADO;Monitorizar evolucão. Sensiveis reduzam atividade ao ar livre.
UCI_Dataset;05/03/05 02:00;1;MODERADO;R02_NO2_MODERADO;Monitorizar evolucão. Sensiveis reduzam atividade ao ar livre.
UCI_Dataset;05/03/05 03:00;0;NORMAL;;Sem ação necessária.
UCI_Dataset;05/03/05 04:00;1;MODERADO;R02_NO2_MODERADO;Monitorizar evolucão. Sensiveis reduzam atividade ao ar livre.
UCI_Dataset;05/03/05 05:00;1;MODERADO;R02_NO2_MODERADO;Monitorizar evolucão. Sensiveis reduzam atividade ao ar livre.
UCI_Dataset;05/03/05 06:00;1;MODERADO;R02_NO2_MODERADO;Monitorizar evolucão. Sensiveis reduzam atividade ao ar livre.
UCI_Dataset;05/03/05 07:00;1;MODERADO;R02_NO2_MODERADO;Monitorizar evolucão. Sensiveis reduzam atividade ao ar livre.
UCI_Dataset;05/03/05 08:00;1;MODERADO;R02_NO2_MODERADO;Monitorizar evolucão. Sensiveis reduzam atividade ao ar livre.
UCI_Dataset;05/03/05 09:00;1;MODERADO;R02_NO2_MODERADO;Monitorizar evolucão. Sensiveis reduzam atividade ao ar livre.
UCI_Dataset;05/03/05 10:00;1;MODERADO;R02_NO2_MODERADO;Monitorizar evolucão. Sensiveis reduzam atividade ao ar livre.
UCI_Dataset;05/03/05 11:00;1;MODERADO;R02_NO2_MODERADO;Monitorizar evolucão. Sensiveis reduzam atividade ao ar livre.
UCI_Dataset;05/03/05 12:00;1;MODERADO;R02_NO2_MODERADO;Monitorizar evolucão. Sensiveis reduzam atividade ao ar livre.
UCI_Dataset;05/03/05 13:00;1;MODERADO;R02_NO2_MODERADO;Monitorizar evolucão. Sensiveis reduzam atividade ao ar livre.
UCI_Dataset;05/03/05 14:00;1;MODERADO;R02_NO2_MODERADO;Monitorizar evolucão. Sensiveis reduzam atividade ao ar livre.
UCI_Dataset;05/03/05 15:00;1;MODERADO;R02_NO2_MODERADO;Monitorizar evolucão. Sensiveis reduzam atividade ao ar livre.
UCI_Dataset;05/03/05 16:00;1;MODERADO;R02_NO2_MODERADO;Monitorizar evolucão. Sensiveis reduzam atividade ao ar livre.
UCI_Dataset;05/03/05 17:00;1;MODERADO;R02_NO2_MODERADO;Monitorizar evolucão. Sensiveis reduzam atividade ao ar livre.
UCI_Dataset;05/03/05 18:00;1;MODERADO;R02_NO2_MODERADO;Monitorizar evolucão. Sensiveis reduzam atividade ao ar livre.
UCI_Dataset;05/03/05 19:00;1;MODERADO;R02_NO2_MODERADO;Monitorizar evolucão. Sensiveis reduzam atividade ao ar livre.
UCI_Dataset;05/03/05 20:00;1;MODERADO;R02_NO2_MODERADO;Monitorizar evolucão. Sensiveis reduzam atividade ao ar livre.
UCI_Dataset;05/03/05 21:00;1;MODERADO;R02_NO2_MODERADO;Monitorizar evolucão. Sensiveis reduzam atividade ao ar livre.
UCI_Dataset;05/03/05 22:00;1;MODERADO;R02_NO2_MODERADO;Monitorizar evolucão. Sensiveis reduzam atividade ao ar livre.
UCI_Dataset;05/03/05 23:00;1;MODERADO;R02_NO2_MODERADO;Monitorizar evolucão. Sensiveis reduzam atividade ao ar livre.
UCI_Dataset;06/03/05 00:00;1;MODERADO;R02_NO2_MODERADO;Monitorizar evolucão. Sensiveis reduzam atividade ao ar livre.
UCI_Dataset;06/03/05 01:00;1;MODERADO;R02_NO2_MODERADO;Monitorizar evolucão. Sensiveis reduzam atividade ao ar livre.
UCI_Dataset;06/03/05 02:00;1;MODERADO;R02_NO2_MODERADO;Monitorizar evolucão. Sensiveis reduzam atividade ao ar livre.
UCI_Dataset;06/03/05 03:00;0;NORMAL;;Sem ação necessária.
UCI_Dataset;06/03/05 04:00;0;NORMAL;;Sem ação necessária.
UCI_Dataset;06/03/05 05:00;0;NORMAL;;Sem ação necessária.
UCI_Dataset;06/03/05 06:00;0;NORMAL;;Sem ação necessária.
UCI_Dataset;06/03/05 07:00;0;NORMAL;;Sem ação necessária.
UCI_Dataset;06/03/05 08:00;0;NORMAL;;Sem ação necessária.
UCI_Dataset;06/03/05 09:00;0;NORMAL;;Sem ação necessária.
UCI_Dataset;06/03/05 10:00;0;NORMAL;;Sem ação necessária.
UCI_Dataset;06/03/05 11:00;0;NORMAL;;Sem ação necessária.
UCI_Dataset;06/03/05 12:00;0;NORMAL;;Sem ação necessária.
UCI_Dataset;06/03/05 13:00;0;NORMAL;;Sem ação necessária.
UCI_Dataset;06/03/05 14:00;1;MODERADO;R02_NO2_MODERADO;Monitorizar evolucão. Sensiveis reduzam atividade ao ar livre.
UCI_Dataset;06/03/05 15:00;1;MODERADO;R02_NO2_MODERADO;Monitorizar evolucão. Sensiveis reduzam atividade ao ar livre.
UCI_Dataset;06/03/05 16:00;1;MODERADO;R02_NO2_MODERADO;Monitorizar evolucão. Sensiveis reduzam atividade ao ar livre.
UCI_Dataset;06/03/05 17:00;1;MODERADO;R02_NO2_MODERADO;Monitorizar evolucão. Sensiveis reduzam atividade ao ar livre.
UCI_Dataset;06/03/05 18:00;1;MODERADO;R02_NO2_MODERADO;Monitorizar evolucão. Sensiveis reduzam atividade ao ar livre.
UCI_Dataset;06/03/05 19:00;1;MODERADO;R02_NO2_MODERADO;Monitorizar evolucão. Sensiveis reduzam atividade ao ar livre.
UCI_Dataset;06/03/05 20:00;1;MODERADO;R02_NO2_MODERADO;Monitorizar evolucão. Sensiveis reduzam atividade ao ar livre.
UCI_Dataset;06/03/05 21:00;1;MODERADO;R02_NO2_MODERADO;Monitorizar evolucão. Sensiveis reduzam atividade ao ar livre.
UCI_Dataset;06/03/05 22:00;1;MODERADO;R02_NO2_MODERADO;Monitorizar evolucão. Sensiveis reduzam atividade ao ar livre.
UCI_Dataset;06/03/05 23:00;1;MODERADO;R02_NO2_MODERADO;Monitorizar evolucão. Sensiveis reduzam atividade ao ar livre.
UCI_Dataset;07/03/05 00:00;1;MODERADO;R02_NO2_MODERADO;Monitorizar evolucão. Sensiveis reduzam atividade ao ar livre.
UCI_Dataset;07/03/05 01:00;1;MODERADO;R02_NO2_MODERADO;Monitorizar evolucão. Sensiveis reduzam atividade ao ar livre.
UCI_Dataset;07/03/05 02:00;0;NORMAL;;Sem ação necessária.
UCI_Dataset;07/03/05 03:00;0;NORMAL;;Sem ação necessária.
UCI_Dataset;07/03/05 04:00;0;NORMAL;;Sem ação necessária.
UCI_Dataset;07/03/05 05:00;0;NORMAL;;Sem ação necessária.
UCI_Dataset;07/03/05 06:00;0;NORMAL;;Sem ação necessária.
UCI_Dataset;07/03/05 07:00;0;NORMAL;;Sem ação necessária.
UCI_Dataset;07/03/05 08:00;1;MODERADO;R02_NO2_MODERADO;Monitorizar evolucão. Sensiveis reduzam atividade ao ar livre.
UCI_Dataset;07/03/05 09:00;1;MODERADO;R02_NO2_MODERADO;Monitorizar evolucão. Sensiveis reduzam atividade ao ar livre.
UCI_Dataset;07/03/05 10:00;1;MODERADO;R02_NO2_MODERADO;Monitorizar evolucão. Sensiveis reduzam atividade ao ar livre.
UCI_Dataset;07/03/05 11:00;1;MODERADO;R02_NO2_MODERADO;Monitorizar evolucão. Sensiveis reduzam atividade ao ar livre.
UCI_Dataset;07/03/05 12:00;1;MODERADO;R02_NO2_MODERADO;Monitorizar evolucão. Sensiveis reduzam atividade ao ar livre.
UCI_Dataset;07/03/05 13:00;1;MODERADO;R02_NO2_MODERADO;Monitorizar evolucão. Sensiveis reduzam atividade ao ar livre.
UCI_Dataset;07/03/05 14:00;1;MODERADO;R02_NO2_MODERADO;Monitorizar evolucão. Sensiveis reduzam atividade ao ar livre.
UCI_Dataset;07/03/05 15:00;1;MODERADO;R02_NO2_MODERADO;Monitorizar evolucão. Sensiveis reduzam atividade ao ar livre.
UCI_Dataset;07/03/05 16:00;1;MODERADO;R02_NO2_MODERADO;Monitorizar evolucão. Sensiveis reduzam atividade ao ar livre.
UCI_Dataset;07/03/05 17:00;1;MODERADO;R02_NO2_MODERADO;Monitorizar evolucão. Sensiveis reduzam atividade ao ar livre.
UCI_Dataset;07/03/05 18:00;1;ALTO;R01_NO2_ALTO;Limitar trafego automovel. Grupos sensiveis evitem exposição prolongada.
UCI_Dataset;07/03/05 19:00;1;ALTO;R01_NO2_ALTO;Limitar trafego automovel. Grupos sensiveis evitem exposição prolongada.
UCI_Dataset;07/03/05 20:00;1;ALTO;R01_NO2_ALTO;Limitar trafego automovel. Grupos sensiveis evitem exposição prolongada.
UCI_Dataset;07/03/05 21:00;1;ALTO;R01_NO2_ALTO;Limitar trafego automovel. Grupos sensiveis evitem exposição prolongada.
UCI_Dataset;07/03/05 22:00;1;MODERADO;R02_NO2_MODERADO;Monitorizar evolucão. Sensiveis reduzam atividade ao ar livre.
UCI_Dataset;07/03/05 23:00;1;MODERADO;R02_NO2_MODERADO;Monitorizar evolucão. Sensiveis reduzam atividade ao ar livre.
UCI_Dataset;08/03/05 00:00;1;MODERADO;R02_NO2_MODERADO;Monitorizar evolucão. Sensiveis reduzam atividade ao ar livre.
UCI_Dataset;08/03/05 01:00;1;MODERADO;R02_NO2_MODERADO;Monitorizar evolucão. Sensiveis reduzam atividade ao ar livre.
UCI_Dataset;08/03/05 02:00;1;MODERADO;R02_NO2_MODERADO;Monitorizar evolucão. Sensiveis reduzam atividade ao ar livre.
UCI_Dataset;08/03/05 03:00;0;NORMAL;;Sem ação necessária.
UCI_Dataset;08/03/05 04:00;1;MODERADO;R02_NO2_MODERADO;Monitorizar evolucão. Sensiveis reduzam atividade ao ar livre.
UCI_Dataset;08/03/05 05:00;1;MODERADO;R02_NO2_MODERADO;Monitorizar evolucão. Sensiveis reduzam atividade ao ar livre.
UCI_Dataset;08/03/05 06:00;1;MODERADO;R02_NO2_MODERADO;Monitorizar evolucão. Sensiveis reduzam atividade ao ar livre.
UCI_Dataset;08/03/05 07:00;1;MODERADO;R02_NO2_MODERADO;Monitorizar evolucão. Sensiveis reduzam atividade ao ar livre.
UCI_Dataset;08/03/05 08:00;1;MODERADO;R02_NO2_MODERADO;Monitorizar evolucão. Sensiveis reduzam atividade ao ar livre.
UCI_Dataset;08/03/05 09:00;1;ALTO;R01_NO2_ALTO;Limitar trafego automovel. Grupos sensiveis evitem exposição prolongada.
UCI_Dataset;08/03/05 10:00;1;ALTO;R01_NO2_ALTO;Limitar trafego automovel. Grupos sensiveis evitem exposição prolongada.
UCI_Dataset;08/03/05 11:00;1;ALTO;R01_NO2_ALTO;Limitar trafego automovel. Grupos sensiveis evitem exposição prolongada.
UCI_Dataset;08/03/05 12:00;1;MODERADO;R02_NO2_MODERADO;Monitorizar evolucão. Sensiveis reduzam atividade ao ar livre.
UCI_Dataset;08/03/05 13:00;1;MODERADO;R02_NO2_MODERADO;Monitorizar evolucão. Sensiveis reduzam atividade ao ar livre.
UCI_Dataset;08/03/05 14:00;1;MODERADO;R02_NO2_MODERADO;Monitorizar evolucão. Sensiveis reduzam atividade ao ar livre.
UCI_Dataset;08/03/05 15:00;1;MODERADO;R02_NO2_MODERADO;Monitorizar evolucão. Sensiveis reduzam atividade ao ar livre.
UCI_Dataset;08/03/05 16:00;1;MODERADO;R02_NO2_MODERADO;Monitorizar evolucão. Sensiveis reduzam atividade ao ar livre.
UCI_Dataset;08/03/05 17:00;1;MODERADO;R02_NO2_MODERADO;Monitorizar evolucão. Sensiveis reduzam atividade ao ar livre.
UCI_Dataset;08/03/05 18:00;1;ALTO;R01_NO2_ALTO;Limitar trafego automovel. Grupos sensiveis evitem exposição prolongada.
UCI_Dataset;08/03/05 19:00;1;ALTO;R01_NO2_ALTO;Limitar trafego automovel. Grupos sensiveis evitem exposição prolongada.
UCI_Dataset;08/03/05 20:00;1;ALTO;R01_NO2_ALTO;Limitar trafego automovel. Grupos sensiveis evitem exposição prolongada.
UCI_Dataset;08/03/05 21:00;1;ALTO;R01_NO2_ALTO;Limitar trafego automovel. Grupos sensiveis evitem exposição prolongada.
UCI_Dataset;08/03/05 22:00;1;ALTO;R01_NO2_ALTO;Limitar trafego automovel. Grupos sensiveis evitem exposição prolongada.
UCI_Dataset;08/03/05 23:00;1;MODERADO;R02_NO2_MODERADO;Monitorizar evolucão. Sensiveis reduzam atividade ao ar livre.
UCI_Dataset;09/03/05 00:00;1;MODERADO;R02_NO2_MODERADO;Monitorizar evolucão. Sensiveis reduzam atividade ao ar livre.
UCI_Dataset;09/03/05 01:00;1;MODERADO;R02_NO2_MODERADO;Monitorizar evolucão. Sensiveis reduzam atividade ao ar livre.
UCI_Dataset;09/03/05 02:00;1;MODERADO;R02_NO2_MODERADO;Monitorizar evolucão. Sensiveis reduzam atividade ao ar livre.
UCI_Dataset;09/03/05 03:00;0;NORMAL;;Sem ação necessária.
UCI_Dataset;09/03/05 04:00;0;NORMAL;;Sem ação necessária.
UCI_Dataset;09/03/05 05:00;1;MODERADO;R02_NO2_MODERADO;Monitorizar evolucão. Sensiveis reduzam atividade ao ar livre.
UCI_Dataset;09/03/05 06:00;1;MODERADO;R02_NO2_MODERADO;Monitorizar evolucão. Sensiveis reduzam atividade ao ar livre.
UCI_Dataset;09/03/05 07:00;1;MODERADO;R02_NO2_MODERADO;Monitorizar evolucão. Sensiveis reduzam atividade ao ar livre.
UCI_Dataset;09/03/05 08:00;1;MODERADO;R02_NO2_MODERADO;Monitorizar evolucão. Sensiveis reduzam atividade ao ar livre.
UCI_Dataset;09/03/05 09:00;1;ALTO;R01_NO2_ALTO;Limitar trafego automovel. Grupos sensiveis evitem exposição prolongada.
UCI_Dataset;09/03/05 10:00;1;ALTO;R01_NO2_ALTO;Limitar trafego automovel. Grupos sensiveis evitem exposição prolongada.
UCI_Dataset;09/03/05 11:00;1;ALTO;R01_NO2_ALTO;Limitar trafego automovel. Grupos sensiveis evitem exposição prolongada.
UCI_Dataset;09/03/05 12:00;1;MODERADO;R02_NO2_MODERADO;Monitorizar evolucão. Sensiveis reduzam atividade ao ar livre.
UCI_Dataset;09/03/05 13:00;1;MODERADO;R02_NO2_MODERADO;Monitorizar evolucão. Sensiveis reduzam atividade ao ar livre.
UCI_Dataset;09/03/05 14:00;1;MODERADO;R02_NO2_MODERADO;Monitorizar evolucão. Sensiveis reduzam atividade ao ar livre.
UCI_Dataset;09/03/05 15:00;1;MODERADO;R02_NO2_MODERADO;Monitorizar evolucão. Sensiveis reduzam atividade ao ar livre.
UCI_Dataset;09/03/05 16:00;1;MODERADO;R02_NO2_MODERADO;Monitorizar evolucão. Sensiveis reduzam atividade ao ar livre.
UCI_Dataset;09/03/05 17:00;1;MODERADO;R02_NO2_MODERADO;Monitorizar evolucão. Sensiveis reduzam atividade ao ar livre.
UCI_Dataset;09/03/05 18:00;1;MODERADO;R02_NO2_MODERADO;Monitorizar evolucão. Sensiveis reduzam atividade ao ar livre.
UCI_Dataset;09/03/05 19:00;1;ALTO;R01_NO2_ALTO;Limitar trafego automovel. Grupos sensiveis evitem exposição prolongada.
UCI_Dataset;09/03/05 20:00;1;MODERADO;R02_NO2_MODERADO;Monitorizar evolucão. Sensiveis reduzam atividade ao ar livre.
UCI_Dataset;09/03/05 21:00;1;MODERADO;R02_NO2_MODERADO;Monitorizar evolucão. Sensiveis reduzam atividade ao ar livre.
UCI_Dataset;09/03/05 22:00;1;MODERADO;R02_NO2_MODERADO;Monitorizar evolucão. Sensiveis reduzam atividade ao ar livre.
UCI_Dataset;09/03/05 23:00;1;MODERADO;R02_NO2_MODERADO;Monitorizar evolucão. Sensiveis reduzam atividade ao ar livre.
UCI_Dataset;10/03/05 00:00;1;MODERADO;R02_NO2_MODERADO;Monitorizar evolucão. Sensiveis reduzam atividade ao ar livre.
UCI_Dataset;10/03/05 01:00;1;MODERADO;R02_NO2_MODERADO;Monitorizar evolucão. Sensiveis reduzam atividade ao ar livre.
UCI_Dataset;10/03/05 02:00;0;NORMAL;;Sem ação necessária.
UCI_Dataset;10/03/05 03:00;0;NORMAL;;Sem ação necessária.
UCI_Dataset;10/03/05 04:00;0;NORMAL;;Sem ação necessária.
UCI_Dataset;10/03/05 05:00;0;NORMAL;;Sem ação necessária.
UCI_Dataset;10/03/05 06:00;1;MODERADO;R02_NO2_MODERADO;Monitorizar evolucão. Sensiveis reduzam atividade ao ar livre.
UCI_Dataset;10/03/05 07:00;1;MODERADO;R02_NO2_MODERADO;Monitorizar evolucão. Sensiveis reduzam atividade ao ar livre.
UCI_Dataset;10/03/05 08:00;1;MODERADO;R02_NO2_MODERADO;Monitorizar evolucão. Sensiveis reduzam atividade ao ar livre.
UCI_Dataset;10/03/05 09:00;1;MODERADO;R02_NO2_MODERADO;Monitorizar evolucão. Sensiveis reduzam atividade ao ar livre.
UCI_Dataset;10/03/05 10:00;1;MODERADO;R02_NO2_MODERADO;Monitorizar evolucão. Sensiveis reduzam atividade ao ar livre.
UCI_Dataset;10/03/05 11:00;1;MODERADO;R02_NO2_MODERADO;Monitorizar evolucão. Sensiveis reduzam atividade ao ar livre.
UCI_Dataset;10/03/05 12:00;1;MODERADO;R02_NO2_MODERADO;Monitorizar evolucão. Sensiveis reduzam atividade ao ar livre.
UCI_Dataset;10/03/05 13:00;0;NORMAL;;Sem ação necessária.
UCI_Dataset;10/03/05 14:00;1;MODERADO;R02_NO2_MODERADO;Monitorizar evolucão. Sensiveis reduzam atividade ao ar livre.
UCI_Dataset;10/03/05 15:00;1;MODERADO;R02_NO2_MODERADO;Monitorizar evolucão. Sensiveis reduzam atividade ao ar livre.
UCI_Dataset;10/03/05 16:00;1;MODERADO;R02_NO2_MODERADO;Monitorizar evolucão. Sensiveis reduzam atividade ao ar livre.
UCI_Dataset;10/03/05 17:00;1;MODERADO;R02_NO2_MODERADO;Monitorizar evolucão. Sensiveis reduzam atividade ao ar livre.
UCI_Dataset;10/03/05 18:00;1;MODERADO;R02_NO2_MODERADO;Monitorizar evolucão. Sensiveis reduzam atividade ao ar livre.
UCI_Dataset;10/03/05 19:00;1;ALTO;R01_NO2_ALTO;Limitar trafego automovel. Grupos sensiveis evitem exposição prolongada.
UCI_Dataset;10/03/05 20:00;1;ALTO;R01_NO2_ALTO;Limitar trafego automovel. Grupos sensiveis evitem exposição prolongada.
UCI_Dataset;10/03/05 21:00;1;ALTO;R01_NO2_ALTO;Limitar trafego automovel. Grupos sensiveis evitem exposição prolongada.
UCI_Dataset;10/03/05 22:00;1;MODERADO;R02_NO2_MODERADO;Monitorizar evolucão. Sensiveis reduzam atividade ao ar livre.
UCI_Dataset;10/03/05 23:00;1;MODERADO;R02_NO2_MODERADO;Monitorizar evolucão. Sensiveis reduzam atividade ao ar livre.
UCI_Dataset;11/03/05 00:00;1;MODERADO;R02_NO2_MODERADO;Monitorizar evolucão. Sensiveis reduzam atividade ao ar livre.
UCI_Dataset;11/03/05 01:00;1;MODERADO;R02_NO2_MODERADO;Monitorizar evolucão. Sensiveis reduzam atividade ao ar livre.
UCI_Dataset;11/03/05 02:00;1;MODERADO;R02_NO2_MODERADO;Monitorizar evolucão. Sensiveis reduzam atividade ao ar livre.
UCI_Dataset;11/03/05 03:00;0;NORMAL;;Sem ação necessária.
UCI_Dataset;11/03/05 04:00;0;NORMAL;;Sem ação necessária.
UCI_Dataset;11/03/05 05:00;0;NORMAL;;Sem ação necessária.
UCI_Dataset;11/03/05 06:00;0;NORMAL;;Sem ação necessária.
UCI_Dataset;11/03/05 07:00;1;MODERADO;R02_NO2_MODERADO;Monitorizar evolucão. Sensiveis reduzam atividade ao ar livre.
UCI_Dataset;11/03/05 08:00;1;MODERADO;R02_NO2_MODERADO;Monitorizar evolucão. Sensiveis reduzam atividade ao ar livre.
UCI_Dataset;11/03/05 09:00;1;MODERADO;R02_NO2_MODERADO;Monitorizar evolucão. Sensiveis reduzam atividade ao ar livre.
UCI_Dataset;11/03/05 10:00;1;ALTO;R01_NO2_ALTO;Limitar trafego automovel. Grupos sensiveis evitem exposição prolongada.
UCI_Dataset;11/03/05 11:00;1;ALTO;R01_NO2_ALTO;Limitar trafego automovel. Grupos sensiveis evitem exposição prolongada.
UCI_Dataset;11/03/05 12:00;1;MODERADO;R02_NO2_MODERADO;Monitorizar evolucão. Sensiveis reduzam atividade ao ar livre.
UCI_Dataset;11/03/05 13:00;1;MODERADO;R02_NO2_MODERADO;Monitorizar evolucão. Sensiveis reduzam atividade ao ar livre.
UCI_Dataset;11/03/05 14:00;1;MODERADO;R02_NO2_MODERADO;Monitorizar evolucão. Sensiveis reduzam atividade ao ar livre.
UCI_Dataset;11/03/05 15:00;1;MODERADO;R02_NO2_MODERADO;Monitorizar evolucão. Sensiveis reduzam atividade ao ar livre.
UCI_Dataset;11/03/05 16:00;1;MODERADO;R02_NO2_MODERADO;Monitorizar evolucão. Sensiveis reduzam atividade ao ar livre.
UCI_Dataset;11/03/05 17:00;1;MODERADO;R02_NO2_MODERADO;Monitorizar evolucão. Sensiveis reduzam atividade ao ar livre.
UCI_Dataset;11/03/05 18:00;1;MODERADO;R02_NO2_MODERADO;Monitorizar evolucão. Sensiveis reduzam atividade ao ar livre.
UCI_Dataset;11/03/05 19:00;1;ALTO;R01_NO2_ALTO;Limitar trafego automovel. Grupos sensiveis evitem exposição prolongada.
UCI_Dataset;11/03/05 20:00;1;ALTO;R01_NO2_ALTO;Limitar trafego automovel. Grupos sensiveis evitem exposição prolongada.
UCI_Dataset;11/03/05 21:00;1;ALTO;R01_NO2_ALTO;Limitar trafego automovel. Grupos sensiveis evitem exposição prolongada.
UCI_Dataset;11/03/05 22:00;1;MODERADO;R02_NO2_MODERADO;Monitorizar evolucão. Sensiveis reduzam atividade ao ar livre.
UCI_Dataset;11/03/05 23:00;1;MODERADO;R02_NO2_MODERADO;Monitorizar evolucão. Sensiveis reduzam atividade ao ar livre.
UCI_Dataset;12/03/05 00:00;1;MODERADO;R02_NO2_MODERADO;Monitorizar evolucão. Sensiveis reduzam atividade ao ar livre.
UCI_Dataset;12/03/05 01:00;1;MODERADO;R02_NO2_MODERADO;Monitorizar evolucão. Sensiveis reduzam atividade ao ar livre.
UCI_Dataset;12/03/05 02:00;1;MODERADO;R02_NO2_MODERADO;Monitorizar evolucão. Sensiveis reduzam atividade ao ar livre.
UCI_Dataset;12/03/05 03:00;1;MODERADO;R02_NO2_MODERADO;Monitorizar evolucão. Sensiveis reduzam atividade ao ar livre.
UCI_Dataset;12/03/05 04:00;0;NORMAL;;Sem ação necessária.
UCI_Dataset;12/03/05 05:00;0;NORMAL;;Sem ação necessária.
UCI_Dataset;12/03/05 06:00;0;NORMAL;;Sem ação necessária.
UCI_Dataset;12/03/05 07:00;0;NORMAL;;Sem ação necessária.
UCI_Dataset;12/03/05 08:00;0;NORMAL;;Sem ação necessária.
UCI_Dataset;12/03/05 09:00;1;MODERADO;R02_NO2_MODERADO;Monitorizar evolucão. Sensiveis reduzam atividade ao ar livre.
UCI_Dataset;12/03/05 10:00;1;MODERADO;R02_NO2_MODERADO;Monitorizar evolucão. Sensiveis reduzam atividade ao ar livre.
UCI_Dataset;12/03/05 11:00;1;MODERADO;R02_NO2_MODERADO;Monitorizar evolucão. Sensiveis reduzam atividade ao ar livre.
UCI_Dataset;12/03/05 12:00;1;MODERADO;R02_NO2_MODERADO;Monitorizar evolucão. Sensiveis reduzam atividade ao ar livre.
UCI_Dataset;12/03/05 13:00;1;MODERADO;R02_NO2_MODERADO;Monitorizar evolucão. Sensiveis reduzam atividade ao ar livre.
UCI_Dataset;12/03/05 14:00;1;MODERADO;R02_NO2_MODERADO;Monitorizar evolucão. Sensiveis reduzam atividade ao ar livre.
UCI_Dataset;12/03/05 15:00;1;MODERADO;R02_NO2_MODERADO;Monitorizar evolucão. Sensiveis reduzam atividade ao ar livre.
UCI_Dataset;12/03/05 16:00;1;MODERADO;R02_NO2_MODERADO;Monitorizar evolucão. Sensiveis reduzam atividade ao ar livre.
UCI_Dataset;12/03/05 17:00;1;MODERADO;R02_NO2_MODERADO;Monitorizar evolucão. Sensiveis reduzam atividade ao ar livre.
UCI_Dataset;12/03/05 18:00;1;MODERADO;R02_NO2_MODERADO;Monitorizar evolucão. Sensiveis reduzam atividade ao ar livre.
UCI_Dataset;12/03/05 19:00;1;MODERADO;R02_NO2_MODERADO;Monitorizar evolucão. Sensiveis reduzam atividade ao ar livre.
UCI_Dataset;12/03/05 20:00;1;ALTO;R01_NO2_ALTO;Limitar trafego automovel. Grupos sensiveis evitem exposição prolongada.
UCI_Dataset;12/03/05 21:00;1;ALTO;R01_NO2_ALTO;Limitar trafego automovel. Grupos sensiveis evitem exposição prolongada.
UCI_Dataset;12/03/05 22:00;1;MODERADO;R02_NO2_MODERADO;Monitorizar evolucão. Sensiveis reduzam atividade ao ar livre.
UCI_Dataset;12/03/05 23:00;1;MODERADO;R02_NO2_MODERADO;Monitorizar evolucão. Sensiveis reduzam atividade ao ar livre.
UCI_Dataset;13/03/05 00:00;1;MODERADO;R02_NO2_MODERADO;Monitorizar evolucão. Sensiveis reduzam atividade ao ar livre.
UCI_Dataset;13/03/05 01:00;1;MODERADO;R02_NO2_MODERADO;Monitorizar evolucão. Sensiveis reduzam atividade ao ar livre.
UCI_Dataset;13/03/05 02:00;1;MODERADO;R02_NO2_MODERADO;Monitorizar evolucão. Sensiveis reduzam atividade ao ar livre.
UCI_Dataset;13/03/05 03:00;0;NORMAL;;Sem ação necessária.
UCI_Dataset;13/03/05 04:00;0;NORMAL;;Sem ação necessária.
UCI_Dataset;13/03/05 05:00;0;NORMAL;;Sem ação necessária.
UCI_Dataset;13/03/05 06:00;0;NORMAL;;Sem ação necessária.
UCI_Dataset;13/03/05 07:00;0;NORMAL;;Sem ação necessária.
UCI_Dataset;13/03/05 08:00;1;MODERADO;R02_NO2_MODERADO;Monitorizar evolucão. Sensiveis reduzam atividade ao ar livre.
UCI_Dataset;13/03/05 09:00;1;MODERADO;R02_NO2_MODERADO;Monitorizar evolucão. Sensiveis reduzam atividade ao ar livre.
UCI_Dataset;13/03/05 10:00;1;MODERADO;R02_NO2_MODERADO;Monitorizar evolucão. Sensiveis reduzam atividade ao ar livre.
UCI_Dataset;13/03/05 11:00;1;MODERADO;R02_NO2_MODERADO;Monitorizar evolucão. Sensiveis reduzam atividade ao ar livre.
UCI_Dataset;13/03/05 12:00;1;MODERADO;R02_NO2_MODERADO;Monitorizar evolucão. Sensiveis reduzam atividade ao ar livre.
UCI_Dataset;13/03/05 13:00;1;MODERADO;R02_NO2_MODERADO;Monitorizar evolucão. Sensiveis reduzam atividade ao ar livre.
UCI_Dataset;13/03/05 14:00;1;MODERADO;R02_NO2_MODERADO;Monitorizar evolucão. Sensiveis reduzam atividade ao ar livre.
UCI_Dataset;13/03/05 15:00;0;NORMAL;;Sem ação necessária.
UCI_Dataset;13/03/05 16:00;1;MODERADO;R02_NO2_MODERADO;Monitorizar evolucão. Sensiveis reduzam atividade ao ar livre.
UCI_Dataset;13/03/05 17:00;1;MODERADO;R02_NO2_MODERADO;Monitorizar evolucão. Sensiveis reduzam atividade ao ar livre.
UCI_Dataset;13/03/05 18:00;1;MODERADO;R02_NO2_MODERADO;Monitorizar evolucão. Sensiveis reduzam atividade ao ar livre.
UCI_Dataset;13/03/05 19:00;1;ALTO;R01_NO2_ALTO;Limitar trafego automovel. Grupos sensiveis evitem exposição prolongada.
UCI_Dataset;13/03/05 20:00;1;ALTO;R01_NO2_ALTO;Limitar trafego automovel. Grupos sensiveis evitem exposição prolongada.
UCI_Dataset;13/03/05 21:00;1;MODERADO;R02_NO2_MODERADO;Monitorizar evolucão. Sensiveis reduzam atividade ao ar livre.
UCI_Dataset;13/03/05 22:00;1;MODERADO;R02_NO2_MODERADO;Monitorizar evolucão. Sensiveis reduzam atividade ao ar livre.
UCI_Dataset;13/03/05 23:00;1;MODERADO;R02_NO2_MODERADO;Monitorizar evolucão. Sensiveis reduzam atividade ao ar livre.
UCI_Dataset;14/03/05 00:00;1;MODERADO;R02_NO2_MODERADO;Monitorizar evolucão. Sensiveis reduzam atividade ao ar livre.
UCI_Dataset;14/03/05 01:00;1;MODERADO;R02_NO2_MODERADO;Monitorizar evolucão. Sensiveis reduzam atividade ao ar livre.
UCI_Dataset;14/03/05 02:00;1;MODERADO;R02_NO2_MODERADO;Monitorizar evolucão. Sensiveis reduzam atividade ao ar livre.
UCI_Dataset;14/03/05 03:00;1;MODERADO;R02_NO2_MODERADO;Monitorizar evolucão. Sensiveis reduzam atividade ao ar livre.
UCI_Dataset;14/03/05 04:00;0;NORMAL;;Sem ação necessária.
UCI_Dataset;14/03/05 05:00;0;NORMAL;;Sem ação necessária.
UCI_Dataset;14/03/05 06:00;1;MODERADO;R02_NO2_MODERADO;Monitorizar evolucão. Sensiveis reduzam atividade ao ar livre.
UCI_Dataset;14/03/05 07:00;1;MODERADO;R02_NO2_MODERADO;Monitorizar evolucão. Sensiveis reduzam atividade ao ar livre.
UCI_Dataset;14/03/05 08:00;1;MODERADO;R02_NO2_MODERADO;Monitorizar evolucão. Sensiveis reduzam atividade ao ar livre.
UCI_Dataset;14/03/05 09:00;1;MODERADO;R02_NO2_MODERADO;Monitorizar evolucão. Sensiveis reduzam atividade ao ar livre.
UCI_Dataset;14/03/05 10:00;1;MODERADO;R02_NO2_MODERADO;Monitorizar evolucão. Sensiveis reduzam atividade ao ar livre.
UCI_Dataset;14/03/05 11:00;1;MODERADO;R02_NO2_MODERADO;Monitorizar evolucão. Sensiveis reduzam atividade ao ar livre.
UCI_Dataset;14/03/05 12:00;1;MODERADO;R02_NO2_MODERADO;Monitorizar evolucão. Sensiveis reduzam atividade ao ar livre.
UCI_Dataset;14/03/05 13:00;1;MODERADO;R02_NO2_MODERADO;Monitorizar evolucão. Sensiveis reduzam atividade ao ar livre.
UCI_Dataset;14/03/05 14:00;1;MODERADO;R02_NO2_MODERADO;Monitorizar evolucão. Sensiveis reduzam atividade ao ar livre.
UCI_Dataset;14/03/05 15:00;1;MODERADO;R02_NO2_MODERADO;Monitorizar evolucão. Sensiveis reduzam atividade ao ar livre.
UCI_Dataset;14/03/05 16:00;1;MODERADO;R02_NO2_MODERADO;Monitorizar evolucão. Sensiveis reduzam atividade ao ar livre.
UCI_Dataset;14/03/05 17:00;1;MODERADO;R02_NO2_MODERADO;Monitorizar evolucão. Sensiveis reduzam atividade ao ar livre.
UCI_Dataset;14/03/05 18:00;1;ALTO;R01_NO2_ALTO;Limitar trafego automovel. Grupos sensiveis evitem exposição prolongada.
UCI_Dataset;14/03/05 19:00;1;ALTO;R01_NO2_ALTO;Limitar trafego automovel. Grupos sensiveis evitem exposição prolongada.
UCI_Dataset;14/03/05 20:00;1;ALTO;R01_NO2_ALTO;Limitar trafego automovel. Grupos sensiveis evitem exposição prolongada.
UCI_Dataset;14/03/05 21:00;1;MODERADO;R02_NO2_MODERADO;Monitorizar evolucão. Sensiveis reduzam atividade ao ar livre.
UCI_Dataset;14/03/05 22:00;1;MODERADO;R02_NO2_MODERADO;Monitorizar evolucão. Sensiveis reduzam atividade ao ar livre.
UCI_Dataset;14/03/05 23:00;1;MODERADO;R02_NO2_MODERADO;Monitorizar evolucão. Sensiveis reduzam atividade ao ar livre.
UCI_Dataset;15/03/05 00:00;1;MODERADO;R02_NO2_MODERADO;Monitorizar evolucão. Sensiveis reduzam atividade ao ar livre.
UCI_Dataset;15/03/05 01:00;0;NORMAL;;Sem ação necessária.
UCI_Dataset;15/03/05 02:00;0;NORMAL;;Sem ação necessária.
UCI_Dataset;15/03/05 03:00;0;NORMAL;;Sem ação necessária.
UCI_Dataset;15/03/05 04:00;0;NORMAL;;Sem ação necessária.
UCI_Dataset;15/03/05 05:00;0;NORMAL;;Sem ação necessária.
UCI_Dataset;15/03/05 06:00;0;NORMAL;;Sem ação necessária.
UCI_Dataset;15/03/05 07:00;1;MODERADO;R02_NO2_MODERADO;Monitorizar evolucão. Sensiveis reduzam atividade ao ar livre.
UCI_Dataset;15/03/05 08:00;1;MODERADO;R02_NO2_MODERADO;Monitorizar evolucão. Sensiveis reduzam atividade ao ar livre.
UCI_Dataset;15/03/05 09:00;1;MODERADO;R02_NO2_MODERADO;Monitorizar evolucão. Sensiveis reduzam atividade ao ar livre.
UCI_Dataset;15/03/05 10:00;1;MODERADO;R02_NO2_MODERADO;Monitorizar evolucão. Sensiveis reduzam atividade ao ar livre.
UCI_Dataset;15/03/05 11:00;1;MODERADO;R02_NO2_MODERADO;Monitorizar evolucão. Sensiveis reduzam atividade ao ar livre.
UCI_Dataset;15/03/05 12:00;1;MODERADO;R02_NO2_MODERADO;Monitorizar evolucão. Sensiveis reduzam atividade ao ar livre.
UCI_Dataset;15/03/05 13:00;1;MODERADO;R02_NO2_MODERADO;Monitorizar evolucão. Sensiveis reduzam atividade ao ar livre.
UCI_Dataset;15/03/05 14:00;1;MODERADO;R02_NO2_MODERADO;Monitorizar evolucão. Sensiveis reduzam atividade ao ar livre.
UCI_Dataset;15/03/05 15:00;1;MODERADO;R02_NO2_MODERADO;Monitorizar evolucão. Sensiveis reduzam atividade ao ar livre.
UCI_Dataset;15/03/05 16:00;1;MODERADO;R02_NO2_MODERADO;Monitorizar evolucão. Sensiveis reduzam atividade ao ar livre.
UCI_Dataset;15/03/05 17:00;1;MODERADO;R02_NO2_MODERADO;Monitorizar evolucão. Sensiveis reduzam atividade ao ar livre.
UCI_Dataset;15/03/05 18:00;1;MODERADO;R02_NO2_MODERADO;Monitorizar evolucão. Sensiveis reduzam atividade ao ar livre.
UCI_Dataset;15/03/05 19:00;1;ALTO;R01_NO2_ALTO;Limitar trafego automovel. Grupos sensiveis evitem exposição prolongada.
UCI_Dataset;15/03/05 20:00;1;ALTO;R01_NO2_ALTO;Limitar trafego automovel. Grupos sensiveis evitem exposição prolongada.
UCI_Dataset;15/03/05 21:00;1;ALTO;R01_NO2_ALTO;Limitar trafego automovel. Grupos sensiveis evitem exposição prolongada.
UCI_Dataset;15/03/05 22:00;1;MODERADO;R02_NO2_MODERADO;Monitorizar evolucão. Sensiveis reduzam atividade ao ar livre.
UCI_Dataset;15/03/05 23:00;1;MODERADO;R02_NO2_MODERADO;Monitorizar evolucão. Sensiveis reduzam atividade ao ar livre.
UCI_Dataset;16/03/05 00:00;1;MODERADO;R02_NO2_MODERADO;Monitorizar evolucão. Sensiveis reduzam atividade ao ar livre.
UCI_Dataset;16/03/05 01:00;1;MODERADO;R02_NO2_MODERADO;Monitorizar evolucão. Sensiveis reduzam atividade ao ar livre.
UCI_Dataset;16/03/05 02:00;1;MODERADO;R02_NO2_MODERADO;Monitorizar evolucão. Sensiveis reduzam atividade ao ar livre.
UCI_Dataset;16/03/05 03:00;0;NORMAL;;Sem ação necessária.
UCI_Dataset;16/03/05 04:00;0;NORMAL;;Sem ação necessária.
UCI_Dataset;16/03/05 05:00;0;NORMAL;;Sem ação necessária.
UCI_Dataset;16/03/05 06:00;0;NORMAL;;Sem ação necessária.
UCI_Dataset;16/03/05 07:00;0;NORMAL;;Sem ação necessária.
UCI_Dataset;16/03/05 08:00;1;MODERADO;R02_NO2_MODERADO;Monitorizar evolucão. Sensiveis reduzam atividade ao ar livre.
UCI_Dataset;16/03/05 09:00;1;MODERADO;R02_NO2_MODERADO;Monitorizar evolucão. Sensiveis reduzam atividade ao ar livre.
UCI_Dataset;16/03/05 10:00;1;ALTO;R01_NO2_ALTO;Limitar trafego automovel. Grupos sensiveis evitem exposição prolongada.
UCI_Dataset;16/03/05 11:00;1;ALTO;R01_NO2_ALTO;Limitar trafego automovel. Grupos sensiveis evitem exposição prolongada.
UCI_Dataset;16/03/05 12:00;1;MODERADO;R02_NO2_MODERADO;Monitorizar evolucão. Sensiveis reduzam atividade ao ar livre.
UCI_Dataset;16/03/05 13:00;1;MODERADO;R02_NO2_MODERADO;Monitorizar evolucão. Sensiveis reduzam atividade ao ar livre.
UCI_Dataset;16/03/05 14:00;1;MODERADO;R02_NO2_MODERADO;Monitorizar evolucão. Sensiveis reduzam atividade ao ar livre.
UCI_Dataset;16/03/05 15:00;1;MODERADO;R02_NO2_MODERADO;Monitorizar evolucão. Sensiveis reduzam atividade ao ar livre.
UCI_Dataset;16/03/05 16:00;1;ALTO;R01_NO2_ALTO;Limitar trafego automovel. Grupos sensiveis evitem exposição prolongada.
UCI_Dataset;16/03/05 17:00;1;ALTO;R01_NO2_ALTO;Limitar trafego automovel. Grupos sensiveis evitem exposição prolongada.
UCI_Dataset;16/03/05 18:00;1;MODERADO;R02_NO2_MODERADO;Monitorizar evolucão. Sensiveis reduzam atividade ao ar livre.
UCI_Dataset;16/03/05 19:00;1;ALTO;R01_NO2_ALTO;Limitar trafego automovel. Grupos sensiveis evitem exposição prolongada.
UCI_Dataset;16/03/05 20:00;1;ALTO;R01_NO2_ALTO;Limitar trafego automovel. Grupos sensiveis evitem exposição prolongada.
UCI_Dataset;16/03/05 21:00;1;ALTO;R01_NO2_ALTO;Limitar trafego automovel. Grupos sensiveis evitem exposição prolongada.
UCI_Dataset;16/03/05 22:00;1;MODERADO;R02_NO2_MODERADO;Monitorizar evolucão. Sensiveis reduzam atividade ao ar livre.
UCI_Dataset;16/03/05 23:00;1;MODERADO;R02_NO2_MODERADO;Monitorizar evolucão. Sensiveis reduzam atividade ao ar livre.
UCI_Dataset;17/03/05 00:00;1;MODERADO;R02_NO2_MODERADO;Monitorizar evolucão. Sensiveis reduzam atividade ao ar livre.
UCI_Dataset;17/03/05 01:00;1;MODERADO;R02_NO2_MODERADO;Monitorizar evolucão. Sensiveis reduzam atividade ao ar livre.
UCI_Dataset;17/03/05 02:00;1;MODERADO;R02_NO2_MODERADO;Monitorizar evolucão. Sensiveis reduzam atividade ao ar livre.
UCI_Dataset;17/03/05 03:00;0;NORMAL;;Sem ação necessária.
UCI_Dataset;17/03/05 04:00;0;NORMAL;;Sem ação necessária.
UCI_Dataset;17/03/05 05:00;0;NORMAL;;Sem ação necessária.
UCI_Dataset;17/03/05 06:00;0;NORMAL;;Sem ação necessária.
UCI_Dataset;17/03/05 07:00;1;MODERADO;R02_NO2_MODERADO;Monitorizar evolucão. Sensiveis reduzam atividade ao ar livre.
UCI_Dataset;17/03/05 08:00;1;MODERADO;R02_NO2_MODERADO;Monitorizar evolucão. Sensiveis reduzam atividade ao ar livre.
UCI_Dataset;17/03/05 09:00;1;MODERADO;R02_NO2_MODERADO;Monitorizar evolucão. Sensiveis reduzam atividade ao ar livre.
UCI_Dataset;17/03/05 10:00;1;ALTO;R01_NO2_ALTO;Limitar trafego automovel. Grupos sensiveis evitem exposição prolongada.
UCI_Dataset;17/03/05 11:00;1;MODERADO;R02_NO2_MODERADO;Monitorizar evolucão. Sensiveis reduzam atividade ao ar livre.
UCI_Dataset;17/03/05 12:00;1;MODERADO;R02_NO2_MODERADO;Monitorizar evolucão. Sensiveis reduzam atividade ao ar livre.
UCI_Dataset;17/03/05 13:00;1;MODERADO;R02_NO2_MODERADO;Monitorizar evolucão. Sensiveis reduzam atividade ao ar livre.
UCI_Dataset;17/03/05 14:00;1;MODERADO;R02_NO2_MODERADO;Monitorizar evolucão. Sensiveis reduzam atividade ao ar livre.
UCI_Dataset;17/03/05 15:00;1;MODERADO;R02_NO2_MODERADO;Monitorizar evolucão. Sensiveis reduzam atividade ao ar livre.
UCI_Dataset;17/03/05 16:00;1;MODERADO;R02_NO2_MODERADO;Monitorizar evolucão. Sensiveis reduzam atividade ao ar livre.
UCI_Dataset;17/03/05 17:00;1;MODERADO;R02_NO2_MODERADO;Monitorizar evolucão. Sensiveis reduzam atividade ao ar livre.
UCI_Dataset;17/03/05 18:00;1;MODERADO;R02_NO2_MODERADO;Monitorizar evolucão. Sensiveis reduzam atividade ao ar livre.
UCI_Dataset;17/03/05 19:00;1;ALTO;R01_NO2_ALTO;Limitar trafego automovel. Grupos sensiveis evitem exposição prolongada.
UCI_Dataset;17/03/05 20:00;1;ALTO;R01_NO2_ALTO;Limitar trafego automovel. Grupos sensiveis evitem exposição prolongada.
UCI_Dataset;17/03/05 21:00;1;ALTO;R01_NO2_ALTO;Limitar trafego automovel. Grupos sensiveis evitem exposição prolongada.
UCI_Dataset;17/03/05 22:00;1;MODERADO;R02_NO2_MODERADO;Monitorizar evolucão. Sensiveis reduzam atividade ao ar livre.
UCI_Dataset;17/03/05 23:00;1;MODERADO;R02_NO2_MODERADO;Monitorizar evolucão. Sensiveis reduzam atividade ao ar livre.
UCI_Dataset;18/03/05 00:00;1;MODERADO;R02_NO2_MODERADO;Monitorizar evolucão. Sensiveis reduzam atividade ao ar livre.
UCI_Dataset;18/03/05 01:00;1;MODERADO;R02_NO2_MODERADO;Monitorizar evolucão. Sensiveis reduzam atividade ao ar livre.
UCI_Dataset;18/03/05 02:00;1;MODERADO;R02_NO2_MODERADO;Monitorizar evolucão. Sensiveis reduzam atividade ao ar livre.
UCI_Dataset;18/03/05 03:00;1;MODERADO;R02_NO2_MODERADO;Monitorizar evolucão. Sensiveis reduzam atividade ao ar livre.
UCI_Dataset;18/03/05 04:00;1;MODERADO;R02_NO2_MODERADO;Monitorizar evolucão. Sensiveis reduzam atividade ao ar livre.
UCI_Dataset;18/03/05 05:00;0;NORMAL;;Sem ação necessária.
UCI_Dataset;18/03/05 06:00;1;MODERADO;R02_NO2_MODERADO;Monitorizar evolucão. Sensiveis reduzam atividade ao ar livre.
UCI_Dataset;18/03/05 07:00;1;MODERADO;R02_NO2_MODERADO;Monitorizar evolucão. Sensiveis reduzam atividade ao ar livre.
UCI_Dataset;18/03/05 08:00;1;MODERADO;R02_NO2_MODERADO;Monitorizar evolucão. Sensiveis reduzam atividade ao ar livre.
UCI_Dataset;18/03/05 09:00;1;MODERADO;R02_NO2_MODERADO;Monitorizar evolucão. Sensiveis reduzam atividade ao ar livre.
UCI_Dataset;18/03/05 10:00;1;MODERADO;R02_NO2_MODERADO;Monitorizar evolucão. Sensiveis reduzam atividade ao ar livre.
UCI_Dataset;18/03/05 11:00;1;MODERADO;R02_NO2_MODERADO;Monitorizar evolucão. Sensiveis reduzam atividade ao ar livre.
UCI_Dataset;18/03/05 12:00;1;MODERADO;R02_NO2_MODERADO;Monitorizar evolucão. Sensiveis reduzam atividade ao ar livre.
UCI_Dataset;18/03/05 13:00;1;MODERADO;R02_NO2_MODERADO;Monitorizar evolucão. Sensiveis reduzam atividade ao ar livre.
UCI_Dataset;18/03/05 14:00;1;MODERADO;R02_NO2_MODERADO;Monitorizar evolucão. Sensiveis reduzam atividade ao ar livre.
UCI_Dataset;18/03/05 15:00;1;MODERADO;R02_NO2_MODERADO;Monitorizar evolucão. Sensiveis reduzam atividade ao ar livre.
UCI_Dataset;18/03/05 16:00;1;ALTO;R01_NO2_ALTO;Limitar trafego automovel. Grupos sensiveis evitem exposição prolongada.
UCI_Dataset;18/03/05 17:00;1;ALTO;R01_NO2_ALTO;Limitar trafego automovel. Grupos sensiveis evitem exposição prolongada.
UCI_Dataset;18/03/05 18:00;1;ALTO;R01_NO2_ALTO;Limitar trafego automovel. Grupos sensiveis evitem exposição prolongada.
UCI_Dataset;18/03/05 19:00;1;ALTO;R01_NO2_ALTO;Limitar trafego automovel. Grupos sensiveis evitem exposição prolongada.
UCI_Dataset;18/03/05 20:00;1;ALTO;R01_NO2_ALTO;Limitar trafego automovel. Grupos sensiveis evitem exposição prolongada.
UCI_Dataset;18/03/05 21:00;1;ALTO;R01_NO2_ALTO;Limitar trafego automovel. Grupos sensiveis evitem exposição prolongada.
UCI_Dataset;18/03/05 22:00;1;MODERADO;R02_NO2_MODERADO;Monitorizar evolucão. Sensiveis reduzam atividade ao ar livre.
UCI_Dataset;18/03/05 23:00;1;MODERADO;R02_NO2_MODERADO;Monitorizar evolucão. Sensiveis reduzam atividade ao ar livre.
UCI_Dataset;19/03/05 00:00;1;MODERADO;R02_NO2_MODERADO;Monitorizar evolucão. Sensiveis reduzam atividade ao ar livre.
UCI_Dataset;19/03/05 01:00;1;MODERADO;R02_NO2_MODERADO;Monitorizar evolucão. Sensiveis reduzam atividade ao ar livre.
UCI_Dataset;19/03/05 02:00;1;MODERADO;R02_NO2_MODERADO;Monitorizar evolucão. Sensiveis reduzam atividade ao ar livre.
UCI_Dataset;19/03/05 03:00;0;NORMAL;;Sem ação necessária.
UCI_Dataset;19/03/05 04:00;0;NORMAL;;Sem ação necessária.
UCI_Dataset;19/03/05 05:00;0;NORMAL;;Sem ação necessária.
UCI_Dataset;19/03/05 06:00;0;NORMAL;;Sem ação necessária.
UCI_Dataset;19/03/05 07:00;0;NORMAL;;Sem ação necessária.
UCI_Dataset;19/03/05 08:00;1;MODERADO;R02_NO2_MODERADO;Monitorizar evolucão. Sensiveis reduzam atividade ao ar livre.
UCI_Dataset;19/03/05 09:00;1;MODERADO;R02_NO2_MODERADO;Monitorizar evolucão. Sensiveis reduzam atividade ao ar livre.
UCI_Dataset;19/03/05 10:00;1;MODERADO;R02_NO2_MODERADO;Monitorizar evolucão. Sensiveis reduzam atividade ao ar livre.
UCI_Dataset;19/03/05 11:00;1;MODERADO;R02_NO2_MODERADO;Monitorizar evolucão. Sensiveis reduzam atividade ao ar livre.
UCI_Dataset;19/03/05 12:00;1;MODERADO;R02_NO2_MODERADO;Monitorizar evolucão. Sensiveis reduzam atividade ao ar livre.
UCI_Dataset;19/03/05 13:00;1;MODERADO;R02_NO2_MODERADO;Monitorizar evolucão. Sensiveis reduzam atividade ao ar livre.
UCI_Dataset;19/03/05 14:00;1;MODERADO;R02_NO2_MODERADO;Monitorizar evolucão. Sensiveis reduzam atividade ao ar livre.
UCI_Dataset;19/03/05 15:00;1;MODERADO;R02_NO2_MODERADO;Monitorizar evolucão. Sensiveis reduzam atividade ao ar livre.
UCI_Dataset;19/03/05 16:00;1;MODERADO;R02_NO2_MODERADO;Monitorizar evolucão. Sensiveis reduzam atividade ao ar livre.
UCI_Dataset;19/03/05 17:00;1;MODERADO;R02_NO2_MODERADO;Monitorizar evolucão. Sensiveis reduzam atividade ao ar livre.
UCI_Dataset;19/03/05 18:00;1;MODERADO;R02_NO2_MODERADO;Monitorizar evolucão. Sensiveis reduzam atividade ao ar livre.
UCI_Dataset;19/03/05 19:00;1;MODERADO;R02_NO2_MODERADO;Monitorizar evolucão. Sensiveis reduzam atividade ao ar livre.
UCI_Dataset;19/03/05 20:00;1;MODERADO;R02_NO2_MODERADO;Monitorizar evolucão. Sensiveis reduzam atividade ao ar livre.
UCI_Dataset;19/03/05 21:00;1;ALTO;R01_NO2_ALTO;Limitar trafego automovel. Grupos sensiveis evitem exposição prolongada.
UCI_Dataset;19/03/05 22:00;1;MODERADO;R02_NO2_MODERADO;Monitorizar evolucão. Sensiveis reduzam atividade ao ar livre.
UCI_Dataset;19/03/05 23:00;1;MODERADO;R02_NO2_MODERADO;Monitorizar evolucão. Sensiveis reduzam atividade ao ar livre.
UCI_Dataset;20/03/05 00:00;1;MODERADO;R02_NO2_MODERADO;Monitorizar evolucão. Sensiveis reduzam atividade ao ar livre.
UCI_Dataset;20/03/05 01:00;1;MODERADO;R02_NO2_MODERADO;Monitorizar evolucão. Sensiveis reduzam atividade ao ar livre.
UCI_Dataset;20/03/05 02:00;1;MODERADO;R02_NO2_MODERADO;Monitorizar evolucão. Sensiveis reduzam atividade ao ar livre.
UCI_Dataset;20/03/05 03:00;0;NORMAL;;Sem ação necessária.
UCI_Dataset;20/03/05 04:00;0;NORMAL;;Sem ação necessária.
UCI_Dataset;20/03/05 05:00;0;NORMAL;;Sem ação necessária.
UCI_Dataset;20/03/05 06:00;0;NORMAL;;Sem ação necessária.
UCI_Dataset;20/03/05 07:00;0;NORMAL;;Sem ação necessária.
UCI_Dataset;20/03/05 08:00;0;NORMAL;;Sem ação necessária.
UCI_Dataset;20/03/05 09:00;0;NORMAL;;Sem ação necessária.
UCI_Dataset;20/03/05 10:00;1;MODERADO;R02_NO2_MODERADO;Monitorizar evolucão. Sensiveis reduzam atividade ao ar livre.
UCI_Dataset;20/03/05 11:00;1;MODERADO;R02_NO2_MODERADO;Monitorizar evolucão. Sensiveis reduzam atividade ao ar livre.
UCI_Dataset;20/03/05 12:00;1;MODERADO;R02_NO2_MODERADO;Monitorizar evolucão. Sensiveis reduzam atividade ao ar livre.
UCI_Dataset;20/03/05 13:00;1;MODERADO;R02_NO2_MODERADO;Monitorizar evolucão. Sensiveis reduzam atividade ao ar livre.
UCI_Dataset;20/03/05 14:00;0;NORMAL;;Sem ação necessária.
UCI_Dataset;20/03/05 15:00;0;NORMAL;;Sem ação necessária.
UCI_Dataset;20/03/05 16:00;0;NORMAL;;Sem ação necessária.
UCI_Dataset;20/03/05 17:00;1;MODERADO;R02_NO2_MODERADO;Monitorizar evolucão. Sensiveis reduzam atividade ao ar livre.
UCI_Dataset;20/03/05 18:00;1;MODERADO;R02_NO2_MODERADO;Monitorizar evolucão. Sensiveis reduzam atividade ao ar livre.
UCI_Dataset;20/03/05 19:00;1;MODERADO;R02_NO2_MODERADO;Monitorizar evolucão. Sensiveis reduzam atividade ao ar livre.
UCI_Dataset;20/03/05 20:00;1;MODERADO;R02_NO2_MODERADO;Monitorizar evolucão. Sensiveis reduzam atividade ao ar livre.
UCI_Dataset;20/03/05 21:00;1;MODERADO;R02_NO2_MODERADO;Monitorizar evolucão. Sensiveis reduzam atividade ao ar livre.
UCI_Dataset;20/03/05 22:00;1;MODERADO;R02_NO2_MODERADO;Monitorizar evolucão. Sensiveis reduzam atividade ao ar livre.
UCI_Dataset;20/03/05 23:00;1;MODERADO;R02_NO2_MODERADO;Monitorizar evolucão. Sensiveis reduzam atividade ao ar livre.
UCI_Dataset;21/03/05 00:00;0;NORMAL;;Sem ação necessária.
UCI_Dataset;21/03/05 01:00;1;MODERADO;R02_NO2_MODERADO;Monitorizar evolucão. Sensiveis reduzam atividade ao ar livre.
UCI_Dataset;21/03/05 02:00;0;NORMAL;;Sem ação necessária.
UCI_Dataset;21/03/05 03:00;0;NORMAL;;Sem ação necessária.
UCI_Dataset;21/03/05 04:00;0;NORMAL;;Sem ação necessária.
UCI_Dataset;21/03/05 05:00;0;NORMAL;;Sem ação necessária.
UCI_Dataset;21/03/05 06:00;0;NORMAL;;Sem ação necessária.
UCI_Dataset;21/03/05 07:00;1;MODERADO;R02_NO2_MODERADO;Monitorizar evolucão. Sensiveis reduzam atividade ao ar livre.
UCI_Dataset;21/03/05 08:00;1;MODERADO;R02_NO2_MODERADO;Monitorizar evolucão. Sensiveis reduzam atividade ao ar livre.
UCI_Dataset;21/03/05 09:00;1;MODERADO;R02_NO2_MODERADO;Monitorizar evolucão. Sensiveis reduzam atividade ao ar livre.
UCI_Dataset;21/03/05 10:00;1;MODERADO;R02_NO2_MODERADO;Monitorizar evolucão. Sensiveis reduzam atividade ao ar livre.
UCI_Dataset;21/03/05 11:00;1;MODERADO;R02_NO2_MODERADO;Monitorizar evolucão. Sensiveis reduzam atividade ao ar livre.
UCI_Dataset;21/03/05 12:00;1;MODERADO;R02_NO2_MODERADO;Monitorizar evolucão. Sensiveis reduzam atividade ao ar livre.
UCI_Dataset;21/03/05 13:00;1;MODERADO;R02_NO2_MODERADO;Monitorizar evolucão. Sensiveis reduzam atividade ao ar livre.
UCI_Dataset;21/03/05 14:00;1;MODERADO;R02_NO2_MODERADO;Monitorizar evolucão. Sensiveis reduzam atividade ao ar livre.
UCI_Dataset;21/03/05 15:00;1;MODERADO;R02_NO2_MODERADO;Monitorizar evolucão. Sensiveis reduzam atividade ao ar livre.
UCI_Dataset;21/03/05 16:00;1;MODERADO;R02_NO2_MODERADO;Monitorizar evolucão. Sensiveis reduzam atividade ao ar livre.
UCI_Dataset;21/03/05 17:00;1;MODERADO;R02_NO2_MODERADO;Monitorizar evolucão. Sensiveis reduzam atividade ao ar livre.
UCI_Dataset;21/03/05 18:00;1;MODERADO;R02_NO2_MODERADO;Monitorizar evolucão. Sensiveis reduzam atividade ao ar livre.
UCI_Dataset;21/03/05 19:00;1;ALTO;R01_NO2_ALTO;Limitar trafego automovel. Grupos sensiveis evitem exposição prolongada.
UCI_Dataset;21/03/05 20:00;1;ALTO;R01_NO2_ALTO;Limitar trafego automovel. Grupos sensiveis evitem exposição prolongada.
UCI_Dataset;21/03/05 21:00;1;MODERADO;R02_NO2_MODERADO;Monitorizar evolucão. Sensiveis reduzam atividade ao ar livre.
UCI_Dataset;21/03/05 22:00;1;MODERADO;R02_NO2_MODERADO;Monitorizar evolucão. Sensiveis reduzam atividade ao ar livre.
UCI_Dataset;21/03/05 23:00;1;MODERADO;R02_NO2_MODERADO;Monitorizar evolucão. Sensiveis reduzam atividade ao ar livre.
UCI_Dataset;22/03/05 00:00;1;MODERADO;R02_NO2_MODERADO;Monitorizar evolucão. Sensiveis reduzam atividade ao ar livre.
UCI_Dataset;22/03/05 01:00;1;MODERADO;R02_NO2_MODERADO;Monitorizar evolucão. Sensiveis reduzam atividade ao ar livre.
UCI_Dataset;22/03/05 02:00;0;NORMAL;;Sem ação necessária.
UCI_Dataset;22/03/05 03:00;0;NORMAL;;Sem ação necessária.
UCI_Dataset;22/03/05 04:00;0;NORMAL;;Sem ação necessária.
UCI_Dataset;22/03/05 05:00;0;NORMAL;;Sem ação necessária.
UCI_Dataset;22/03/05 06:00;0;NORMAL;;Sem ação necessária.
UCI_Dataset;22/03/05 07:00;0;NORMAL;;Sem ação necessária.
UCI_Dataset;22/03/05 08:00;1;MODERADO;R02_NO2_MODERADO;Monitorizar evolucão. Sensiveis reduzam atividade ao ar livre.
UCI_Dataset;22/03/05 09:00;1;MODERADO;R02_NO2_MODERADO;Monitorizar evolucão. Sensiveis reduzam atividade ao ar livre.
UCI_Dataset;22/03/05 10:00;1;MODERADO;R02_NO2_MODERADO;Monitorizar evolucão. Sensiveis reduzam atividade ao ar livre.
UCI_Dataset;22/03/05 11:00;1;MODERADO;R02_NO2_MODERADO;Monitorizar evolucão. Sensiveis reduzam atividade ao ar livre.
UCI_Dataset;22/03/05 12:00;1;MODERADO;R02_NO2_MODERADO;Monitorizar evolucão. Sensiveis reduzam atividade ao ar livre.
UCI_Dataset;22/03/05 13:00;1;MODERADO;R02_NO2_MODERADO;Monitorizar evolucão. Sensiveis reduzam atividade ao ar livre.
UCI_Dataset;22/03/05 14:00;1;MODERADO;R02_NO2_MODERADO;Monitorizar evolucão. Sensiveis reduzam atividade ao ar livre.
UCI_Dataset;22/03/05 15:00;1;MODERADO;R02_NO2_MODERADO;Monitorizar evolucão. Sensiveis reduzam atividade ao ar livre.
UCI_Dataset;22/03/05 16:00;1;MODERADO;R02_NO2_MODERADO;Monitorizar evolucão. Sensiveis reduzam atividade ao ar livre.
UCI_Dataset;22/03/05 17:00;1;MODERADO;R02_NO2_MODERADO;Monitorizar evolucão. Sensiveis reduzam atividade ao ar livre.
UCI_Dataset;22/03/05 18:00;1;MODERADO;R02_NO2_MODERADO;Monitorizar evolucão. Sensiveis reduzam atividade ao ar livre.
UCI_Dataset;22/03/05 19:00;1;MODERADO;R02_NO2_MODERADO;Monitorizar evolucão. Sensiveis reduzam atividade ao ar livre.
UCI_Dataset;22/03/05 20:00;1;MODERADO;R02_NO2_MODERADO;Monitorizar evolucão. Sensiveis reduzam atividade ao ar livre.
UCI_Dataset;22/03/05 21:00;1;MODERADO;R02_NO2_MODERADO;Monitorizar evolucão. Sensiveis reduzam atividade ao ar livre.
UCI_Dataset;22/03/05 22:00;1;MODERADO;R02_NO2_MODERADO;Monitorizar evolucão. Sensiveis reduzam atividade ao ar livre.
UCI_Dataset;22/03/05 23:00;1;MODERADO;R02_NO2_MODERADO;Monitorizar evolucão. Sensiveis reduzam atividade ao ar livre.
UCI_Dataset;23/03/05 00:00;1;MODERADO;R02_NO2_MODERADO;Monitorizar evolucão. Sensiveis reduzam atividade ao ar livre.
UCI_Dataset;23/03/05 01:00;1;MODERADO;R02_NO2_MODERADO;Monitorizar evolucão. Sensiveis reduzam atividade ao ar livre.
UCI_Dataset;23/03/05 02:00;0;NORMAL;;Sem ação necessária.
UCI_Dataset;23/03/05 03:00;0;NORMAL;;Sem ação necessária.
UCI_Dataset;23/03/05 04:00;0;NORMAL;;Sem ação necessária.
UCI_Dataset;23/03/05 05:00;0;NORMAL;;Sem ação necessária.
UCI_Dataset;23/03/05 06:00;0;NORMAL;;Sem ação necessária.
UCI_Dataset;23/03/05 07:00;1;MODERADO;R02_NO2_MODERADO;Monitorizar evolucão. Sensiveis reduzam atividade ao ar livre.
UCI_Dataset;23/03/05 08:00;1;MODERADO;R02_NO2_MODERADO;Monitorizar evolucão. Sensiveis reduzam atividade ao ar livre.
UCI_Dataset;23/03/05 09:00;1;MODERADO;R02_NO2_MODERADO;Monitorizar evolucão. Sensiveis reduzam atividade ao ar livre.
UCI_Dataset;23/03/05 10:00;1;MODERADO;R02_NO2_MODERADO;Monitorizar evolucão. Sensiveis reduzam atividade ao ar livre.
UCI_Dataset;23/03/05 11:00;1;MODERADO;R02_NO2_MODERADO;Monitorizar evolucão. Sensiveis reduzam atividade ao ar livre.
UCI_Dataset;23/03/05 12:00;1;MODERADO;R02_NO2_MODERADO;Monitorizar evolucão. Sensiveis reduzam atividade ao ar livre.
UCI_Dataset;23/03/05 13:00;1;MODERADO;R02_NO2_MODERADO;Monitorizar evolucão. Sensiveis reduzam atividade ao ar livre.
UCI_Dataset;23/03/05 14:00;1;MODERADO;R02_NO2_MODERADO;Monitorizar evolucão. Sensiveis reduzam atividade ao ar livre.
UCI_Dataset;23/03/05 15:00;1;MODERADO;R02_NO2_MODERADO;Monitorizar evolucão. Sensiveis reduzam atividade ao ar livre.
UCI_Dataset;23/03/05 16:00;1;MODERADO;R02_NO2_MODERADO;Monitorizar evolucão. Sensiveis reduzam atividade ao ar livre.
UCI_Dataset;23/03/05 17:00;1;MODERADO;R02_NO2_MODERADO;Monitorizar evolucão. Sensiveis reduzam atividade ao ar livre.
UCI_Dataset;23/03/05 18:00;1;MODERADO;R02_NO2_MODERADO;Monitorizar evolucão. Sensiveis reduzam atividade ao ar livre.
UCI_Dataset;23/03/05 19:00;1;ALTO;R01_NO2_ALTO;Limitar trafego automovel. Grupos sensiveis evitem exposição prolongada.
UCI_Dataset;23/03/05 20:00;1;ALTO;R01_NO2_ALTO;Limitar trafego automovel. Grupos sensiveis evitem exposição prolongada.
UCI_Dataset;23/03/05 21:00;1;MODERADO;R02_NO2_MODERADO;Monitorizar evolucão. Sensiveis reduzam atividade ao ar livre.
UCI_Dataset;23/03/05 22:00;1;MODERADO;R02_NO2_MODERADO;Monitorizar evolucão. Sensiveis reduzam atividade ao ar livre.
UCI_Dataset;23/03/05 23:00;1;MODERADO;R02_NO2_MODERADO;Monitorizar evolucão. Sensiveis reduzam atividade ao ar livre.
UCI_Dataset;24/03/05 00:00;1;MODERADO;R02_NO2_MODERADO;Monitorizar evolucão. Sensiveis reduzam atividade ao ar livre.
UCI_Dataset;24/03/05 01:00;1;MODERADO;R02_NO2_MODERADO;Monitorizar evolucão. Sensiveis reduzam atividade ao ar livre.
UCI_Dataset;24/03/05 02:00;1;MODERADO;R02_NO2_MODERADO;Monitorizar evolucão. Sensiveis reduzam atividade ao ar livre.
UCI_Dataset;24/03/05 03:00;0;NORMAL;;Sem ação necessária.
UCI_Dataset;24/03/05 04:00;0;NORMAL;;Sem ação necessária.
UCI_Dataset;24/03/05 05:00;0;NORMAL;;Sem ação necessária.
UCI_Dataset;24/03/05 06:00;0;NORMAL;;Sem ação necessária.
UCI_Dataset;24/03/05 07:00;0;NORMAL;;Sem ação necessária.
UCI_Dataset;24/03/05 08:00;1;MODERADO;R02_NO2_MODERADO;Monitorizar evolucão. Sensiveis reduzam atividade ao ar livre.
UCI_Dataset;24/03/05 09:00;1;MODERADO;R02_NO2_MODERADO;Monitorizar evolucão. Sensiveis reduzam atividade ao ar livre.
UCI_Dataset;24/03/05 10:00;1;MODERADO;R02_NO2_MODERADO;Monitorizar evolucão. Sensiveis reduzam atividade ao ar livre.
UCI_Dataset;24/03/05 11:00;1;MODERADO;R02_NO2_MODERADO;Monitorizar evolucão. Sensiveis reduzam atividade ao ar livre.
UCI_Dataset;24/03/05 12:00;1;MODERADO;R02_NO2_MODERADO;Monitorizar evolucão. Sensiveis reduzam atividade ao ar livre.
UCI_Dataset;24/03/05 13:00;1;MODERADO;R02_NO2_MODERADO;Monitorizar evolucão. Sensiveis reduzam atividade ao ar livre.
UCI_Dataset;24/03/05 14:00;1;MODERADO;R02_NO2_MODERADO;Monitorizar evolucão. Sensiveis reduzam atividade ao ar livre.
UCI_Dataset;24/03/05 15:00;1;MODERADO;R02_NO2_MODERADO;Monitorizar evolucão. Sensiveis reduzam atividade ao ar livre.
UCI_Dataset;24/03/05 16:00;1;MODERADO;R02_NO2_MODERADO;Monitorizar evolucão. Sensiveis reduzam atividade ao ar livre.
UCI_Dataset;24/03/05 17:00;1;MODERADO;R02_NO2_MODERADO;Monitorizar evolucão. Sensiveis reduzam atividade ao ar livre.
UCI_Dataset;24/03/05 18:00;1;MODERADO;R02_NO2_MODERADO;Monitorizar evolucão. Sensiveis reduzam atividade ao ar livre.
UCI_Dataset;24/03/05 19:00;1;ALTO;R01_NO2_ALTO;Limitar trafego automovel. Grupos sensiveis evitem exposição prolongada.
UCI_Dataset;24/03/05 20:00;1;ALTO;R01_NO2_ALTO;Limitar trafego automovel. Grupos sensiveis evitem exposição prolongada.
UCI_Dataset;24/03/05 21:00;1;ALTO;R01_NO2_ALTO;Limitar trafego automovel. Grupos sensiveis evitem exposição prolongada.
UCI_Dataset;24/03/05 22:00;1;MODERADO;R02_NO2_MODERADO;Monitorizar evolucão. Sensiveis reduzam atividade ao ar livre.
UCI_Dataset;24/03/05 23:00;1;MODERADO;R02_NO2_MODERADO;Monitorizar evolucão. Sensiveis reduzam atividade ao ar livre.
UCI_Dataset;25/03/05 00:00;1;MODERADO;R02_NO2_MODERADO;Monitorizar evolucão. Sensiveis reduzam atividade ao ar livre.
UCI_Dataset;25/03/05 01:00;1;MODERADO;R02_NO2_MODERADO;Monitorizar evolucão. Sensiveis reduzam atividade ao ar livre.
UCI_Dataset;25/03/05 02:00;1;MODERADO;R02_NO2_MODERADO;Monitorizar evolucão. Sensiveis reduzam atividade ao ar livre.
UCI_Dataset;25/03/05 03:00;1;MODERADO;R02_NO2_MODERADO;Monitorizar evolucão. Sensiveis reduzam atividade ao ar livre.
UCI_Dataset;25/03/05 04:00;0;NORMAL;;Sem ação necessária.
UCI_Dataset;25/03/05 05:00;0;NORMAL;;Sem ação necessária.
UCI_Dataset;25/03/05 06:00;0;NORMAL;;Sem ação necessária.
UCI_Dataset;25/03/05 07:00;1;MODERADO;R02_NO2_MODERADO;Monitorizar evolucão. Sensiveis reduzam atividade ao ar livre.
UCI_Dataset;25/03/05 08:00;1;MODERADO;R02_NO2_MODERADO;Monitorizar evolucão. Sensiveis reduzam atividade ao ar livre.
UCI_Dataset;25/03/05 09:00;1;MODERADO;R02_NO2_MODERADO;Monitorizar evolucão. Sensiveis reduzam atividade ao ar livre.
UCI_Dataset;25/03/05 10:00;1;MODERADO;R02_NO2_MODERADO;Monitorizar evolucão. Sensiveis reduzam atividade ao ar livre.
UCI_Dataset;25/03/05 11:00;1;MODERADO;R02_NO2_MODERADO;Monitorizar evolucão. Sensiveis reduzam atividade ao ar livre.
UCI_Dataset;25/03/05 12:00;1;MODERADO;R02_NO2_MODERADO;Monitorizar evolucão. Sensiveis reduzam atividade ao ar livre.
UCI_Dataset;25/03/05 13:00;1;MODERADO;R02_NO2_MODERADO;Monitorizar evolucão. Sensiveis reduzam atividade ao ar livre.
UCI_Dataset;25/03/05 14:00;1;MODERADO;R02_NO2_MODERADO;Monitorizar evolucão. Sensiveis reduzam atividade ao ar livre.
UCI_Dataset;25/03/05 15:00;1;MODERADO;R02_NO2_MODERADO;Monitorizar evolucão. Sensiveis reduzam atividade ao ar livre.
UCI_Dataset;25/03/05 16:00;1;MODERADO;R02_NO2_MODERADO;Monitorizar evolucão. Sensiveis reduzam atividade ao ar livre.
UCI_Dataset;25/03/05 17:00;1;MODERADO;R02_NO2_MODERADO;Monitorizar evolucão. Sensiveis reduzam atividade ao ar livre.
UCI_Dataset;25/03/05 18:00;1;MODERADO;R02_NO2_MODERADO;Monitorizar evolucão. Sensiveis reduzam atividade ao ar livre.
UCI_Dataset;25/03/05 19:00;1;MODERADO;R02_NO2_MODERADO;Monitorizar evolucão. Sensiveis reduzam atividade ao ar livre.
UCI_Dataset;25/03/05 20:00;1;MODERADO;R02_NO2_MODERADO;Monitorizar evolucão. Sensiveis reduzam atividade ao ar livre.
UCI_Dataset;25/03/05 21:00;1;MODERADO;R02_NO2_MODERADO;Monitorizar evolucão. Sensiveis reduzam atividade ao ar livre.
UCI_Dataset;25/03/05 22:00;1;MODERADO;R02_NO2_MODERADO;Monitorizar evolucão. Sensiveis reduzam atividade ao ar livre.
UCI_Dataset;25/03/05 23:00;1;MODERADO;R02_NO2_MODERADO;Monitorizar evolucão. Sensiveis reduzam atividade ao ar livre.
UCI_Dataset;26/03/05 00:00;1;MODERADO;R02_NO2_MODERADO;Monitorizar evolucão. Sensiveis reduzam atividade ao ar livre.
UCI_Dataset;26/03/05 01:00;1;MODERADO;R02_NO2_MODERADO;Monitorizar evolucão. Sensiveis reduzam atividade ao ar livre.
UCI_Dataset;26/03/05 02:00;1;MODERADO;R02_NO2_MODERADO;Monitorizar evolucão. Sensiveis reduzam atividade ao ar livre.
UCI_Dataset;26/03/05 03:00;0;NORMAL;;Sem ação necessária.
UCI_Dataset;26/03/05 04:00;0;NORMAL;;Sem ação necessária.
UCI_Dataset;26/03/05 05:00;0;NORMAL;;Sem ação necessária.
UCI_Dataset;26/03/05 06:00;0;NORMAL;;Sem ação necessária.
UCI_Dataset;26/03/05 07:00;0;NORMAL;;Sem ação necessária.
UCI_Dataset;26/03/05 08:00;0;NORMAL;;Sem ação necessária.
UCI_Dataset;26/03/05 09:00;1;MODERADO;R02_NO2_MODERADO;Monitorizar evolucão. Sensiveis reduzam atividade ao ar livre.
UCI_Dataset;26/03/05 10:00;1;MODERADO;R02_NO2_MODERADO;Monitorizar evolucão. Sensiveis reduzam atividade ao ar livre.
UCI_Dataset;26/03/05 11:00;1;MODERADO;R02_NO2_MODERADO;Monitorizar evolucão. Sensiveis reduzam atividade ao ar livre.
UCI_Dataset;26/03/05 12:00;1;MODERADO;R02_NO2_MODERADO;Monitorizar evolucão. Sensiveis reduzam atividade ao ar livre.
UCI_Dataset;26/03/05 13:00;1;MODERADO;R02_NO2_MODERADO;Monitorizar evolucão. Sensiveis reduzam atividade ao ar livre.
UCI_Dataset;26/03/05 14:00;0;NORMAL;;Sem ação necessária.
UCI_Dataset;26/03/05 15:00;0;NORMAL;;Sem ação necessária.
UCI_Dataset;26/03/05 16:00;0;NORMAL;;Sem ação necessária.
UCI_Dataset;26/03/05 17:00;1;MODERADO;R02_NO2_MODERADO;Monitorizar evolucão. Sensiveis reduzam atividade ao ar livre.
UCI_Dataset;26/03/05 18:00;1;MODERADO;R02_NO2_MODERADO;Monitorizar evolucão. Sensiveis reduzam atividade ao ar livre.
UCI_Dataset;26/03/05 19:00;1;MODERADO;R02_NO2_MODERADO;Monitorizar evolucão. Sensiveis reduzam atividade ao ar livre.
UCI_Dataset;26/03/05 20:00;1;MODERADO;R02_NO2_MODERADO;Monitorizar evolucão. Sensiveis reduzam atividade ao ar livre.
UCI_Dataset;26/03/05 21:00;1;MODERADO;R02_NO2_MODERADO;Monitorizar evolucão. Sensiveis reduzam atividade ao ar livre.
UCI_Dataset;26/03/05 22:00;1;MODERADO;R02_NO2_MODERADO;Monitorizar evolucão. Sensiveis reduzam atividade ao ar livre.
UCI_Dataset;26/03/05 23:00;1;MODERADO;R02_NO2_MODERADO;Monitorizar evolucão. Sensiveis reduzam atividade ao ar livre.
UCI_Dataset;27/03/05 00:00;1;MODERADO;R02_NO2_MODERADO;Monitorizar evolucão. Sensiveis reduzam atividade ao ar livre.
UCI_Dataset;27/03/05 01:00;0;NORMAL;;Sem ação necessária.
UCI_Dataset;27/03/05 02:00;0;NORMAL;;Sem ação necessária.
UCI_Dataset;27/03/05 03:00;0;NORMAL;;Sem ação necessária.
UCI_Dataset;27/03/05 04:00;0;NORMAL;;Sem ação necessária.
UCI_Dataset;27/03/05 05:00;0;NORMAL;;Sem ação necessária.
UCI_Dataset;27/03/05 06:00;0;NORMAL;;Sem ação necessária.
UCI_Dataset;27/03/05 07:00;0;NORMAL;;Sem ação necessária.
UCI_Dataset;27/03/05 08:00;0;NORMAL;;Sem ação necessária.
UCI_Dataset;27/03/05 09:00;0;NORMAL;;Sem ação necessária.
UCI_Dataset;27/03/05 10:00;0;NORMAL;;Sem ação necessária.
UCI_Dataset;27/03/05 11:00;0;NORMAL;;Sem ação necessária.
UCI_Dataset;27/03/05 12:00;0;NORMAL;;Sem ação necessária.
UCI_Dataset;27/03/05 13:00;0;NORMAL;;Sem ação necessária.
UCI_Dataset;27/03/05 14:00;0;NORMAL;;Sem ação necessária.
UCI_Dataset;27/03/05 15:00;0;NORMAL;;Sem ação necessária.
UCI_Dataset;27/03/05 16:00;1;MODERADO;R02_NO2_MODERADO;Monitorizar evolucão. Sensiveis reduzam atividade ao ar livre.
UCI_Dataset;27/03/05 17:00;1;MODERADO;R02_NO2_MODERADO;Monitorizar evolucão. Sensiveis reduzam atividade ao ar livre.
UCI_Dataset;27/03/05 18:00;1;MODERADO;R02_NO2_MODERADO;Monitorizar evolucão. Sensiveis reduzam atividade ao ar livre.
UCI_Dataset;27/03/05 19:00;1;MODERADO;R02_NO2_MODERADO;Monitorizar evolucão. Sensiveis reduzam atividade ao ar livre.
UCI_Dataset;27/03/05 20:00;1;MODERADO;R02_NO2_MODERADO;Monitorizar evolucão. Sensiveis reduzam atividade ao ar livre.
UCI_Dataset;27/03/05 21:00;1;MODERADO;R02_NO2_MODERADO;Monitorizar evolucão. Sensiveis reduzam atividade ao ar livre.
UCI_Dataset;27/03/05 22:00;1;MODERADO;R02_NO2_MODERADO;Monitorizar evolucão. Sensiveis reduzam atividade ao ar livre.
UCI_Dataset;27/03/05 23:00;1;MODERADO;R02_NO2_MODERADO;Monitorizar evolucão. Sensiveis reduzam atividade ao ar livre.
UCI_Dataset;28/03/05 00:00;1;MODERADO;R02_NO2_MODERADO;Monitorizar evolucão. Sensiveis reduzam atividade ao ar livre.
UCI_Dataset;28/03/05 01:00;1;MODERADO;R02_NO2_MODERADO;Monitorizar evolucão. Sensiveis reduzam atividade ao ar livre.
UCI_Dataset;28/03/05 02:00;0;NORMAL;;Sem ação necessária.
UCI_Dataset;28/03/05 03:00;0;NORMAL;;Sem ação necessária.
UCI_Dataset;28/03/05 04:00;0;NORMAL;;Sem ação necessária.
UCI_Dataset;28/03/05 05:00;0;NORMAL;;Sem ação necessária.
UCI_Dataset;28/03/05 06:00;0;NORMAL;;Sem ação necessária.
UCI_Dataset;28/03/05 07:00;0;NORMAL;;Sem ação necessária.
UCI_Dataset;28/03/05 08:00;0;NORMAL;;Sem ação necessária.
UCI_Dataset;28/03/05 09:00;1;MODERADO;R02_NO2_MODERADO;Monitorizar evolucão. Sensiveis reduzam atividade ao ar livre.
UCI_Dataset;28/03/05 10:00;1;MODERADO;R02_NO2_MODERADO;Monitorizar evolucão. Sensiveis reduzam atividade ao ar livre.
UCI_Dataset;28/03/05 11:00;1;MODERADO;R02_NO2_MODERADO;Monitorizar evolucão. Sensiveis reduzam atividade ao ar livre.
UCI_Dataset;28/03/05 12:00;0;NORMAL;;Sem ação necessária.
UCI_Dataset;28/03/05 13:00;0;NORMAL;;Sem ação necessária.
UCI_Dataset;28/03/05 14:00;0;NORMAL;;Sem ação necessária.
UCI_Dataset;28/03/05 15:00;0;NORMAL;;Sem ação necessária.
UCI_Dataset;28/03/05 16:00;0;NORMAL;;Sem ação necessária.
UCI_Dataset;28/03/05 17:00;1;MODERADO;R02_NO2_MODERADO;Monitorizar evolucão. Sensiveis reduzam atividade ao ar livre.
UCI_Dataset;28/03/05 18:00;1;MODERADO;R02_NO2_MODERADO;Monitorizar evolucão. Sensiveis reduzam atividade ao ar livre.
UCI_Dataset;28/03/05 19:00;1;MODERADO;R02_NO2_MODERADO;Monitorizar evolucão. Sensiveis reduzam atividade ao ar livre.
UCI_Dataset;28/03/05 20:00;1;MODERADO;R02_NO2_MODERADO;Monitorizar evolucão. Sensiveis reduzam atividade ao ar livre.
UCI_Dataset;28/03/05 21:00;1;MODERADO;R02_NO2_MODERADO;Monitorizar evolucão. Sensiveis reduzam atividade ao ar livre.
UCI_Dataset;28/03/05 22:00;1;MODERADO;R02_NO2_MODERADO;Monitorizar evolucão. Sensiveis reduzam atividade ao ar livre.
UCI_Dataset;28/03/05 23:00;1;MODERADO;R02_NO2_MODERADO;Monitorizar evolucão. Sensiveis reduzam atividade ao ar livre.
UCI_Dataset;29/03/05 00:00;1;MODERADO;R02_NO2_MODERADO;Monitorizar evolucão. Sensiveis reduzam atividade ao ar livre.
UCI_Dataset;29/03/05 01:00;0;NORMAL;;Sem ação necessária.
UCI_Dataset;29/03/05 02:00;0;NORMAL;;Sem ação necessária.
UCI_Dataset;29/03/05 03:00;0;NORMAL;;Sem ação necessária.
UCI_Dataset;29/03/05 04:00;0;NORMAL;;Sem ação necessária.
UCI_Dataset;29/03/05 05:00;0;NORMAL;;Sem ação necessária.
UCI_Dataset;29/03/05 06:00;0;NORMAL;;Sem ação necessária.
UCI_Dataset;29/03/05 07:00;1;MODERADO;R02_NO2_MODERADO;Monitorizar evolucão. Sensiveis reduzam atividade ao ar livre.
UCI_Dataset;29/03/05 08:00;1;MODERADO;R02_NO2_MODERADO;Monitorizar evolucão. Sensiveis reduzam atividade ao ar livre.
UCI_Dataset;29/03/05 09:00;1;MODERADO;R02_NO2_MODERADO;Monitorizar evolucão. Sensiveis reduzam atividade ao ar livre.
UCI_Dataset;29/03/05 10:00;1;MODERADO;R02_NO2_MODERADO;Monitorizar evolucão. Sensiveis reduzam atividade ao ar livre.
UCI_Dataset;29/03/05 11:00;1;MODERADO;R02_NO2_MODERADO;Monitorizar evolucão. Sensiveis reduzam atividade ao ar livre.
UCI_Dataset;29/03/05 12:00;1;MODERADO;R02_NO2_MODERADO;Monitorizar evolucão. Sensiveis reduzam atividade ao ar livre.
UCI_Dataset;29/03/05 13:00;1;MODERADO;R02_NO2_MODERADO;Monitorizar evolucão. Sensiveis reduzam atividade ao ar livre.
UCI_Dataset;29/03/05 14:00;1;MODERADO;R02_NO2_MODERADO;Monitorizar evolucão. Sensiveis reduzam atividade ao ar livre.
UCI_Dataset;29/03/05 15:00;1;MODERADO;R02_NO2_MODERADO;Monitorizar evolucão. Sensiveis reduzam atividade ao ar livre.
UCI_Dataset;29/03/05 16:00;1;MODERADO;R02_NO2_MODERADO;Monitorizar evolucão. Sensiveis reduzam atividade ao ar livre.
UCI_Dataset;29/03/05 17:00;1;MODERADO;R02_NO2_MODERADO;Monitorizar evolucão. Sensiveis reduzam atividade ao ar livre.
UCI_Dataset;29/03/05 18:00;1;MODERADO;R02_NO2_MODERADO;Monitorizar evolucão. Sensiveis reduzam atividade ao ar livre.
UCI_Dataset;29/03/05 19:00;1;MODERADO;R02_NO2_MODERADO;Monitorizar evolucão. Sensiveis reduzam atividade ao ar livre.
UCI_Dataset;29/03/05 20:00;1;MODERADO;R02_NO2_MODERADO;Monitorizar evolucão. Sensiveis reduzam atividade ao ar livre.
UCI_Dataset;29/03/05 21:00;1;MODERADO;R02_NO2_MODERADO;Monitorizar evolucão. Sensiveis reduzam atividade ao ar livre.
UCI_Dataset;29/03/05 22:00;1;MODERADO;R02_NO2_MODERADO;Monitorizar evolucão. Sensiveis reduzam atividade ao ar livre.
UCI_Dataset;29/03/05 23:00;1;MODERADO;R02_NO2_MODERADO;Monitorizar evolucão. Sensiveis reduzam atividade ao ar livre.
UCI_Dataset;30/03/05 00:00;1;MODERADO;R02_NO2_MODERADO;Monitorizar evolucão. Sensiveis reduzam atividade ao ar livre.
UCI_Dataset;30/03/05 01:00;0;NORMAL;;Sem ação necessária.
UCI_Dataset;30/03/05 02:00;0;NORMAL;;Sem ação necessária.
UCI_Dataset;30/03/05 03:00;0;NORMAL;;Sem ação necessária.
UCI_Dataset;30/03/05 04:00;0;NORMAL;;Sem ação necessária.
UCI_Dataset;30/03/05 05:00;0;NORMAL;;Sem ação necessária.
UCI_Dataset;30/03/05 06:00;0;NORMAL;;Sem ação necessária.
UCI_Dataset;30/03/05 07:00;1;MODERADO;R02_NO2_MODERADO;Monitorizar evolucão. Sensiveis reduzam atividade ao ar livre.
UCI_Dataset;30/03/05 08:00;1;MODERADO;R02_NO2_MODERADO;Monitorizar evolucão. Sensiveis reduzam atividade ao ar livre.
UCI_Dataset;30/03/05 09:00;1;MODERADO;R02_NO2_MODERADO;Monitorizar evolucão. Sensiveis reduzam atividade ao ar livre.
UCI_Dataset;30/03/05 10:00;1;MODERADO;R02_NO2_MODERADO;Monitorizar evolucão. Sensiveis reduzam atividade ao ar livre.
UCI_Dataset;30/03/05 11:00;1;MODERADO;R02_NO2_MODERADO;Monitorizar evolucão. Sensiveis reduzam atividade ao ar livre.
UCI_Dataset;30/03/05 12:00;1;MODERADO;R02_NO2_MODERADO;Monitorizar evolucão. Sensiveis reduzam atividade ao ar livre.
UCI_Dataset;30/03/05 13:00;1;MODERADO;R02_NO2_MODERADO;Monitorizar evolucão. Sensiveis reduzam atividade ao ar livre.
UCI_Dataset;30/03/05 14:00;1;MODERADO;R02_NO2_MODERADO;Monitorizar evolucão. Sensiveis reduzam atividade ao ar livre.
UCI_Dataset;30/03/05 15:00;1;MODERADO;R02_NO2_MODERADO;Monitorizar evolucão. Sensiveis reduzam atividade ao ar livre.
UCI_Dataset;30/03/05 16:00;1;MODERADO;R02_NO2_MODERADO;Monitorizar evolucão. Sensiveis reduzam atividade ao ar livre.
UCI_Dataset;30/03/05 17:00;1;MODERADO;R02_NO2_MODERADO;Monitorizar evolucão. Sensiveis reduzam atividade ao ar livre.
UCI_Dataset;30/03/05 18:00;1;MODERADO;R02_NO2_MODERADO;Monitorizar evolucão. Sensiveis reduzam atividade ao ar livre.
UCI_Dataset;30/03/05 19:00;1;MODERADO;R02_NO2_MODERADO;Monitorizar evolucão. Sensiveis reduzam atividade ao ar livre.
UCI_Dataset;30/03/05 20:00;1;MODERADO;R02_NO2_MODERADO;Monitorizar evolucão. Sensiveis reduzam atividade ao ar livre.
UCI_Dataset;30/03/05 21:00;1;MODERADO;R02_NO2_MODERADO;Monitorizar evolucão. Sensiveis reduzam atividade ao ar livre.
UCI_Dataset;30/03/05 22:00;1;MODERADO;R02_NO2_MODERADO;Monitorizar evolucão. Sensiveis reduzam atividade ao ar livre.
UCI_Dataset;30/03/05 23:00;1;MODERADO;R02_NO2_MODERADO;Monitorizar evolucão. Sensiveis reduzam atividade ao ar livre.
UCI_Dataset;31/03/05 00:00;1;MODERADO;R02_NO2_MODERADO;Monitorizar evolucão. Sensiveis reduzam atividade ao ar livre.
UCI_Dataset;31/03/05 01:00;0;NORMAL;;Sem ação necessária.
UCI_Dataset;31/03/05 02:00;0;NORMAL;;Sem ação necessária.
UCI_Dataset;31/03/05 03:00;0;NORMAL;;Sem ação necessária.
UCI_Dataset;31/03/05 04:00;0;NORMAL;;Sem ação necessária.
UCI_Dataset;31/03/05 05:00;0;NORMAL;;Sem ação necessária.
UCI_Dataset;31/03/05 06:00;0;NORMAL;;Sem ação necessária.
UCI_Dataset;31/03/05 07:00;1;MODERADO;R02_NO2_MODERADO;Monitorizar evolucão. Sensiveis reduzam atividade ao ar livre.
UCI_Dataset;31/03/05 08:00;1;MODERADO;R02_NO2_MODERADO;Monitorizar evolucão. Sensiveis reduzam atividade ao ar livre.
UCI_Dataset;31/03/05 09:00;1;MODERADO;R02_NO2_MODERADO;Monitorizar evolucão. Sensiveis reduzam atividade ao ar livre.
UCI_Dataset;31/03/05 10:00;1;MODERADO;R02_NO2_MODERADO;Monitorizar evolucão. Sensiveis reduzam atividade ao ar livre.
UCI_Dataset;31/03/05 11:00;1;MODERADO;R02_NO2_MODERADO;Monitorizar evolucão. Sensiveis reduzam atividade ao ar livre.
UCI_Dataset;31/03/05 12:00;1;MODERADO;R02_NO2_MODERADO;Monitorizar evolucão. Sensiveis reduzam atividade ao ar livre.
UCI_Dataset;31/03/05 13:00;1;MODERADO;R02_NO2_MODERADO;Monitorizar evolucão. Sensiveis reduzam atividade ao ar livre.
UCI_Dataset;31/03/05 14:00;0;NORMAL;;Sem ação necessária.
UCI_Dataset;31/03/05 15:00;0;NORMAL;;Sem ação necessária.
UCI_Dataset;31/03/05 16:00;1;MODERADO;R02_NO2_MODERADO;Monitorizar evolucão. Sensiveis reduzam atividade ao ar livre.
UCI_Dataset;31/03/05 17:00;1;MODERADO;R02_NO2_MODERADO;Monitorizar evolucão. Sensiveis reduzam atividade ao ar livre.
UCI_Dataset;31/03/05 18:00;1;MODERADO;R02_NO2_MODERADO;Monitorizar evolucão. Sensiveis reduzam atividade ao ar livre.
UCI_Dataset;31/03/05 19:00;1;MODERADO;R02_NO2_MODERADO;Monitorizar evolucão. Sensiveis reduzam atividade ao ar livre.
UCI_Dataset;31/03/05 20:00;1;MODERADO;R02_NO2_MODERADO;Monitorizar evolucão. Sensiveis reduzam atividade ao ar livre.
UCI_Dataset;31/03/05 21:00;0;NORMAL;;Sem ação necessária.
UCI_Dataset;31/03/05 22:00;0;NORMAL;;Sem ação necessária.
UCI_Dataset;31/03/05 23:00;0;NORMAL;;Sem ação necessária.
UCI_Dataset;01/04/05 00:00;0;NORMAL;;Sem ação necessária.
UCI_Dataset;01/04/05 01:00;0;NORMAL;;Sem ação necessária.
UCI_Dataset;01/04/05 02:00;0;NORMAL;;Sem ação necessária.
UCI_Dataset;01/04/05 03:00;0;NORMAL;;Sem ação necessária.
UCI_Dataset;01/04/05 04:00;0;NORMAL;;Sem ação necessária.
UCI_Dataset;01/04/05 05:00;0;NORMAL;;Sem ação necessária.
UCI_Dataset;01/04/05 06:00;0;NORMAL;;Sem ação necessária.
UCI_Dataset;01/04/05 07:00;1;MODERADO;R02_NO2_MODERADO;Monitorizar evolucão. Sensiveis reduzam atividade ao ar livre.
UCI_Dataset;01/04/05 08:00;1;MODERADO;R02_NO2_MODERADO;Monitorizar evolucão. Sensiveis reduzam atividade ao ar livre.
UCI_Dataset;01/04/05 09:00;1;MODERADO;R02_NO2_MODERADO;Monitorizar evolucão. Sensiveis reduzam atividade ao ar livre.
UCI_Dataset;01/04/05 10:00;1;MODERADO;R02_NO2_MODERADO;Monitorizar evolucão. Sensiveis reduzam atividade ao ar livre.
UCI_Dataset;01/04/05 11:00;1;MODERADO;R02_NO2_MODERADO;Monitorizar evolucão. Sensiveis reduzam atividade ao ar livre.
UCI_Dataset;01/04/05 12:00;1;MODERADO;R02_NO2_MODERADO;Monitorizar evolucão. Sensiveis reduzam atividade ao ar livre.
UCI_Dataset;01/04/05 13:00;1;MODERADO;R02_NO2_MODERADO;Monitorizar evolucão. Sensiveis reduzam atividade ao ar livre.
UCI_Dataset;01/04/05 14:00;1;MODERADO;R02_NO2_MODERADO;Monitorizar evolucão. Sensiveis reduzam atividade ao ar livre.
UCI_Dataset;01/04/05 15:00;1;MODERADO;R02_NO2_MODERADO;Monitorizar evolucão. Sensiveis reduzam atividade ao ar livre.
UCI_Dataset;01/04/05 16:00;1;MODERADO;R02_NO2_MODERADO;Monitorizar evolucão. Sensiveis reduzam atividade ao ar livre.
UCI_Dataset;01/04/05 17:00;1;MODERADO;R02_NO2_MODERADO;Monitorizar evolucão. Sensiveis reduzam atividade ao ar livre.
UCI_Dataset;01/04/05 18:00;1;MODERADO;R02_NO2_MODERADO;Monitorizar evolucão. Sensiveis reduzam atividade ao ar livre.
UCI_Dataset;01/04/05 19:00;1;MODERADO;R02_NO2_MODERADO;Monitorizar evolucão. Sensiveis reduzam atividade ao ar livre.
UCI_Dataset;01/04/05 20:00;1;MODERADO;R02_NO2_MODERADO;Monitorizar evolucão. Sensiveis reduzam atividade ao ar livre.
UCI_Dataset;01/04/05 21:00;1;MODERADO;R02_NO2_MODERADO;Monitorizar evolucão. Sensiveis reduzam atividade ao ar livre.
UCI_Dataset;01/04/05 22:00;0;NORMAL;;Sem ação necessária.
UCI_Dataset;01/04/05 23:00;1;MODERADO;R02_NO2_MODERADO;Monitorizar evolucão. Sensiveis reduzam atividade ao ar livre.
UCI_Dataset;02/04/05 00:00;1;MODERADO;R02_NO2_MODERADO;Monitorizar evolucão. Sensiveis reduzam atividade ao ar livre.
UCI_Dataset;02/04/05 01:00;1;MODERADO;R02_NO2_MODERADO;Monitorizar evolucão. Sensiveis reduzam atividade ao ar livre.
UCI_Dataset;02/04/05 02:00;0;NORMAL;;Sem ação necessária.
UCI_Dataset;02/04/05 03:00;0;NORMAL;;Sem ação necessária.
UCI_Dataset;02/04/05 04:00;0;NORMAL;;Sem ação necessária.
UCI_Dataset;02/04/05 05:00;0;NORMAL;;Sem ação necessária.
UCI_Dataset;02/04/05 06:00;1;MODERADO;R02_NO2_MODERADO;Monitorizar evolucão. Sensiveis reduzam atividade ao ar livre.
UCI_Dataset;02/04/05 07:00;1;MODERADO;R02_NO2_MODERADO;Monitorizar evolucão. Sensiveis reduzam atividade ao ar livre.
UCI_Dataset;02/04/05 08:00;1;MODERADO;R02_NO2_MODERADO;Monitorizar evolucão. Sensiveis reduzam atividade ao ar livre.
UCI_Dataset;02/04/05 09:00;1;MODERADO;R02_NO2_MODERADO;Monitorizar evolucão. Sensiveis reduzam atividade ao ar livre.
UCI_Dataset;02/04/05 10:00;1;MODERADO;R02_NO2_MODERADO;Monitorizar evolucão. Sensiveis reduzam atividade ao ar livre.
UCI_Dataset;02/04/05 11:00;0;NORMAL;;Sem ação necessária.
UCI_Dataset;02/04/05 12:00;0;NORMAL;;Sem ação necessária.
UCI_Dataset;02/04/05 13:00;0;NORMAL;;Sem ação necessária.
UCI_Dataset;02/04/05 14:00;0;NORMAL;;Sem ação necessária.
UCI_Dataset;02/04/05 15:00;0;NORMAL;;Sem ação necessária.
UCI_Dataset;02/04/05 16:00;1;MODERADO;R02_NO2_MODERADO;Monitorizar evolucão. Sensiveis reduzam atividade ao ar livre.
UCI_Dataset;02/04/05 17:00;1;MODERADO;R02_NO2_MODERADO;Monitorizar evolucão. Sensiveis reduzam atividade ao ar livre.
UCI_Dataset;02/04/05 18:00;1;MODERADO;R02_NO2_MODERADO;Monitorizar evolucão. Sensiveis reduzam atividade ao ar livre.
UCI_Dataset;02/04/05 19:00;1;MODERADO;R02_NO2_MODERADO;Monitorizar evolucão. Sensiveis reduzam atividade ao ar livre.
UCI_Dataset;02/04/05 20:00;1;MODERADO;R02_NO2_MODERADO;Monitorizar evolucão. Sensiveis reduzam atividade ao ar livre.
UCI_Dataset;02/04/05 21:00;0;NORMAL;;Sem ação necessária.
UCI_Dataset;02/04/05 22:00;0;NORMAL;;Sem ação necessária.
UCI_Dataset;02/04/05 23:00;0;NORMAL;;Sem ação necessária.
UCI_Dataset;03/04/05 00:00;1;MODERADO;R02_NO2_MODERADO;Monitorizar evolucão. Sensiveis reduzam atividade ao ar livre.
UCI_Dataset;03/04/05 01:00;0;NORMAL;;Sem ação necessária.
UCI_Dataset;03/04/05 02:00;0;NORMAL;;Sem ação necessária.
UCI_Dataset;03/04/05 03:00;0;NORMAL;;Sem ação necessária.
UCI_Dataset;03/04/05 04:00;0;NORMAL;;Sem ação necessária.
UCI_Dataset;03/04/05 05:00;0;NORMAL;;Sem ação necessária.
UCI_Dataset;03/04/05 06:00;0;NORMAL;;Sem ação necessária.
UCI_Dataset;03/04/05 07:00;0;NORMAL;;Sem ação necessária.
UCI_Dataset;03/04/05 08:00;0;NORMAL;;Sem ação necessária.
UCI_Dataset;03/04/05 09:00;1;MODERADO;R02_NO2_MODERADO;Monitorizar evolucão. Sensiveis reduzam atividade ao ar livre.
UCI_Dataset;03/04/05 10:00;1;MODERADO;R02_NO2_MODERADO;Monitorizar evolucão. Sensiveis reduzam atividade ao ar livre.
UCI_Dataset;03/04/05 11:00;1;MODERADO;R02_NO2_MODERADO;Monitorizar evolucão. Sensiveis reduzam atividade ao ar livre.
UCI_Dataset;03/04/05 12:00;1;MODERADO;R02_NO2_MODERADO;Monitorizar evolucão. Sensiveis reduzam atividade ao ar livre.
UCI_Dataset;03/04/05 13:00;0;NORMAL;;Sem ação necessária.
UCI_Dataset;03/04/05 14:00;0;NORMAL;;Sem ação necessária.
UCI_Dataset;03/04/05 15:00;1;MODERADO;R02_NO2_MODERADO;Monitorizar evolucão. Sensiveis reduzam atividade ao ar livre.
UCI_Dataset;03/04/05 16:00;1;MODERADO;R02_NO2_MODERADO;Monitorizar evolucão. Sensiveis reduzam atividade ao ar livre.
UCI_Dataset;03/04/05 17:00;1;MODERADO;R02_NO2_MODERADO;Monitorizar evolucão. Sensiveis reduzam atividade ao ar livre.
UCI_Dataset;03/04/05 18:00;1;MODERADO;R02_NO2_MODERADO;Monitorizar evolucão. Sensiveis reduzam atividade ao ar livre.
UCI_Dataset;03/04/05 19:00;1;MODERADO;R02_NO2_MODERADO;Monitorizar evolucão. Sensiveis reduzam atividade ao ar livre.
UCI_Dataset;03/04/05 20:00;1;MODERADO;R02_NO2_MODERADO;Monitorizar evolucão. Sensiveis reduzam atividade ao ar livre.
UCI_Dataset;03/04/05 21:00;1;MODERADO;R02_NO2_MODERADO;Monitorizar evolucão. Sensiveis reduzam atividade ao ar livre.
UCI_Dataset;03/04/05 22:00;1;MODERADO;R02_NO2_MODERADO;Monitorizar evolucão. Sensiveis reduzam atividade ao ar livre.
UCI_Dataset;03/04/05 23:00;1;MODERADO;R02_NO2_MODERADO;Monitorizar evolucão. Sensiveis reduzam atividade ao ar livre.
UCI_Dataset;04/04/05 00:00;0;NORMAL;;Sem ação necessária.
UCI_Dataset;04/04/05 01:00;0;NORMAL;;Sem ação necessária.
UCI_Dataset;04/04/05 02:00;0;NORMAL;;Sem ação necessária.
UCI_Dataset;04/04/05 03:00;0;NORMAL;;Sem ação necessária.
UCI_Dataset;04/04/05 04:00;0;NORMAL;;Sem ação necessária.
UCI_Dataset;04/04/05 05:00;0;NORMAL;;Sem ação necessária.
UCI_Dataset;04/04/05 06:00;0;NORMAL;;Sem ação necessária.
UCI_Dataset;04/04/05 07:00;1;MODERADO;R02_NO2_MODERADO;Monitorizar evolucão. Sensiveis reduzam atividade ao ar livre.
UCI_Dataset;04/04/05 08:00;1;MODERADO;R02_NO2_MODERADO;Monitorizar evolucão. Sensiveis reduzam atividade ao ar livre.
UCI_Dataset;04/04/05 09:00;1;MODERADO;R02_NO2_MODERADO;Monitorizar evolucão. Sensiveis reduzam atividade ao ar livre.
UCI_Dataset;04/04/05 10:00;1;MODERADO;R02_NO2_MODERADO;Monitorizar evolucão. Sensiveis reduzam atividade ao ar livre.
UCI_Dataset;04/04/05 11:00;1;MODERADO;R02_NO2_MODERADO;Monitorizar evolucão. Sensiveis reduzam atividade ao ar livre.
UCI_Dataset;04/04/05 12:00;1;MODERADO;R02_NO2_MODERADO;Monitorizar evolucão. Sensiveis reduzam atividade ao ar livre.
UCI_Dataset;04/04/05 13:00;1;MODERADO;R02_NO2_MODERADO;Monitorizar evolucão. Sensiveis reduzam atividade ao ar livre.
UCI_Dataset;04/04/05 14:00;1;MODERADO;R02_NO2_MODERADO;Monitorizar evolucão. Sensiveis reduzam atividade ao ar livre.
